Year,Month,Week,Category,Brand,Product_Name,Weekly_Units_Sold,Weekly_Revenue,Weekly_Margin,Average_Stock,Lag_1,Lag_2,Lag_3,Rolling_4_Week_Avg,Target,Product_Encoded,Lag_4,Rolling_8_Week_Avg,Category_Encoded,Brand_Encoded
2024,2,9,Snacks,Britannia,50-50 Biscuit,12,2164.3525903305886,439.22361378100777,306.3333333333333,15.0,34.0,38.0,24.75,16.0,0,11.0,22.0,6,1
2024,3,9,Snacks,Britannia,50-50 Biscuit,16,1721.51254201332,335.8173736124061,266.5,12.0,15.0,34.0,19.25,33.0,0,38.0,20.375,6,1
2024,3,10,Snacks,Britannia,50-50 Biscuit,33,4721.749388770586,744.7264015244801,220.9,16.0,12.0,15.0,19.0,30.0,0,34.0,20.375,6,1
2024,3,11,Snacks,Britannia,50-50 Biscuit,30,5145.786543687306,1020.856026131967,228.4,33.0,16.0,12.0,22.75,17.0,0,15.0,23.625,6,1
2024,3,12,Snacks,Britannia,50-50 Biscuit,17,1468.1538268128097,318.3987724835863,271.8,30.0,33.0,16.0,24.0,46.0,0,12.0,24.375,6,1
2024,3,13,Snacks,Britannia,50-50 Biscuit,46,5977.342358737315,1288.0997729403107,233.4375,17.0,30.0,33.0,31.5,33.0,0,16.0,25.375,6,1
2024,4,14,Snacks,Britannia,50-50 Biscuit,33,3799.8910792272836,691.5051849753918,291.22222222222223,46.0,17.0,30.0,31.5,18.0,0,33.0,25.25,6,1
2024,4,15,Snacks,Britannia,50-50 Biscuit,18,2561.9359625906413,638.7933586533245,251.83333333333334,33.0,46.0,17.0,28.5,27.0,0,30.0,25.625,6,1
2024,4,16,Snacks,Britannia,50-50 Biscuit,27,4388.230276143255,1012.8896582483145,275.0,18.0,33.0,46.0,31.0,16.0,0,17.0,27.5,6,1
2024,4,17,Snacks,Britannia,50-50 Biscuit,16,2114.9057042468753,464.0988205803201,324.85714285714283,27.0,18.0,33.0,23.5,8.0,0,46.0,27.5,6,1
2024,4,18,Snacks,Britannia,50-50 Biscuit,8,710.0819537410439,152.14350134530073,213.33333333333334,16.0,27.0,18.0,17.25,26.0,0,33.0,24.375,6,1
2024,5,18,Snacks,Britannia,50-50 Biscuit,26,4026.6989581453427,940.709605091706,242.5,8.0,16.0,27.0,19.25,13.0,0,18.0,23.875,6,1
2024,5,19,Snacks,Britannia,50-50 Biscuit,13,2815.5606844605445,777.6319922048772,281.6666666666667,26.0,8.0,16.0,15.75,54.0,0,27.0,23.375,6,1
2024,5,20,Snacks,Britannia,50-50 Biscuit,54,7447.0458066971205,1549.7589728076655,243.69230769230768,13.0,26.0,8.0,25.25,19.0,0,16.0,24.375,6,1
2024,5,21,Snacks,Britannia,50-50 Biscuit,19,2717.8847173808217,514.419187907487,328.3333333333333,54.0,13.0,26.0,28.0,6.0,0,8.0,22.625,6,1
2024,5,22,Snacks,Britannia,50-50 Biscuit,6,745.0527727068777,190.1497297333723,220.66666666666666,19.0,54.0,13.0,23.0,19.0,0,26.0,21.125,6,1
2024,6,22,Snacks,Britannia,50-50 Biscuit,19,2438.10813758726,452.33370635251913,214.0,6.0,19.0,54.0,24.5,25.0,0,13.0,20.125,6,1
2024,6,23,Snacks,Britannia,50-50 Biscuit,25,2835.895340063258,442.7450700850366,304.125,19.0,6.0,19.0,17.25,20.0,0,54.0,21.25,6,1
2024,6,24,Snacks,Britannia,50-50 Biscuit,20,3380.1294140042673,704.8441854873195,289.44444444444446,25.0,19.0,6.0,17.5,28.0,0,19.0,22.75,6,1
2024,6,25,Snacks,Britannia,50-50 Biscuit,28,4167.43322140271,618.4880822788564,341.1818181818182,20.0,25.0,19.0,23.0,27.0,0,6.0,23.0,6,1
2024,6,26,Snacks,Britannia,50-50 Biscuit,27,4637.088763594801,938.3667276023608,193.55555555555554,28.0,20.0,25.0,25.0,25.0,0,19.0,24.75,6,1
2024,7,27,Snacks,Britannia,50-50 Biscuit,25,3361.5542045841157,569.3933829281696,362.875,27.0,28.0,20.0,25.0,48.0,0,25.0,21.125,6,1
2024,7,28,Snacks,Britannia,50-50 Biscuit,48,4897.774210229721,1105.6898416678082,276.0,25.0,27.0,28.0,32.0,31.0,0,20.0,24.75,6,1
2024,7,29,Snacks,Britannia,50-50 Biscuit,31,4734.89906830468,1076.6234842121562,285.3333333333333,48.0,25.0,27.0,32.75,32.0,0,28.0,27.875,6,1
2024,7,30,Snacks,Britannia,50-50 Biscuit,32,2983.04367017287,668.6193354108829,312.4,31.0,48.0,25.0,34.0,14.0,0,27.0,29.5,6,1
2024,7,31,Snacks,Britannia,50-50 Biscuit,14,2660.3750181229057,559.6124352811757,343.5,32.0,31.0,48.0,31.25,23.0,0,25.0,28.125,6,1
2024,8,31,Snacks,Britannia,50-50 Biscuit,23,3914.7027504301077,869.6354736707535,281.1666666666667,14.0,32.0,31.0,25.0,49.0,0,48.0,28.5,6,1
2024,8,32,Snacks,Britannia,50-50 Biscuit,49,7075.995931899675,1417.4688988923056,258.53846153846155,23.0,14.0,32.0,29.5,39.0,0,31.0,31.125,6,1
2024,8,33,Snacks,Britannia,50-50 Biscuit,39,3827.5757585971637,655.9413312983735,271.4166666666667,49.0,23.0,14.0,31.25,12.0,0,32.0,32.625,6,1
2024,8,34,Snacks,Britannia,50-50 Biscuit,12,1202.4160341566992,195.4967068341324,300.0,39.0,49.0,23.0,30.75,28.0,0,14.0,31.0,6,1
2024,8,35,Snacks,Britannia,50-50 Biscuit,28,3415.4716574541026,573.3943558340902,273.42857142857144,12.0,39.0,49.0,32.0,21.0,0,23.0,28.5,6,1
2024,9,36,Snacks,Britannia,50-50 Biscuit,21,4010.9532324607435,849.0700708551204,301.375,28.0,12.0,39.0,25.0,29.0,0,49.0,27.25,6,1
2024,9,37,Snacks,Britannia,50-50 Biscuit,29,3906.4016029650484,796.7080135281836,341.2307692307692,21.0,28.0,12.0,22.5,21.0,0,39.0,26.875,6,1
2024,9,38,Snacks,Britannia,50-50 Biscuit,21,2031.044721463366,217.7475865592221,240.625,29.0,21.0,28.0,24.75,31.0,0,12.0,27.75,6,1
2024,9,39,Snacks,Britannia,50-50 Biscuit,31,5207.583405195905,976.0664037372688,308.7,21.0,29.0,21.0,25.5,5.0,0,28.0,28.75,6,1
2024,9,40,Snacks,Britannia,50-50 Biscuit,5,725.329942621638,83.49194653983773,397.0,31.0,21.0,29.0,21.5,27.0,0,21.0,23.25,6,1
2024,10,40,Snacks,Britannia,50-50 Biscuit,27,3980.521179027975,606.2239966740686,282.3333333333333,5.0,31.0,21.0,21.0,17.0,0,29.0,21.75,6,1
2024,10,41,Snacks,Britannia,50-50 Biscuit,17,2781.8419949732047,646.7483853764808,342.2,27.0,5.0,31.0,20.0,27.0,0,21.0,22.375,6,1
2024,10,42,Snacks,Britannia,50-50 Biscuit,27,4442.49996455851,1126.3297815610817,256.6666666666667,17.0,27.0,5.0,19.0,20.0,0,31.0,22.25,6,1
2024,10,43,Snacks,Britannia,50-50 Biscuit,20,3299.1084326502964,811.842850996045,293.8333333333333,27.0,17.0,27.0,22.75,28.0,0,5.0,22.125,6,1
2024,10,44,Snacks,Britannia,50-50 Biscuit,28,4068.07087871941,950.4061931865226,287.42857142857144,20.0,27.0,17.0,23.0,14.0,0,27.0,22.0,6,1
2024,11,44,Snacks,Britannia,50-50 Biscuit,14,2406.1001414718535,446.9454568508779,262.3333333333333,28.0,20.0,27.0,22.25,37.0,0,17.0,21.125,6,1
2024,11,45,Snacks,Britannia,50-50 Biscuit,37,5310.495235086962,980.1445890850279,265.73333333333335,14.0,28.0,20.0,24.75,12.0,0,27.0,21.875,6,1
2024,11,46,Snacks,Britannia,50-50 Biscuit,12,1536.9723586073137,349.84832146602696,308.25,37.0,14.0,28.0,22.75,46.0,0,20.0,22.75,6,1
2024,11,47,Snacks,Britannia,50-50 Biscuit,46,4414.693445672736,685.2075855327103,224.3125,12.0,37.0,14.0,27.25,32.0,0,28.0,25.125,6,1
2024,11,48,Snacks,Britannia,50-50 Biscuit,32,4569.72693403638,769.73062631816,248.44444444444446,46.0,12.0,37.0,31.75,5.0,0,14.0,27.0,6,1
2024,12,48,Snacks,Britannia,50-50 Biscuit,5,844.4527421278644,184.45086716948794,197.0,32.0,46.0,12.0,23.75,37.0,0,37.0,24.25,6,1
2024,12,49,Snacks,Britannia,50-50 Biscuit,37,5541.9675704152705,1242.9218574116107,288.5833333333333,5.0,32.0,46.0,30.0,14.0,0,12.0,26.375,6,1
2024,12,50,Snacks,Britannia,50-50 Biscuit,14,2040.5251231125246,438.74343611786844,325.6666666666667,37.0,5.0,32.0,22.0,25.0,0,46.0,24.625,6,1
2024,12,51,Snacks,Britannia,50-50 Biscuit,25,3410.471246455221,885.5785455835961,321.0,14.0,37.0,5.0,20.25,39.0,0,32.0,26.0,6,1
2024,2,9,Beverages,PepsiCo,7UP Bottle,4,473.6290144239522,84.34070995809965,266.0,14.0,59.0,27.0,26.0,2.0,1,18.0,24.25,0,6
2024,3,9,Beverages,PepsiCo,7UP Bottle,2,139.3223434429455,34.0922699560067,438.0,4.0,14.0,59.0,19.75,29.0,1,27.0,20.5,0,6
2024,3,10,Beverages,PepsiCo,7UP Bottle,29,3456.4869263120045,560.6110488836578,287.0,2.0,4.0,14.0,12.25,18.0,1,59.0,20.75,0,6
2024,3,11,Beverages,PepsiCo,7UP Bottle,18,2185.514782785016,473.57980315344685,233.66666666666666,29.0,2.0,4.0,13.25,27.0,1,14.0,21.375,0,6
2024,3,12,Beverages,PepsiCo,7UP Bottle,27,3153.9551403757687,686.0271402075642,312.2,18.0,29.0,2.0,19.0,45.0,1,4.0,22.5,0,6
2024,3,13,Beverages,PepsiCo,7UP Bottle,45,6181.42793289842,927.1815380510792,256.1818181818182,27.0,18.0,29.0,29.75,53.0,1,2.0,24.75,0,6
2024,4,14,Beverages,PepsiCo,7UP Bottle,53,8168.681999283606,1742.4809440365407,243.14285714285714,45.0,27.0,18.0,35.75,18.0,1,29.0,24.0,0,6
2024,4,15,Beverages,PepsiCo,7UP Bottle,18,2700.6651737344587,589.5461147740635,291.2,53.0,45.0,27.0,35.75,18.0,1,18.0,24.5,0,6
2024,4,16,Beverages,PepsiCo,7UP Bottle,18,2240.481360555437,428.32981891023536,245.0,18.0,53.0,45.0,33.5,50.0,1,27.0,26.25,0,6
2024,4,17,Beverages,PepsiCo,7UP Bottle,50,9099.958988331817,2030.2690067526132,314.53333333333336,18.0,18.0,53.0,34.75,6.0,1,45.0,32.25,0,6
2024,4,18,Beverages,PepsiCo,7UP Bottle,6,773.9512927871592,193.2458458688341,211.33333333333334,50.0,18.0,18.0,23.0,14.0,1,53.0,29.375,0,6
2024,5,18,Beverages,PepsiCo,7UP Bottle,14,1881.6514454814908,529.1231013997434,319.75,6.0,50.0,18.0,22.0,25.0,1,18.0,28.875,0,6
2024,5,19,Beverages,PepsiCo,7UP Bottle,25,4238.889090906927,737.9876165451623,348.85714285714283,14.0,6.0,50.0,23.75,20.0,1,18.0,28.625,0,6
2024,5,20,Beverages,PepsiCo,7UP Bottle,20,2522.0865806013894,353.6083629897828,303.2857142857143,25.0,14.0,6.0,16.25,26.0,1,50.0,25.5,0,6
2024,5,21,Beverages,PepsiCo,7UP Bottle,26,3464.5139592355654,616.2032525022869,264.5,20.0,25.0,14.0,21.25,15.0,1,6.0,22.125,0,6
2024,5,22,Beverages,PepsiCo,7UP Bottle,15,1645.9613554983684,316.2927793377688,208.0,26.0,20.0,25.0,21.5,13.0,1,14.0,21.75,0,6
2024,6,22,Beverages,PepsiCo,7UP Bottle,13,1324.7212422341795,333.26473292851585,364.2,15.0,26.0,20.0,18.5,16.0,1,25.0,21.125,0,6
2024,6,23,Beverages,PepsiCo,7UP Bottle,16,1209.5558792270895,234.00850532887875,410.0,13.0,15.0,26.0,17.5,22.0,1,20.0,16.875,0,6
2024,6,24,Beverages,PepsiCo,7UP Bottle,22,3274.327654331885,543.3859240819135,203.5,16.0,13.0,15.0,16.5,28.0,1,26.0,18.875,0,6
2024,6,25,Beverages,PepsiCo,7UP Bottle,28,4016.229958405075,952.5432617839141,250.6,22.0,16.0,13.0,19.75,24.0,1,15.0,20.625,0,6
2024,6,26,Beverages,PepsiCo,7UP Bottle,24,3394.5662321746845,781.095797798385,267.57142857142856,28.0,22.0,16.0,22.5,19.0,1,13.0,20.5,0,6
2024,7,27,Beverages,PepsiCo,7UP Bottle,19,3101.6814921359473,740.899707110058,273.6666666666667,24.0,28.0,22.0,23.25,26.0,1,16.0,20.375,0,6
2024,7,28,Beverages,PepsiCo,7UP Bottle,26,2871.8102530552137,539.1867265831559,271.85714285714283,19.0,24.0,28.0,24.25,29.0,1,22.0,20.375,0,6
2024,7,29,Beverages,PepsiCo,7UP Bottle,29,3849.2912213120553,832.9590178165731,214.7,26.0,19.0,24.0,24.5,35.0,1,28.0,22.125,0,6
2024,7,30,Beverages,PepsiCo,7UP Bottle,35,4972.168098885331,1059.347635335156,294.27272727272725,29.0,26.0,19.0,27.25,3.0,1,24.0,24.875,0,6
2024,7,31,Beverages,PepsiCo,7UP Bottle,3,340.9988492089957,27.869783959474432,273.0,35.0,29.0,26.0,23.25,23.0,1,19.0,23.25,0,6
2024,8,31,Beverages,PepsiCo,7UP Bottle,23,3785.167475384225,588.0258990297983,313.85714285714283,3.0,35.0,29.0,22.5,27.0,1,26.0,23.375,0,6
2024,8,32,Beverages,PepsiCo,7UP Bottle,27,2854.569084166245,590.3466747754886,242.27272727272728,23.0,3.0,35.0,22.0,23.0,1,29.0,23.25,0,6
2024,8,33,Beverages,PepsiCo,7UP Bottle,23,3249.0028249526986,571.3569396919885,203.5,27.0,23.0,3.0,19.0,26.0,1,35.0,23.125,0,6
2024,8,34,Beverages,PepsiCo,7UP Bottle,26,4228.477508904589,840.7615305270035,320.8333333333333,23.0,27.0,23.0,24.75,28.0,1,3.0,24.0,0,6
2024,8,35,Beverages,PepsiCo,7UP Bottle,28,3603.7006676859905,682.168726828211,254.77777777777777,26.0,23.0,27.0,26.0,6.0,1,23.0,24.25,0,6
2024,9,35,Beverages,PepsiCo,7UP Bottle,6,485.98280830148656,106.5580985907803,441.0,28.0,26.0,23.0,20.75,36.0,1,27.0,21.375,0,6
2024,9,36,Beverages,PepsiCo,7UP Bottle,36,3557.5843627741533,642.4093417084247,284.0,6.0,28.0,26.0,24.0,24.0,1,23.0,21.5,0,6
2024,9,37,Beverages,PepsiCo,7UP Bottle,24,3744.408873895576,870.4265956709132,312.5,36.0,6.0,28.0,23.5,40.0,1,26.0,24.125,0,6
2024,9,38,Beverages,PepsiCo,7UP Bottle,40,4744.226051699961,735.1749189358168,190.42857142857142,24.0,36.0,6.0,26.5,33.0,1,28.0,26.25,0,6
2024,9,39,Beverages,PepsiCo,7UP Bottle,33,3910.6905829392426,559.2271350899716,352.2,40.0,24.0,36.0,33.25,8.0,1,6.0,27.0,0,6
2024,9,40,Beverages,PepsiCo,7UP Bottle,8,1202.051934014912,310.7675357479386,166.5,33.0,40.0,24.0,26.25,43.0,1,36.0,25.125,0,6
2024,10,40,Beverages,PepsiCo,7UP Bottle,43,5004.407090502053,986.3094968867548,255.4,8.0,33.0,40.0,31.0,35.0,1,24.0,27.25,0,6
2024,10,41,Beverages,PepsiCo,7UP Bottle,35,4672.445660290283,945.9778732790551,273.2142857142857,43.0,8.0,33.0,29.75,40.0,1,40.0,28.125,0,6
2024,10,42,Beverages,PepsiCo,7UP Bottle,40,6185.553291292686,1259.1803610793684,336.38461538461536,35.0,43.0,8.0,31.5,33.0,1,33.0,32.375,0,6
2024,10,43,Beverages,PepsiCo,7UP Bottle,33,2996.2506474889997,432.5273532099885,317.72727272727275,40.0,35.0,43.0,37.75,19.0,1,8.0,32.0,0,6
2024,10,44,Beverages,PepsiCo,7UP Bottle,19,2001.997192079563,264.7054593368947,221.66666666666666,33.0,40.0,35.0,31.75,11.0,1,43.0,31.375,0,6
2024,11,44,Beverages,PepsiCo,7UP Bottle,11,980.5172673673812,220.09662759284342,135.5,19.0,33.0,40.0,25.75,17.0,1,35.0,27.75,0,6
2024,11,45,Beverages,PepsiCo,7UP Bottle,17,2491.6491659642647,580.0977526636307,432.6,11.0,19.0,33.0,20.0,41.0,1,40.0,25.75,0,6
2024,11,46,Beverages,PepsiCo,7UP Bottle,41,4435.406849742209,831.5424081713131,287.35714285714283,17.0,11.0,19.0,22.0,27.0,1,33.0,29.875,0,6
2024,11,47,Beverages,PepsiCo,7UP Bottle,27,4311.512005083457,1019.7328034391787,277.55555555555554,41.0,17.0,11.0,24.0,26.0,1,19.0,27.875,0,6
2024,11,48,Beverages,PepsiCo,7UP Bottle,26,2900.5529206368774,429.9953911357983,255.9,27.0,41.0,17.0,27.75,1.0,1,11.0,26.75,0,6
2024,12,48,Beverages,PepsiCo,7UP Bottle,1,191.41774113409016,13.815312203633425,56.0,26.0,27.0,41.0,23.75,40.0,1,17.0,21.875,0,6
2024,12,49,Beverages,PepsiCo,7UP Bottle,40,5279.495935507977,979.0642777218316,328.0,1.0,26.0,27.0,23.5,18.0,1,41.0,22.75,0,6
2024,12,50,Beverages,PepsiCo,7UP Bottle,18,935.6854938798899,167.61954994561233,235.33333333333334,40.0,1.0,26.0,21.25,29.0,1,27.0,22.625,0,6
2024,12,51,Beverages,PepsiCo,7UP Bottle,29,3819.43729446896,756.5420303498092,242.8,18.0,40.0,1.0,22.0,31.0,1,26.0,24.875,0,6
2024,2,9,Grocery,ITC,Aashirvaad Atta,46,5525.90151271674,974.1219891108772,282.0769230769231,37.0,47.0,35.0,41.25,24.0,2,16.0,36.625,3,3
2024,3,9,Grocery,ITC,Aashirvaad Atta,24,3936.6117991857855,723.4358862679743,245.77777777777777,46.0,37.0,47.0,38.5,33.0,2,35.0,36.125,3,3
2024,3,10,Grocery,ITC,Aashirvaad Atta,33,4096.568746301918,883.868959138609,180.0,24.0,46.0,37.0,35.0,55.0,2,47.0,34.0,3,3
2024,3,11,Grocery,ITC,Aashirvaad Atta,55,7036.3105849994445,1716.5375645901215,300.94736842105266,33.0,24.0,46.0,39.5,55.0,2,37.0,36.625,3,3
2024,3,12,Grocery,ITC,Aashirvaad Atta,55,6772.273459038828,1467.0022536028214,235.6875,55.0,33.0,24.0,41.75,31.0,2,46.0,41.5,3,3
2024,3,13,Grocery,ITC,Aashirvaad Atta,31,3862.4010777006697,819.7725476338268,326.1666666666667,55.0,55.0,33.0,43.5,35.0,2,24.0,41.0,3,3
2024,4,14,Grocery,ITC,Aashirvaad Atta,35,4610.047634575727,1103.0893867668622,280.85714285714283,31.0,55.0,55.0,44.0,38.0,2,33.0,39.5,3,3
2024,4,15,Grocery,ITC,Aashirvaad Atta,38,5235.151321720012,1199.0528801132596,301.1666666666667,35.0,31.0,55.0,39.75,36.0,2,55.0,39.625,3,3
2024,4,16,Grocery,ITC,Aashirvaad Atta,36,5238.503050730069,1157.4637622175458,257.53333333333336,38.0,35.0,31.0,35.0,31.0,2,55.0,38.375,3,3
2024,4,17,Grocery,ITC,Aashirvaad Atta,31,4114.135553939741,862.076596681971,276.1111111111111,36.0,38.0,35.0,35.0,6.0,2,31.0,39.25,3,3
2024,4,18,Grocery,ITC,Aashirvaad Atta,6,1223.408584820401,222.95194473595365,281.0,31.0,36.0,38.0,27.75,37.0,2,35.0,35.875,3,3
2024,5,18,Grocery,ITC,Aashirvaad Atta,37,3589.4743745971227,782.0447003769582,269.8,6.0,31.0,36.0,27.5,22.0,2,38.0,33.625,3,3
2024,5,19,Grocery,ITC,Aashirvaad Atta,22,3360.179160852864,656.5636345436108,249.0,37.0,6.0,31.0,24.0,55.0,2,36.0,29.5,3,3
2024,5,20,Grocery,ITC,Aashirvaad Atta,55,7365.963546864226,1449.335513919589,303.52941176470586,22.0,37.0,6.0,30.0,51.0,2,31.0,32.5,3,3
2024,5,21,Grocery,ITC,Aashirvaad Atta,51,7031.757512507057,1578.1587897791594,244.26315789473685,55.0,22.0,37.0,41.25,32.0,2,6.0,34.5,3,3
2024,5,22,Grocery,ITC,Aashirvaad Atta,32,3917.1414978375406,906.9265573098353,288.2,51.0,55.0,22.0,40.0,12.0,2,37.0,33.75,3,3
2024,6,22,Grocery,ITC,Aashirvaad Atta,12,1526.3885805500918,358.610468371348,233.25,32.0,51.0,55.0,37.5,53.0,2,22.0,30.75,3,3
2024,6,23,Grocery,ITC,Aashirvaad Atta,53,6711.235546655964,1228.7734047454874,326.93333333333334,12.0,32.0,51.0,37.0,60.0,2,55.0,33.5,3,3
2024,6,24,Grocery,ITC,Aashirvaad Atta,60,7300.560403714791,1160.2174362498083,270.0,53.0,12.0,32.0,39.25,50.0,2,51.0,40.25,3,3
2024,6,25,Grocery,ITC,Aashirvaad Atta,50,7240.31164002466,1383.6307189126044,219.1764705882353,60.0,53.0,12.0,43.75,39.0,2,32.0,41.875,3,3
2024,6,26,Grocery,ITC,Aashirvaad Atta,39,6145.53259443838,1261.6631223494785,266.5,50.0,60.0,53.0,50.5,58.0,2,12.0,44.0,3,3
2024,7,27,Grocery,ITC,Aashirvaad Atta,58,8466.048563449975,1662.8273560534496,268.1111111111111,39.0,50.0,60.0,51.75,40.0,2,53.0,44.375,3,3
2024,7,28,Grocery,ITC,Aashirvaad Atta,40,5768.522807333071,849.3784066612016,305.6923076923077,58.0,39.0,50.0,46.75,71.0,2,60.0,43.0,3,3
2024,7,29,Grocery,ITC,Aashirvaad Atta,71,9863.04055722595,2056.5277679481032,295.8,40.0,58.0,39.0,52.0,36.0,2,50.0,47.875,3,3
2024,7,30,Grocery,ITC,Aashirvaad Atta,36,5949.977339323185,1083.4770734191986,294.9166666666667,71.0,40.0,58.0,51.25,19.0,2,39.0,50.875,3,3
2024,7,31,Grocery,ITC,Aashirvaad Atta,19,2616.4000308362893,605.1172462140244,198.4,36.0,71.0,40.0,41.5,57.0,2,58.0,46.625,3,3
2024,8,31,Grocery,ITC,Aashirvaad Atta,57,7410.314933415595,1290.809734450318,168.8235294117647,19.0,36.0,71.0,45.75,55.0,2,40.0,46.25,3,3
2024,8,32,Grocery,ITC,Aashirvaad Atta,55,7675.846938970343,1510.1100885089024,294.55555555555554,57.0,19.0,36.0,41.75,51.0,2,71.0,46.875,3,3
2024,8,33,Grocery,ITC,Aashirvaad Atta,51,7630.8459346214095,1561.4257314201038,244.88888888888889,55.0,57.0,19.0,45.5,55.0,2,36.0,48.375,3,3
2024,8,34,Grocery,ITC,Aashirvaad Atta,55,8111.08292344843,1773.6832341186218,257.44444444444446,51.0,55.0,57.0,54.5,42.0,2,19.0,48.0,3,3
2024,8,35,Grocery,ITC,Aashirvaad Atta,42,4902.852128746465,1173.3440016331845,287.6875,55.0,51.0,55.0,50.75,15.0,2,57.0,48.25,3,3
2024,9,35,Grocery,ITC,Aashirvaad Atta,15,1518.3628223371998,346.6999859446101,251.0,42.0,55.0,51.0,40.75,30.0,2,55.0,41.25,3,3
2024,9,36,Grocery,ITC,Aashirvaad Atta,30,3574.167015911357,699.740385995357,235.0909090909091,15.0,42.0,55.0,35.5,33.0,2,51.0,40.5,3,3
2024,9,37,Grocery,ITC,Aashirvaad Atta,33,3732.85856107096,556.8648797767712,273.1,30.0,15.0,42.0,30.0,44.0,2,55.0,42.25,3,3
2024,9,38,Grocery,ITC,Aashirvaad Atta,44,4516.41851903543,936.5209629940816,264.1875,33.0,30.0,15.0,30.5,31.0,2,42.0,40.625,3,3
2024,9,39,Grocery,ITC,Aashirvaad Atta,31,3915.9510390907585,871.5686467252666,281.4166666666667,44.0,33.0,30.0,34.5,34.0,2,15.0,37.625,3,3
2024,10,40,Grocery,ITC,Aashirvaad Atta,34,5827.3563970863215,1146.3988710159656,287.2,31.0,44.0,33.0,35.5,36.0,2,30.0,35.5,3,3
2024,10,41,Grocery,ITC,Aashirvaad Atta,36,5072.158762724886,1068.1438681599866,302.1,34.0,31.0,44.0,36.25,40.0,2,33.0,33.125,3,3
2024,10,42,Grocery,ITC,Aashirvaad Atta,40,4734.0524619927255,999.8475652708837,232.0,36.0,34.0,31.0,35.25,41.0,2,44.0,32.875,3,3
2024,10,43,Grocery,ITC,Aashirvaad Atta,41,5622.25437523561,1041.008685246832,301.14285714285717,40.0,36.0,34.0,37.75,44.0,2,31.0,36.125,3,3
2024,10,44,Grocery,ITC,Aashirvaad Atta,44,5575.556115684444,1168.0355005441845,342.53846153846155,41.0,40.0,36.0,40.25,18.0,2,34.0,37.875,3,3
2024,11,44,Grocery,ITC,Aashirvaad Atta,18,3243.5709814999846,819.5793122735017,308.8333333333333,44.0,41.0,40.0,35.75,41.0,2,36.0,36.0,3,3
2024,11,45,Grocery,ITC,Aashirvaad Atta,41,3885.019178043175,856.207337548639,256.85714285714283,18.0,44.0,41.0,36.0,50.0,2,40.0,35.625,3,3
2024,11,46,Grocery,ITC,Aashirvaad Atta,50,8560.323082181601,1700.4625635391199,263.625,41.0,18.0,44.0,38.25,50.0,2,41.0,38.0,3,3
2024,11,47,Grocery,ITC,Aashirvaad Atta,50,7417.529345619219,1537.011332879672,239.73333333333332,50.0,41.0,18.0,39.75,38.0,2,44.0,40.0,3,3
2024,11,48,Grocery,ITC,Aashirvaad Atta,38,4404.3653164194175,874.1957193493157,232.72727272727272,50.0,50.0,41.0,44.75,10.0,2,18.0,40.25,3,3
2024,12,48,Grocery,ITC,Aashirvaad Atta,10,1155.569516660142,215.6166247813748,215.75,38.0,50.0,50.0,37.0,63.0,2,41.0,36.5,3,3
2024,12,49,Grocery,ITC,Aashirvaad Atta,63,8337.708241414539,1472.3122582142455,296.9375,10.0,38.0,50.0,40.25,58.0,2,50.0,39.25,3,3
2024,12,50,Grocery,ITC,Aashirvaad Atta,58,8003.948582946803,1944.8200274498258,269.8333333333333,63.0,10.0,38.0,42.25,46.0,2,50.0,41.0,3,3
2024,12,51,Grocery,ITC,Aashirvaad Atta,46,5929.951149583497,1373.1017895610169,241.8125,58.0,63.0,10.0,44.25,62.0,2,38.0,44.5,3,3
2024,2,9,Dairy,Amul,Amul Butter,8,1171.0776976062457,160.38100903744225,243.66666666666666,16.0,26.0,27.0,19.25,12.0,3,10.0,17.875,1,0
2024,3,9,Dairy,Amul,Amul Butter,12,1853.2707503364131,350.0815562717827,278.0,8.0,16.0,26.0,15.5,37.0,3,27.0,15.875,1,0
2024,3,10,Dairy,Amul,Amul Butter,37,4294.245612719691,616.6755552236893,237.16666666666666,12.0,8.0,16.0,18.25,44.0,3,26.0,18.0,1,0
2024,3,11,Dairy,Amul,Amul Butter,44,6286.056311298216,1434.0542078108233,272.25,37.0,12.0,8.0,25.25,26.0,3,16.0,22.5,1,0
2024,3,12,Dairy,Amul,Amul Butter,26,3436.7181440333784,762.582573068704,316.75,44.0,37.0,12.0,29.75,10.0,3,8.0,24.5,1,0
2024,3,13,Dairy,Amul,Amul Butter,10,1515.209156027306,347.3945890046828,266.4,26.0,44.0,37.0,29.25,10.0,3,12.0,22.375,1,0
2024,4,14,Dairy,Amul,Amul Butter,10,604.7096913874541,152.28669250996,240.0,10.0,26.0,44.0,22.5,19.0,3,37.0,20.375,1,0
2024,4,15,Dairy,Amul,Amul Butter,19,2266.3963189884516,443.04192078276577,344.2857142857143,10.0,10.0,26.0,16.25,18.0,3,44.0,20.75,1,0
2024,4,16,Dairy,Amul,Amul Butter,18,2543.5205962218306,496.33756225314255,213.83333333333334,19.0,10.0,10.0,14.25,7.0,3,26.0,22.0,1,0
2024,4,17,Dairy,Amul,Amul Butter,7,770.6240546748251,166.96635730326278,180.66666666666666,18.0,19.0,10.0,13.5,4.0,3,10.0,21.375,1,0
2024,4,18,Dairy,Amul,Amul Butter,4,375.06848493274765,54.43950220962725,245.0,7.0,18.0,19.0,12.0,20.0,3,10.0,17.25,1,0
2024,5,18,Dairy,Amul,Amul Butter,20,2172.560699968411,407.36923834175803,342.85714285714283,4.0,7.0,18.0,12.25,31.0,3,19.0,14.25,1,0
2024,5,19,Dairy,Amul,Amul Butter,31,4489.553242401727,1092.3031680921572,299.25,20.0,4.0,7.0,15.5,11.0,3,18.0,14.875,1,0
2024,5,20,Dairy,Amul,Amul Butter,11,1507.0638556208755,299.34139030268824,101.0,31.0,20.0,4.0,16.5,8.0,3,7.0,15.0,1,0
2024,5,21,Dairy,Amul,Amul Butter,8,532.6621655712943,82.69528943748175,333.75,11.0,31.0,20.0,17.5,25.0,3,4.0,14.75,1,0
2024,5,22,Dairy,Amul,Amul Butter,25,1901.259386400883,293.73070912760784,252.28571428571428,8.0,11.0,31.0,18.75,11.0,3,20.0,15.5,1,0
2024,6,22,Dairy,Amul,Amul Butter,11,1337.825920158211,394.07101139484075,163.66666666666666,25.0,8.0,11.0,13.75,17.0,3,31.0,14.625,1,0
2024,6,23,Dairy,Amul,Amul Butter,17,3254.2473787801628,723.3150734354938,291.7142857142857,11.0,25.0,8.0,15.25,22.0,3,11.0,15.875,1,0
2024,6,24,Dairy,Amul,Amul Butter,22,3591.564607159219,847.7294356914823,195.33333333333334,17.0,11.0,25.0,18.75,26.0,3,8.0,18.125,1,0
2024,6,25,Dairy,Amul,Amul Butter,26,2229.2213032881714,369.11785895174114,267.625,22.0,17.0,11.0,19.0,25.0,3,25.0,18.875,1,0
2024,6,26,Dairy,Amul,Amul Butter,25,2863.328804165096,617.0098337539307,230.0,26.0,22.0,17.0,22.5,11.0,3,11.0,18.125,1,0
2024,7,27,Dairy,Amul,Amul Butter,11,1445.7393966511092,321.7134150025937,251.5,25.0,26.0,22.0,21.0,16.0,3,17.0,18.125,1,0
2024,7,28,Dairy,Amul,Amul Butter,16,2483.4400929802005,341.07903696585396,162.4,11.0,25.0,26.0,19.5,4.0,3,22.0,19.125,1,0
2024,7,29,Dairy,Amul,Amul Butter,4,717.5107572515865,95.03477507164337,288.0,16.0,11.0,25.0,14.0,18.0,3,26.0,16.5,1,0
2024,7,30,Dairy,Amul,Amul Butter,18,2612.866116489388,581.2579310390178,245.85714285714286,4.0,16.0,11.0,12.25,3.0,3,25.0,17.375,1,0
2024,7,31,Dairy,Amul,Amul Butter,3,597.0249005306283,145.0337599730159,260.0,18.0,4.0,16.0,10.25,10.0,3,11.0,15.625,1,0
2024,8,31,Dairy,Amul,Amul Butter,10,1391.3908490387716,278.5316959744961,280.3333333333333,3.0,18.0,4.0,8.75,7.0,3,16.0,14.125,1,0
2024,8,32,Dairy,Amul,Amul Butter,7,383.3767996023605,56.06919039064803,216.0,10.0,3.0,18.0,9.5,31.0,3,4.0,11.75,1,0
2024,8,33,Dairy,Amul,Amul Butter,31,3401.80069242643,686.5695005149619,258.44444444444446,7.0,10.0,3.0,12.75,30.0,3,18.0,12.5,1,0
2024,8,34,Dairy,Amul,Amul Butter,30,4333.171691100074,830.087295799168,306.4,31.0,7.0,10.0,19.5,15.0,3,3.0,14.875,1,0
2024,8,35,Dairy,Amul,Amul Butter,15,2658.0846008374165,583.5937121697123,248.8,30.0,31.0,7.0,20.75,3.0,3,10.0,14.75,1,0
2024,9,35,Dairy,Amul,Amul Butter,3,138.11331194122735,33.49648757264043,257.0,15.0,30.0,31.0,19.75,18.0,3,7.0,14.625,1,0
2024,9,36,Dairy,Amul,Amul Butter,18,2528.0696021607027,730.6757372819243,161.16666666666666,3.0,15.0,30.0,16.5,20.0,3,31.0,14.625,1,0
2024,9,37,Dairy,Amul,Amul Butter,20,1511.4471699985834,293.1290697102113,200.66666666666666,18.0,3.0,15.0,14.0,14.0,3,30.0,16.75,1,0
2024,9,38,Dairy,Amul,Amul Butter,14,1898.803281393688,389.27959938222523,250.0,20.0,18.0,3.0,13.75,17.0,3,15.0,17.25,1,0
2024,9,39,Dairy,Amul,Amul Butter,17,1888.9028546078653,414.4255185661313,227.16666666666666,14.0,20.0,18.0,17.25,4.0,3,3.0,18.5,1,0
2024,9,40,Dairy,Amul,Amul Butter,4,720.114535761969,153.03895134339902,138.5,17.0,14.0,20.0,13.75,23.0,3,18.0,15.125,1,0
2024,10,40,Dairy,Amul,Amul Butter,23,2106.249401640512,468.1478145156343,320.7142857142857,4.0,17.0,14.0,14.5,24.0,3,20.0,14.25,1,0
2024,10,41,Dairy,Amul,Amul Butter,24,3596.0621344374304,694.8757172278761,342.42857142857144,23.0,4.0,17.0,17.0,28.0,3,14.0,15.375,1,0
2024,10,42,Dairy,Amul,Amul Butter,28,2484.5250090125555,511.76955390999876,314.1818181818182,24.0,23.0,4.0,19.75,30.0,3,17.0,18.5,1,0
2024,10,43,Dairy,Amul,Amul Butter,30,4100.786786264273,726.8848208003774,230.25,28.0,24.0,23.0,26.25,19.0,3,4.0,20.0,1,0
2024,10,44,Dairy,Amul,Amul Butter,19,2159.1971058643485,389.03155196558384,321.4,30.0,28.0,24.0,25.25,21.0,3,23.0,19.875,1,0
2024,11,44,Dairy,Amul,Amul Butter,21,3160.082995779051,591.7141306388779,392.0,19.0,30.0,28.0,24.5,46.0,3,24.0,20.75,1,0
2024,11,45,Dairy,Amul,Amul Butter,46,6813.0623020148005,1217.9030737579515,264.7142857142857,21.0,19.0,30.0,29.0,18.0,3,28.0,24.375,1,0
2024,11,46,Dairy,Amul,Amul Butter,18,3084.1424069141585,657.4851041937857,267.7142857142857,46.0,21.0,19.0,26.0,31.0,3,30.0,26.125,1,0
2024,11,47,Dairy,Amul,Amul Butter,31,2474.1994250474763,532.8563675484301,280.44444444444446,18.0,46.0,21.0,29.0,25.0,3,19.0,27.125,1,0
2024,11,48,Dairy,Amul,Amul Butter,25,3951.2643116960176,696.3788303809908,239.44444444444446,31.0,18.0,46.0,30.0,3.0,3,21.0,27.25,1,0
2024,12,48,Dairy,Amul,Amul Butter,3,605.0628897781407,159.97367229222112,235.0,25.0,31.0,18.0,19.25,22.0,3,46.0,24.125,1,0
2024,12,49,Dairy,Amul,Amul Butter,22,1837.353281117173,407.2485272756279,251.875,3.0,25.0,31.0,20.25,4.0,3,18.0,23.125,1,0
2024,12,50,Dairy,Amul,Amul Butter,4,792.4851318686005,98.37286035188164,207.0,22.0,3.0,25.0,13.5,19.0,3,31.0,21.25,1,0
2024,12,51,Dairy,Amul,Amul Butter,19,2262.6181304111346,541.0313654937586,298.2857142857143,4.0,22.0,3.0,12.0,26.0,3,25.0,21.0,1,0
2024,2,9,Dairy,Amul,Amul Cheese,5,999.6497841745831,110.5563243743935,186.5,25.0,15.0,16.0,15.25,14.0,4,8.0,12.625,1,0
2024,3,9,Dairy,Amul,Amul Cheese,14,1161.5876455982589,220.04354033815707,191.66666666666666,5.0,25.0,15.0,14.75,21.0,4,16.0,13.375,1,0
2024,3,10,Dairy,Amul,Amul Cheese,21,2621.2762922021193,398.60218426986825,359.3333333333333,14.0,5.0,25.0,16.25,36.0,4,15.0,14.5,1,0
2024,3,11,Dairy,Amul,Amul Cheese,36,4797.301087038971,871.0569433382714,252.33333333333334,21.0,14.0,5.0,19.0,31.0,4,25.0,17.5,1,0
2024,3,12,Dairy,Amul,Amul Cheese,31,3657.5156577557354,710.2702392946201,293.8888888888889,36.0,21.0,14.0,25.5,15.0,4,5.0,20.375,1,0
2024,3,13,Dairy,Amul,Amul Cheese,15,1520.7008018988386,213.5787714858439,251.85714285714286,31.0,36.0,21.0,25.75,22.0,4,14.0,20.25,1,0
2024,4,14,Dairy,Amul,Amul Cheese,22,3262.8612385859465,505.3783949384614,248.25,15.0,31.0,36.0,26.0,16.0,4,21.0,21.125,1,0
2024,4,15,Dairy,Amul,Amul Cheese,16,2703.4464737605203,505.53695435023366,323.4,22.0,15.0,31.0,21.0,16.0,4,36.0,20.0,1,0
2024,4,16,Dairy,Amul,Amul Cheese,16,2033.287093568462,358.36831567133373,216.57142857142858,16.0,22.0,15.0,17.25,24.0,4,31.0,21.375,1,0
2024,4,17,Dairy,Amul,Amul Cheese,24,2783.0015942126006,562.7220379977432,265.14285714285717,16.0,16.0,22.0,19.5,2.0,4,15.0,22.625,1,0
2024,4,18,Dairy,Amul,Amul Cheese,2,157.0928399378034,30.991374768735525,66.0,24.0,16.0,16.0,14.5,16.0,4,22.0,20.25,1,0
2024,5,18,Dairy,Amul,Amul Cheese,16,3179.8189524207564,742.4325567127228,274.5,2.0,24.0,16.0,14.5,30.0,4,16.0,17.75,1,0
2024,5,19,Dairy,Amul,Amul Cheese,30,4732.0711885035325,822.0179991484607,322.0,16.0,2.0,24.0,18.0,15.0,4,16.0,17.625,1,0
2024,5,20,Dairy,Amul,Amul Cheese,15,3183.7638829824978,601.9449619444598,298.0,30.0,16.0,2.0,15.75,23.0,4,24.0,17.625,1,0
2024,5,21,Dairy,Amul,Amul Cheese,23,2889.435072131763,592.1403202021706,246.375,15.0,30.0,16.0,21.0,6.0,4,2.0,17.75,1,0
2024,5,22,Dairy,Amul,Amul Cheese,6,1397.6418047535453,226.5484958133631,401.0,23.0,15.0,30.0,18.5,2.0,4,16.0,16.5,1,0
2024,6,22,Dairy,Amul,Amul Cheese,2,485.4333288023408,91.35696653009342,263.0,6.0,23.0,15.0,11.5,28.0,4,30.0,14.75,1,0
2024,6,23,Dairy,Amul,Amul Cheese,28,2934.440651676872,670.167296307531,279.45454545454544,2.0,6.0,23.0,14.75,11.0,4,15.0,15.25,1,0
2024,6,24,Dairy,Amul,Amul Cheese,11,2013.7463346649806,359.92124592037464,182.66666666666666,28.0,2.0,6.0,11.75,14.0,4,23.0,16.375,1,0
2024,6,25,Dairy,Amul,Amul Cheese,14,1908.5505449950283,376.1641267565653,258.8,11.0,28.0,2.0,13.75,22.0,4,6.0,16.125,1,0
2024,6,26,Dairy,Amul,Amul Cheese,22,1686.233805431068,249.55912135466764,214.0,14.0,11.0,28.0,18.75,19.0,4,2.0,15.125,1,0
2024,7,27,Dairy,Amul,Amul Cheese,19,2562.3044790090075,409.17064283622165,270.7142857142857,22.0,14.0,11.0,16.5,42.0,4,28.0,15.625,1,0
2024,7,28,Dairy,Amul,Amul Cheese,42,5731.565743774646,1126.7025991619435,259.0,19.0,22.0,14.0,24.25,19.0,4,11.0,18.0,1,0
2024,7,29,Dairy,Amul,Amul Cheese,19,2587.1809858443676,470.1088461041033,337.6,42.0,19.0,22.0,25.5,17.0,4,14.0,19.625,1,0
2024,7,30,Dairy,Amul,Amul Cheese,17,1915.547494988749,431.8716088664572,236.0,19.0,42.0,19.0,24.25,21.0,4,22.0,21.5,1,0
2024,7,31,Dairy,Amul,Amul Cheese,21,2827.828302855071,587.1237044487395,329.14285714285717,17.0,19.0,42.0,24.75,8.0,4,19.0,20.625,1,0
2024,8,31,Dairy,Amul,Amul Cheese,8,1463.435192469176,314.53213172398205,257.75,21.0,17.0,19.0,16.25,16.0,4,42.0,20.25,1,0
2024,8,32,Dairy,Amul,Amul Cheese,16,1945.6179445445814,269.4128781206829,249.5,8.0,21.0,17.0,15.5,57.0,4,19.0,20.5,1,0
2024,8,33,Dairy,Amul,Amul Cheese,57,7711.425483059118,1673.7213283963358,252.28571428571428,16.0,8.0,21.0,25.5,27.0,4,17.0,24.875,1,0
2024,8,34,Dairy,Amul,Amul Cheese,27,4137.026569354063,816.1637953732672,295.8888888888889,57.0,16.0,8.0,27.0,20.0,4,21.0,25.875,1,0
2024,8,35,Dairy,Amul,Amul Cheese,20,2881.2460427607493,607.4358321021806,251.14285714285714,27.0,57.0,16.0,30.0,15.0,4,8.0,23.125,1,0
2024,9,36,Dairy,Amul,Amul Cheese,15,3069.247487359684,813.4531466521314,376.2,20.0,27.0,57.0,29.75,33.0,4,16.0,22.625,1,0
2024,9,37,Dairy,Amul,Amul Cheese,33,3486.215015044394,613.0615025735393,319.3,15.0,20.0,27.0,23.75,18.0,4,57.0,24.625,1,0
2024,9,38,Dairy,Amul,Amul Cheese,18,2220.3337242389557,384.94148625227524,287.5,33.0,15.0,20.0,21.5,14.0,4,27.0,24.25,1,0
2024,9,39,Dairy,Amul,Amul Cheese,14,1881.223474393197,395.6571185152161,273.8333333333333,18.0,33.0,15.0,20.0,15.0,4,20.0,25.0,1,0
2024,10,40,Dairy,Amul,Amul Cheese,15,2312.1492129783496,494.91574603004904,231.2,14.0,18.0,33.0,20.0,11.0,4,15.0,24.875,1,0
2024,10,41,Dairy,Amul,Amul Cheese,11,1592.7098381650426,406.0911150215212,240.33333333333334,15.0,14.0,18.0,14.5,27.0,4,33.0,19.125,1,0
2024,10,42,Dairy,Amul,Amul Cheese,27,3165.1881962194184,664.1550235749219,175.4,11.0,15.0,14.0,16.75,12.0,4,18.0,19.125,1,0
2024,10,43,Dairy,Amul,Amul Cheese,12,1250.1353313302268,172.79638449171608,270.8,27.0,11.0,15.0,16.25,6.0,4,14.0,18.125,1,0
2024,10,44,Dairy,Amul,Amul Cheese,6,782.2555896256338,104.67816866936866,306.0,12.0,27.0,11.0,14.0,14.0,4,15.0,17.0,1,0
2024,11,44,Dairy,Amul,Amul Cheese,14,1547.9651035554216,218.48675432154374,372.5,6.0,12.0,27.0,14.75,31.0,4,11.0,14.625,1,0
2024,11,45,Dairy,Amul,Amul Cheese,31,2858.458504161905,510.086998886728,315.0,14.0,6.0,12.0,15.75,17.0,4,27.0,16.25,1,0
2024,11,46,Dairy,Amul,Amul Cheese,17,1645.7786736366545,337.16693265489425,239.0,31.0,14.0,6.0,17.0,20.0,4,12.0,16.625,1,0
2024,11,47,Dairy,Amul,Amul Cheese,20,1866.6152914432168,325.24172755971375,339.75,17.0,31.0,14.0,20.5,11.0,4,6.0,17.25,1,0
2024,11,48,Dairy,Amul,Amul Cheese,11,1372.049779015876,295.9458210019593,293.0,20.0,17.0,31.0,19.75,4.0,4,14.0,17.25,1,0
2024,12,48,Dairy,Amul,Amul Cheese,4,602.9419595142491,123.65113058590887,418.5,11.0,20.0,17.0,13.0,28.0,4,31.0,14.375,1,0
2024,12,49,Dairy,Amul,Amul Cheese,28,3100.885371878019,611.8805869455488,264.375,4.0,11.0,20.0,15.75,32.0,4,17.0,16.375,1,0
2024,12,50,Dairy,Amul,Amul Cheese,32,2815.98672444732,401.59637724078186,295.0,28.0,4.0,11.0,18.75,26.0,4,20.0,19.625,1,0
2024,12,51,Dairy,Amul,Amul Cheese,26,3452.5580056564386,476.1245989875724,190.55555555555554,32.0,28.0,4.0,22.5,17.0,4,11.0,21.125,1,0
2024,2,9,Dairy,Amul,Amul Curd,7,570.3070250463117,147.1458735220924,393.0,18.0,25.0,17.0,16.75,12.0,5,11.0,14.375,1,0
2024,3,9,Dairy,Amul,Amul Curd,12,1464.0445423411768,359.5515534152469,237.0,7.0,18.0,25.0,15.5,19.0,5,17.0,13.0,1,0
2024,3,10,Dairy,Amul,Amul Curd,19,3737.1165399113966,748.7773683805831,327.0,12.0,7.0,18.0,14.0,19.0,5,25.0,13.75,1,0
2024,3,11,Dairy,Amul,Amul Curd,19,2444.328869585747,459.5802265946737,249.71428571428572,19.0,12.0,7.0,14.25,30.0,5,18.0,16.0,1,0
2024,3,12,Dairy,Amul,Amul Curd,30,2456.4020305813824,432.89484553486443,334.7,19.0,19.0,12.0,20.0,18.0,5,7.0,18.375,1,0
2024,3,13,Dairy,Amul,Amul Curd,18,2053.4375519143073,361.60805782928685,378.85714285714283,30.0,19.0,19.0,21.5,50.0,5,12.0,18.5,1,0
2024,4,14,Dairy,Amul,Amul Curd,50,5873.417691723208,1043.6978583149985,289.2352941176471,18.0,30.0,19.0,29.25,30.0,5,19.0,21.625,1,0
2024,4,15,Dairy,Amul,Amul Curd,30,3122.2830099551516,525.3562662192932,294.75,50.0,18.0,30.0,32.0,32.0,5,19.0,23.125,1,0
2024,4,16,Dairy,Amul,Amul Curd,32,4521.97919578946,844.2637621933958,322.0,30.0,50.0,18.0,32.5,20.0,5,30.0,26.25,1,0
2024,4,17,Dairy,Amul,Amul Curd,20,2860.9170339249486,680.1174120336691,293.125,32.0,30.0,50.0,33.0,16.0,5,18.0,27.25,1,0
2024,4,18,Dairy,Amul,Amul Curd,16,943.931182886865,200.98220313550118,343.1666666666667,20.0,32.0,30.0,24.5,20.0,5,50.0,26.875,1,0
2024,5,18,Dairy,Amul,Amul Curd,20,2514.508893281599,391.2806504162539,252.4,16.0,20.0,32.0,22.0,25.0,5,30.0,27.0,1,0
2024,5,19,Dairy,Amul,Amul Curd,25,3297.5632850599613,779.5153944254275,349.3636363636364,20.0,16.0,20.0,20.25,21.0,5,32.0,26.375,1,0
2024,5,20,Dairy,Amul,Amul Curd,21,2966.2539097654235,545.804805633285,340.625,25.0,20.0,16.0,20.5,16.0,5,20.0,26.75,1,0
2024,5,21,Dairy,Amul,Amul Curd,16,2209.383594148969,410.9812756751794,321.42857142857144,21.0,25.0,20.0,20.5,12.0,5,16.0,22.5,1,0
2024,5,22,Dairy,Amul,Amul Curd,12,1357.2718057682741,386.2974114892334,273.2,16.0,21.0,25.0,18.5,3.0,5,20.0,20.25,1,0
2024,6,22,Dairy,Amul,Amul Curd,3,139.49100051718764,28.27231035340546,346.0,12.0,16.0,21.0,13.0,22.0,5,25.0,16.625,1,0
2024,6,23,Dairy,Amul,Amul Curd,22,3706.498538235312,874.9831485674309,333.0,3.0,12.0,16.0,13.25,6.0,5,21.0,16.875,1,0
2024,6,24,Dairy,Amul,Amul Curd,6,582.8738102089026,57.479360814896765,341.0,22.0,3.0,12.0,10.75,31.0,5,16.0,15.625,1,0
2024,6,25,Dairy,Amul,Amul Curd,31,2661.4539735558606,553.9305986833446,210.6,6.0,22.0,3.0,15.5,11.0,5,12.0,17.0,1,0
2024,6,26,Dairy,Amul,Amul Curd,11,1534.0992546242314,337.41576768300337,240.14285714285714,31.0,6.0,22.0,17.5,20.0,5,3.0,15.25,1,0
2024,7,27,Dairy,Amul,Amul Curd,20,2685.3142323196644,553.577973978752,270.42857142857144,11.0,31.0,6.0,17.0,19.0,5,22.0,15.125,1,0
2024,7,28,Dairy,Amul,Amul Curd,19,2039.2788472244192,457.4160712020141,294.3333333333333,20.0,11.0,31.0,20.25,20.0,5,6.0,15.5,1,0
2024,7,29,Dairy,Amul,Amul Curd,20,3637.7049261849806,828.8338044611671,303.2,19.0,20.0,11.0,17.5,18.0,5,31.0,16.5,1,0
2024,7,30,Dairy,Amul,Amul Curd,18,2957.2875674388515,575.8624381187585,233.25,20.0,19.0,20.0,19.25,17.0,5,11.0,18.375,1,0
2024,8,31,Dairy,Amul,Amul Curd,17,1563.7415107694233,332.5303296027938,341.25,18.0,20.0,19.0,18.5,44.0,5,20.0,17.75,1,0
2024,8,32,Dairy,Amul,Amul Curd,44,6803.71893379704,1340.5672326931272,375.6666666666667,17.0,18.0,20.0,24.75,43.0,5,19.0,22.5,1,0
2024,8,33,Dairy,Amul,Amul Curd,43,6376.79761995183,1494.6264187590825,227.69230769230768,44.0,17.0,18.0,30.5,23.0,5,20.0,24.0,1,0
2024,8,34,Dairy,Amul,Amul Curd,23,3543.5762308860208,668.1004238288116,317.42857142857144,43.0,44.0,17.0,31.75,8.0,5,18.0,25.5,1,0
2024,8,35,Dairy,Amul,Amul Curd,8,1045.1432878196974,185.41150248379873,290.6666666666667,23.0,43.0,44.0,29.5,42.0,5,17.0,24.0,1,0
2024,9,36,Dairy,Amul,Amul Curd,42,5081.491759587834,1026.030319090761,293.8,8.0,23.0,43.0,29.0,27.0,5,44.0,26.875,1,0
2024,9,37,Dairy,Amul,Amul Curd,27,3924.3913442603657,829.2560095903718,275.1,42.0,8.0,23.0,25.0,32.0,5,43.0,27.75,1,0
2024,9,38,Dairy,Amul,Amul Curd,32,4882.159508306866,994.8817504460214,293.8,27.0,42.0,8.0,27.25,36.0,5,23.0,29.5,1,0
2024,9,39,Dairy,Amul,Amul Curd,36,5396.176382016982,1181.0776711733447,310.8,32.0,27.0,42.0,34.25,34.0,5,8.0,31.875,1,0
2024,10,40,Dairy,Amul,Amul Curd,34,4199.490793106291,791.6941837166331,289.5,36.0,32.0,27.0,32.25,20.0,5,42.0,30.625,1,0
2024,10,41,Dairy,Amul,Amul Curd,20,2732.2070008365986,526.1426201096623,241.77777777777777,34.0,36.0,32.0,30.5,37.0,5,27.0,27.75,1,0
2024,10,42,Dairy,Amul,Amul Curd,37,3802.007053779149,607.6765306718371,241.76923076923077,20.0,34.0,36.0,31.75,9.0,5,32.0,29.5,1,0
2024,10,43,Dairy,Amul,Amul Curd,9,1751.649910331097,263.176261489519,307.75,37.0,20.0,34.0,25.0,8.0,5,36.0,29.625,1,0
2024,10,44,Dairy,Amul,Amul Curd,8,1416.3181484962042,243.91736796706482,237.5,9.0,37.0,20.0,18.5,20.0,5,34.0,25.375,1,0
2024,11,44,Dairy,Amul,Amul Curd,20,3272.484003026149,793.236966206898,323.1666666666667,8.0,9.0,37.0,18.5,24.0,5,20.0,24.5,1,0
2024,11,45,Dairy,Amul,Amul Curd,24,2887.7159587661286,558.2329695803642,261.25,20.0,8.0,9.0,15.25,40.0,5,37.0,23.5,1,0
2024,11,46,Dairy,Amul,Amul Curd,40,5477.690066095803,1067.5808532605358,242.64285714285714,24.0,20.0,8.0,23.0,26.0,5,9.0,24.0,1,0
2024,11,47,Dairy,Amul,Amul Curd,26,3848.043275579275,511.62163523794663,248.0,40.0,24.0,20.0,27.5,12.0,5,8.0,23.0,1,0
2024,11,48,Dairy,Amul,Amul Curd,12,2247.673997709724,518.4377268692554,338.5,26.0,40.0,24.0,25.5,33.0,5,20.0,22.0,1,0
2024,12,49,Dairy,Amul,Amul Curd,33,5560.23184066022,1102.2022062237663,311.3,12.0,26.0,40.0,27.75,27.0,5,24.0,21.5,1,0
2024,12,50,Dairy,Amul,Amul Curd,27,3799.261775925895,777.3824874823601,295.0,33.0,12.0,26.0,24.5,14.0,5,40.0,23.75,1,0
2024,12,51,Dairy,Amul,Amul Curd,14,1963.942464591511,391.8345236729108,265.0,27.0,33.0,12.0,21.5,21.0,5,26.0,24.5,1,0
2024,2,9,Dairy,Amul,Amul Milk,5,823.080236884084,130.38745132777476,399.0,15.0,11.0,20.0,12.75,18.0,6,9.0,14.25,1,0
2024,3,9,Dairy,Amul,Amul Milk,18,1984.0205726537033,338.5492523691053,325.8333333333333,5.0,15.0,11.0,12.25,33.0,6,20.0,14.25,1,0
2024,3,10,Dairy,Amul,Amul Milk,33,5049.665339925128,1016.7112603160857,259.3636363636364,18.0,5.0,15.0,17.75,27.0,6,11.0,14.625,1,0
2024,3,11,Dairy,Amul,Amul Milk,27,3489.75380770182,637.2750933668938,286.8,33.0,18.0,5.0,20.75,11.0,6,15.0,17.25,1,0
2024,3,12,Dairy,Amul,Amul Milk,11,1749.1442835445816,391.953724306278,156.5,27.0,33.0,18.0,22.25,15.0,6,5.0,17.5,1,0
2024,3,13,Dairy,Amul,Amul Milk,15,2255.3983571788267,589.6239644119717,253.16666666666666,11.0,27.0,33.0,21.5,48.0,6,18.0,16.875,1,0
2024,4,14,Dairy,Amul,Amul Milk,48,7355.705640731587,1566.2983998438144,252.46153846153845,15.0,11.0,27.0,25.25,28.0,6,33.0,21.5,1,0
2024,4,15,Dairy,Amul,Amul Milk,28,2760.346865848055,682.4468894042271,300.875,48.0,15.0,11.0,25.5,18.0,6,27.0,23.125,1,0
2024,4,16,Dairy,Amul,Amul Milk,18,2254.8384752205516,417.6868515794624,340.2,28.0,48.0,15.0,27.25,52.0,6,11.0,24.75,1,0
2024,4,17,Dairy,Amul,Amul Milk,52,6789.307860661657,1158.4801876139352,297.5625,18.0,28.0,48.0,36.5,5.0,6,15.0,29.0,1,0
2024,4,18,Dairy,Amul,Amul Milk,5,383.3523779931658,44.92170397157332,96.0,52.0,18.0,28.0,25.75,15.0,6,48.0,25.5,1,0
2024,5,18,Dairy,Amul,Amul Milk,15,1478.041872405262,227.95355468373455,188.75,5.0,52.0,18.0,22.5,20.0,6,28.0,24.0,1,0
2024,5,19,Dairy,Amul,Amul Milk,20,1880.7342800169154,368.73408859952485,277.2857142857143,15.0,5.0,52.0,23.0,15.0,6,18.0,25.125,1,0
2024,5,20,Dairy,Amul,Amul Milk,15,1877.897185138134,404.76793237311267,243.6,20.0,15.0,5.0,13.75,18.0,6,52.0,25.125,1,0
2024,5,21,Dairy,Amul,Amul Milk,18,2093.664288535857,271.18228290462196,298.6666666666667,15.0,20.0,15.0,17.0,13.0,6,5.0,21.375,1,0
2024,5,22,Dairy,Amul,Amul Milk,13,1443.688537520666,374.2475008155447,333.8,18.0,15.0,20.0,16.5,12.0,6,15.0,19.5,1,0
2024,6,22,Dairy,Amul,Amul Milk,12,681.7317614378252,144.34654860180746,452.0,13.0,18.0,15.0,14.5,10.0,6,20.0,18.75,1,0
2024,6,23,Dairy,Amul,Amul Milk,10,1445.2627719507716,205.14105397852555,271.0,12.0,13.0,18.0,13.25,11.0,6,15.0,13.5,1,0
2024,6,24,Dairy,Amul,Amul Milk,11,1127.075683982421,170.65484935153123,223.75,10.0,12.0,13.0,11.5,16.0,6,18.0,14.25,1,0
2024,6,25,Dairy,Amul,Amul Milk,16,2289.2926110010076,536.0665356227446,252.5,11.0,10.0,12.0,12.25,10.0,6,13.0,14.375,1,0
2024,6,26,Dairy,Amul,Amul Milk,10,1278.5237550540683,344.4428712833848,199.25,16.0,11.0,10.0,11.75,21.0,6,12.0,13.125,1,0
2024,7,27,Dairy,Amul,Amul Milk,21,2405.981918286857,513.3737983159581,309.375,10.0,16.0,11.0,14.5,37.0,6,10.0,13.875,1,0
2024,7,28,Dairy,Amul,Amul Milk,37,5050.923619774329,927.4162377027199,285.27272727272725,21.0,10.0,16.0,21.0,39.0,6,11.0,16.25,1,0
2024,7,29,Dairy,Amul,Amul Milk,39,4402.78981716363,711.322243434983,257.90909090909093,37.0,21.0,10.0,26.75,19.0,6,16.0,19.5,1,0
2024,7,30,Dairy,Amul,Amul Milk,19,2156.651055591837,414.88574206132887,290.3333333333333,39.0,37.0,21.0,29.0,17.0,6,10.0,20.375,1,0
2024,8,31,Dairy,Amul,Amul Milk,17,2509.687507277327,657.3874543258771,349.0,19.0,39.0,37.0,28.0,18.0,6,21.0,21.25,1,0
2024,8,32,Dairy,Amul,Amul Milk,18,2322.6833745490617,480.324379528258,256.625,17.0,19.0,39.0,23.25,22.0,6,37.0,22.125,1,0
2024,8,33,Dairy,Amul,Amul Milk,22,3101.842503553974,423.3035484386918,216.66666666666666,18.0,17.0,19.0,19.0,28.0,6,39.0,22.875,1,0
2024,8,34,Dairy,Amul,Amul Milk,28,4414.9573103184775,1024.3655322093296,347.2857142857143,22.0,18.0,17.0,21.25,19.0,6,19.0,25.125,1,0
2024,8,35,Dairy,Amul,Amul Milk,19,2426.5854542574766,612.7221664919794,266.2,28.0,22.0,18.0,21.75,5.0,6,17.0,24.875,1,0
2024,9,35,Dairy,Amul,Amul Milk,5,187.99113432815628,26.43534317208649,201.5,19.0,28.0,22.0,18.5,18.0,6,18.0,20.875,1,0
2024,9,36,Dairy,Amul,Amul Milk,18,3685.51606634271,841.0162055978901,228.25,5.0,19.0,28.0,17.5,16.0,6,22.0,18.25,1,0
2024,9,37,Dairy,Amul,Amul Milk,16,1957.6028133131792,418.31808976505823,191.16666666666666,18.0,5.0,19.0,14.5,38.0,6,28.0,17.875,1,0
2024,9,38,Dairy,Amul,Amul Milk,38,5201.837653294533,1010.7018410961541,262.1,16.0,18.0,5.0,19.25,30.0,6,19.0,20.5,1,0
2024,9,39,Dairy,Amul,Amul Milk,30,3346.6853951488415,753.2078687044807,343.1111111111111,38.0,16.0,18.0,25.5,8.0,6,5.0,22.0,1,0
2024,9,40,Dairy,Amul,Amul Milk,8,1220.9421578981323,249.69777279370635,413.0,30.0,38.0,16.0,23.0,11.0,6,18.0,20.25,1,0
2024,10,40,Dairy,Amul,Amul Milk,11,1255.2055274335676,183.98143553475757,232.83333333333334,8.0,30.0,38.0,21.75,20.0,6,16.0,18.125,1,0
2024,10,41,Dairy,Amul,Amul Milk,20,2912.2784564472854,530.113807531295,274.6666666666667,11.0,8.0,30.0,17.25,9.0,6,38.0,18.25,1,0
2024,10,42,Dairy,Amul,Amul Milk,9,822.0978334243431,186.9831359613607,343.75,20.0,11.0,8.0,12.0,21.0,6,30.0,18.75,1,0
2024,10,43,Dairy,Amul,Amul Milk,21,1641.189441445243,312.6772550575968,253.0,9.0,20.0,11.0,15.25,14.0,6,8.0,19.125,1,0
2024,10,44,Dairy,Amul,Amul Milk,14,2297.6550483254064,445.1089567995205,314.1666666666667,21.0,9.0,20.0,16.0,7.0,6,11.0,18.875,1,0
2024,11,44,Dairy,Amul,Amul Milk,7,670.064035878687,145.07369702801356,330.3333333333333,14.0,21.0,9.0,12.75,30.0,6,20.0,15.0,1,0
2024,11,45,Dairy,Amul,Amul Milk,30,3831.2184087991836,569.3179872922178,289.1,7.0,14.0,21.0,18.0,18.0,6,9.0,15.0,1,0
2024,11,46,Dairy,Amul,Amul Milk,18,2248.3932879793106,385.2402859428323,331.8333333333333,30.0,7.0,14.0,17.25,21.0,6,21.0,16.25,1,0
2024,11,47,Dairy,Amul,Amul Milk,21,1904.5913667830728,379.2262392222099,263.1666666666667,18.0,30.0,7.0,19.0,20.0,6,14.0,17.5,1,0
2024,11,48,Dairy,Amul,Amul Milk,20,2479.096086229704,442.67371850977634,287.875,21.0,18.0,30.0,22.25,10.0,6,7.0,17.5,1,0
2024,12,48,Dairy,Amul,Amul Milk,10,1680.4668447092458,426.7110953958004,239.33333333333334,20.0,21.0,18.0,17.25,27.0,6,30.0,17.625,1,0
2024,12,49,Dairy,Amul,Amul Milk,27,4050.7151380173727,701.0376641314363,317.5,10.0,20.0,21.0,19.5,28.0,6,18.0,18.375,1,0
2024,12,50,Dairy,Amul,Amul Milk,28,4102.028360596244,980.6126300338473,185.0,27.0,10.0,20.0,21.25,27.0,6,21.0,20.125,1,0
2024,12,51,Dairy,Amul,Amul Milk,27,3700.0947653651715,591.842557787735,234.875,28.0,27.0,10.0,23.0,26.0,6,20.0,22.625,1,0
2024,2,9,Fruits,Tata,Apple Pack,20,2105.676228505192,184.41168578353683,312.1666666666667,31.0,18.0,24.0,23.25,3.0,7,14.0,20.0,2,7
2024,3,9,Fruits,Tata,Apple Pack,3,190.8789274393235,28.245455591847644,168.0,20.0,31.0,18.0,18.0,43.0,7,24.0,18.25,2,7
2024,3,10,Fruits,Tata,Apple Pack,43,3978.0721318038704,805.3554126282469,246.69230769230768,3.0,20.0,31.0,24.25,21.0,7,18.0,21.875,2,7
2024,3,11,Fruits,Tata,Apple Pack,21,2591.170356976175,429.8454507177315,282.14285714285717,43.0,3.0,20.0,21.75,28.0,7,31.0,21.75,2,7
2024,3,12,Fruits,Tata,Apple Pack,28,3345.0313931178853,809.3145682276645,264.1111111111111,21.0,43.0,3.0,23.75,19.0,7,20.0,23.5,2,7
2024,3,13,Fruits,Tata,Apple Pack,19,2612.748952683703,512.2533128675066,352.8,28.0,21.0,43.0,27.75,30.0,7,3.0,22.875,2,7
2024,4,14,Fruits,Tata,Apple Pack,30,3265.036111129003,502.83368523565764,331.25,19.0,28.0,21.0,24.5,20.0,7,43.0,24.375,2,7
2024,4,15,Fruits,Tata,Apple Pack,20,3110.9681770693273,743.0235300775723,276.1666666666667,30.0,19.0,28.0,24.25,53.0,7,21.0,23.0,2,7
2024,4,16,Fruits,Tata,Apple Pack,53,6521.17145025633,1268.0114272814337,244.8,20.0,30.0,19.0,30.5,32.0,7,28.0,27.125,2,7
2024,4,17,Fruits,Tata,Apple Pack,32,3332.823315082276,766.453955984169,304.55555555555554,53.0,20.0,30.0,33.75,8.0,7,19.0,30.75,2,7
2024,4,18,Fruits,Tata,Apple Pack,8,1013.3039724727466,103.69153552015106,314.6666666666667,32.0,53.0,20.0,28.25,7.0,7,30.0,26.375,2,7
2024,5,18,Fruits,Tata,Apple Pack,7,686.5994854791177,96.71866199336628,256.0,8.0,32.0,53.0,25.0,41.0,7,20.0,24.625,2,7
2024,5,19,Fruits,Tata,Apple Pack,41,5385.59059858457,1143.5277823880172,294.8333333333333,7.0,8.0,32.0,22.0,12.0,7,53.0,26.25,2,7
2024,5,20,Fruits,Tata,Apple Pack,12,1148.6196800399412,220.5801728650418,222.66666666666666,41.0,7.0,8.0,17.0,16.0,7,32.0,25.375,2,7
2024,5,21,Fruits,Tata,Apple Pack,16,2131.044870661506,405.7488543237114,301.3333333333333,12.0,41.0,7.0,19.0,25.0,7,8.0,23.625,2,7
2024,5,22,Fruits,Tata,Apple Pack,25,3141.6700631834046,417.4484852375746,250.71428571428572,16.0,12.0,41.0,23.5,6.0,7,7.0,24.25,2,7
2024,6,22,Fruits,Tata,Apple Pack,6,1152.0431935253491,77.3345420784512,231.5,25.0,16.0,12.0,14.75,19.0,7,41.0,18.375,2,7
2024,6,23,Fruits,Tata,Apple Pack,19,3172.2152222410487,748.510203479622,343.0,6.0,25.0,16.0,16.5,18.0,7,12.0,16.75,2,7
2024,6,24,Fruits,Tata,Apple Pack,18,2269.8780591941436,435.22066258622294,263.42857142857144,19.0,6.0,25.0,17.0,30.0,7,16.0,18.0,2,7
2024,6,25,Fruits,Tata,Apple Pack,30,4175.1499339436095,650.6324565063386,255.0,18.0,19.0,6.0,18.25,35.0,7,25.0,20.875,2,7
2024,6,26,Fruits,Tata,Apple Pack,35,4815.422140841068,1177.9740889362915,240.25,30.0,18.0,19.0,25.5,35.0,7,6.0,20.125,2,7
2024,7,27,Fruits,Tata,Apple Pack,35,4851.780129234535,943.1652976756134,311.45454545454544,35.0,30.0,18.0,29.5,18.0,7,19.0,23.0,2,7
2024,7,28,Fruits,Tata,Apple Pack,18,2788.0832701447644,471.69334271442284,281.3333333333333,35.0,35.0,30.0,29.5,46.0,7,18.0,23.25,2,7
2024,7,29,Fruits,Tata,Apple Pack,46,5552.634989516986,953.3391938568046,282.1764705882353,18.0,35.0,35.0,33.5,32.0,7,30.0,25.875,2,7
2024,7,30,Fruits,Tata,Apple Pack,32,4819.291188094689,926.9667171462181,308.625,46.0,18.0,35.0,32.75,16.0,7,35.0,29.125,2,7
2024,7,31,Fruits,Tata,Apple Pack,16,2018.6305497547191,414.90413229150255,286.7142857142857,32.0,46.0,18.0,28.0,8.0,7,35.0,28.75,2,7
2024,8,31,Fruits,Tata,Apple Pack,8,1232.1529560961703,187.57884567387356,220.0,16.0,32.0,46.0,25.5,26.0,7,18.0,27.5,2,7
2024,8,32,Fruits,Tata,Apple Pack,26,3410.0277760323083,817.5603144255401,176.6,8.0,16.0,32.0,20.5,19.0,7,46.0,27.0,2,7
2024,8,33,Fruits,Tata,Apple Pack,19,2353.4796054849962,518.7678783730114,228.125,26.0,8.0,16.0,17.25,31.0,7,32.0,25.0,2,7
2024,8,34,Fruits,Tata,Apple Pack,31,3462.9371443147215,777.6914907201782,240.27272727272728,19.0,26.0,8.0,21.0,22.0,7,16.0,24.5,2,7
2024,8,35,Fruits,Tata,Apple Pack,22,1997.217425457489,381.002697088874,229.0,31.0,19.0,26.0,24.5,8.0,7,8.0,25.0,2,7
2024,9,35,Fruits,Tata,Apple Pack,8,1799.4926772140918,389.7992316228856,316.5,22.0,31.0,19.0,20.0,27.0,7,26.0,20.25,2,7
2024,9,36,Fruits,Tata,Apple Pack,27,1996.2243663358256,472.63438070507414,326.875,8.0,22.0,31.0,22.0,43.0,7,19.0,19.625,2,7
2024,9,37,Fruits,Tata,Apple Pack,43,5934.345193362939,1371.4531167159616,281.09090909090907,27.0,8.0,22.0,25.0,27.0,7,31.0,23.0,2,7
2024,9,38,Fruits,Tata,Apple Pack,27,3535.7218361136893,692.808884426302,249.625,43.0,27.0,8.0,26.25,14.0,7,22.0,25.375,2,7
2024,9,39,Fruits,Tata,Apple Pack,14,1256.8236269374609,301.8199682930003,209.85714285714286,27.0,43.0,27.0,27.75,10.0,7,8.0,23.875,2,7
2024,9,40,Fruits,Tata,Apple Pack,10,1689.6248193663064,318.7591896037885,312.0,14.0,27.0,43.0,23.5,28.0,7,27.0,22.75,2,7
2024,10,40,Fruits,Tata,Apple Pack,28,3730.9352311119023,695.6563677379471,356.0,10.0,14.0,27.0,19.75,27.0,7,43.0,22.375,2,7
2024,10,41,Fruits,Tata,Apple Pack,27,3147.7494579557538,603.5085977082285,229.875,28.0,10.0,14.0,19.75,42.0,7,27.0,23.0,2,7
2024,10,42,Fruits,Tata,Apple Pack,42,5870.083056795967,1274.157865443768,246.84615384615384,27.0,28.0,10.0,26.75,35.0,7,14.0,27.25,2,7
2024,10,43,Fruits,Tata,Apple Pack,35,4821.491576431234,974.7777522328477,309.8333333333333,42.0,27.0,28.0,33.0,13.0,7,10.0,28.25,2,7
2024,10,44,Fruits,Tata,Apple Pack,13,1068.5505800905687,178.1126751397245,334.0,35.0,42.0,27.0,29.25,18.0,7,28.0,24.5,2,7
2024,11,44,Fruits,Tata,Apple Pack,18,2510.7457067681694,449.253237305227,225.4,13.0,35.0,42.0,27.0,40.0,7,27.0,23.375,2,7
2024,11,45,Fruits,Tata,Apple Pack,40,7417.212037334068,1485.3354782316821,287.25,18.0,13.0,35.0,26.5,21.0,7,42.0,26.625,2,7
2024,11,46,Fruits,Tata,Apple Pack,21,3197.548155354015,666.095218587115,298.6666666666667,40.0,18.0,13.0,23.0,23.0,7,35.0,28.0,2,7
2024,11,47,Fruits,Tata,Apple Pack,23,2361.7364526805136,550.7615610379397,316.0,21.0,40.0,18.0,25.5,30.0,7,13.0,27.375,2,7
2024,11,48,Fruits,Tata,Apple Pack,30,4582.500261600517,931.0810117427011,276.14285714285717,23.0,21.0,40.0,28.5,5.0,7,18.0,27.75,2,7
2024,12,48,Fruits,Tata,Apple Pack,5,1006.1367816796802,295.86233744846515,314.0,30.0,23.0,21.0,19.75,58.0,7,40.0,23.125,2,7
2024,12,49,Fruits,Tata,Apple Pack,58,7567.774968339183,1343.6215003365812,292.1875,5.0,30.0,23.0,29.0,16.0,7,21.0,26.0,2,7
2024,12,50,Fruits,Tata,Apple Pack,16,1829.2432926104068,353.9024503536675,351.14285714285717,58.0,5.0,30.0,27.25,17.0,7,23.0,26.375,2,7
2024,12,51,Fruits,Tata,Apple Pack,17,1947.7059943464544,457.12089956539376,277.2857142857143,16.0,58.0,5.0,24.0,16.0,7,30.0,26.25,2,7
2024,2,9,Fruits,Tata,Banana Pack,13,1447.7678882225027,310.36128905246284,294.4,25.0,46.0,62.0,36.5,12.0,8,7.0,25.875,2,7
2024,3,9,Fruits,Tata,Banana Pack,12,1130.9133071247165,223.73700518423504,242.33333333333334,13.0,25.0,46.0,24.0,34.0,8,62.0,26.625,2,7
2024,3,10,Fruits,Tata,Banana Pack,34,5273.432376161959,1066.0392460324506,275.6,12.0,13.0,25.0,21.0,39.0,8,46.0,27.625,2,7
2024,3,11,Fruits,Tata,Banana Pack,39,4549.865888363847,1087.0050843027136,212.66666666666666,34.0,12.0,13.0,24.5,25.0,8,25.0,29.75,2,7
2024,3,12,Fruits,Tata,Banana Pack,25,2704.043271418737,419.93763277070514,218.85714285714286,39.0,34.0,12.0,27.5,44.0,8,13.0,32.0,2,7
2024,3,13,Fruits,Tata,Banana Pack,44,5148.24820233154,930.9178410366922,308.61538461538464,25.0,39.0,34.0,35.5,41.0,8,12.0,29.75,2,7
2024,4,14,Fruits,Tata,Banana Pack,41,5720.568411862293,1083.5119825956617,304.53846153846155,44.0,25.0,39.0,37.25,34.0,8,34.0,29.125,2,7
2024,4,15,Fruits,Tata,Banana Pack,34,4248.032953753546,648.5691298208543,284.6666666666667,41.0,44.0,25.0,36.0,54.0,8,39.0,30.25,2,7
2024,4,16,Fruits,Tata,Banana Pack,54,7303.340495364455,1217.6706703286964,238.22222222222223,34.0,41.0,44.0,43.25,23.0,8,25.0,35.375,2,7
2024,4,17,Fruits,Tata,Banana Pack,23,2953.222609492075,641.3229445887783,220.0,54.0,34.0,41.0,38.0,15.0,8,44.0,36.75,2,7
2024,4,18,Fruits,Tata,Banana Pack,15,2560.0026647025647,592.4073927286604,360.2,23.0,54.0,34.0,31.5,23.0,8,41.0,34.375,2,7
2024,5,18,Fruits,Tata,Banana Pack,23,1466.8808252234664,239.6233519172195,310.2857142857143,15.0,23.0,54.0,28.75,32.0,8,34.0,32.375,2,7
2024,5,19,Fruits,Tata,Banana Pack,32,3949.9097023294535,814.826600568369,316.72727272727275,23.0,15.0,23.0,23.25,27.0,8,54.0,33.25,2,7
2024,5,20,Fruits,Tata,Banana Pack,27,2932.7245285430995,543.4421754851209,271.55555555555554,32.0,23.0,15.0,24.25,47.0,8,23.0,31.125,2,7
2024,5,21,Fruits,Tata,Banana Pack,47,5329.650969172024,1137.935489861778,238.25,27.0,32.0,23.0,32.25,21.0,8,15.0,31.875,2,7
2024,5,22,Fruits,Tata,Banana Pack,21,2796.113455618785,677.5220275449934,231.125,47.0,27.0,32.0,31.75,3.0,8,23.0,30.25,2,7
2024,6,22,Fruits,Tata,Banana Pack,3,176.88073370973302,36.9308854368253,254.0,21.0,47.0,27.0,24.5,41.0,8,32.0,23.875,2,7
2024,6,23,Fruits,Tata,Banana Pack,41,3948.647666062875,833.3239036254244,272.06666666666666,3.0,21.0,47.0,28.0,46.0,8,27.0,26.125,2,7
2024,6,24,Fruits,Tata,Banana Pack,46,6051.37192919457,1172.8481076852675,272.6923076923077,41.0,3.0,21.0,27.75,56.0,8,47.0,30.0,2,7
2024,6,25,Fruits,Tata,Banana Pack,56,8270.079787707056,1684.538450506051,330.4117647058824,46.0,41.0,3.0,36.5,42.0,8,21.0,34.125,2,7
2024,6,26,Fruits,Tata,Banana Pack,42,6623.870307437051,1226.8260912173596,234.15384615384616,56.0,46.0,41.0,46.25,34.0,8,3.0,35.375,2,7
2024,7,27,Fruits,Tata,Banana Pack,34,4539.229669898984,825.6500143680827,255.44444444444446,42.0,56.0,46.0,44.5,48.0,8,41.0,36.25,2,7
2024,7,28,Fruits,Tata,Banana Pack,48,4470.64218057025,714.1689508944919,235.8,34.0,42.0,56.0,45.0,30.0,8,46.0,36.375,2,7
2024,7,29,Fruits,Tata,Banana Pack,30,6052.701381292476,1577.210517411777,298.7,48.0,34.0,42.0,38.5,43.0,8,56.0,37.5,2,7
2024,7,30,Fruits,Tata,Banana Pack,43,7036.823504224451,1250.2019502893197,310.7857142857143,30.0,48.0,34.0,38.75,10.0,8,42.0,42.5,2,7
2024,7,31,Fruits,Tata,Banana Pack,10,1092.369439887436,264.1339535623825,197.66666666666666,43.0,30.0,48.0,32.75,14.0,8,34.0,38.625,2,7
2024,8,31,Fruits,Tata,Banana Pack,14,1843.6593761449794,439.9581439831687,308.6,10.0,43.0,30.0,24.25,31.0,8,48.0,34.625,2,7
2024,8,32,Fruits,Tata,Banana Pack,31,4649.349379807655,873.8770428282704,336.0,14.0,10.0,43.0,24.5,15.0,8,30.0,31.5,2,7
2024,8,33,Fruits,Tata,Banana Pack,15,1800.3779088821225,221.58291920393935,257.1666666666667,31.0,14.0,10.0,17.5,32.0,8,43.0,28.125,2,7
2024,8,34,Fruits,Tata,Banana Pack,32,3028.836455382977,527.5956159626272,306.375,15.0,31.0,14.0,23.0,31.0,8,10.0,27.875,2,7
2024,8,35,Fruits,Tata,Banana Pack,31,4499.4207646902905,1032.909645736691,253.63636363636363,32.0,15.0,31.0,27.25,43.0,8,14.0,25.75,2,7
2024,9,36,Fruits,Tata,Banana Pack,43,4610.053132623725,1108.18385134219,264.6923076923077,31.0,32.0,15.0,30.25,28.0,8,31.0,27.375,2,7
2024,9,37,Fruits,Tata,Banana Pack,28,3261.8764037048345,713.5947408670929,372.25,43.0,31.0,32.0,33.5,27.0,8,15.0,25.5,2,7
2024,9,38,Fruits,Tata,Banana Pack,27,3475.9202100176017,630.7558608690033,283.55555555555554,28.0,43.0,31.0,32.25,28.0,8,32.0,27.625,2,7
2024,9,39,Fruits,Tata,Banana Pack,28,4012.2858490517665,750.9402801259974,269.22222222222223,27.0,28.0,43.0,31.5,4.0,8,31.0,29.375,2,7
2024,9,40,Fruits,Tata,Banana Pack,4,597.91910953655,139.68972795515634,440.0,28.0,27.0,28.0,21.75,41.0,8,43.0,26.0,2,7
2024,10,40,Fruits,Tata,Banana Pack,41,4418.465447345451,876.0111379146346,199.57142857142858,4.0,28.0,27.0,25.0,40.0,8,28.0,29.25,2,7
2024,10,41,Fruits,Tata,Banana Pack,40,5645.646810654883,1072.3658728293694,285.1666666666667,41.0,4.0,28.0,28.25,43.0,8,27.0,30.25,2,7
2024,10,42,Fruits,Tata,Banana Pack,43,5217.590560482755,802.9176048902231,269.27272727272725,40.0,41.0,4.0,32.0,43.0,8,28.0,31.75,2,7
2024,10,43,Fruits,Tata,Banana Pack,43,6697.933594160609,1373.0006855780778,243.27272727272728,43.0,40.0,41.0,41.75,12.0,8,4.0,31.75,2,7
2024,10,44,Fruits,Tata,Banana Pack,12,1631.5057885593224,369.86797221818654,233.2,43.0,43.0,40.0,34.5,16.0,8,41.0,29.75,2,7
2024,11,44,Fruits,Tata,Banana Pack,16,1778.3438314653051,335.66993412650515,286.1666666666667,12.0,43.0,43.0,28.5,29.0,8,40.0,28.375,2,7
2024,11,45,Fruits,Tata,Banana Pack,29,3527.5570027863337,659.959152392028,217.88888888888889,16.0,12.0,43.0,25.0,27.0,8,43.0,28.5,2,7
2024,11,46,Fruits,Tata,Banana Pack,27,1514.8924330555774,300.2958337566466,261.5,29.0,16.0,12.0,21.0,36.0,8,43.0,31.375,2,7
2024,11,47,Fruits,Tata,Banana Pack,36,4437.229089774982,800.1687994499092,160.76923076923077,27.0,29.0,16.0,27.0,23.0,8,12.0,30.75,2,7
2024,11,48,Fruits,Tata,Banana Pack,23,3014.8456793647224,535.8391645151664,240.33333333333334,36.0,27.0,29.0,28.75,2.0,8,16.0,28.625,2,7
2024,12,48,Fruits,Tata,Banana Pack,2,306.11942112286397,78.74679568211346,313.0,23.0,36.0,27.0,22.0,41.0,8,29.0,23.5,2,7
2024,12,49,Fruits,Tata,Banana Pack,41,5494.762785320948,1144.85987566283,328.35714285714283,2.0,23.0,36.0,25.5,40.0,8,27.0,23.25,2,7
2024,12,50,Fruits,Tata,Banana Pack,40,5609.07168213494,1129.4101007650545,258.14285714285717,41.0,2.0,23.0,26.5,41.0,8,36.0,26.75,2,7
2024,12,51,Fruits,Tata,Banana Pack,41,3453.1496735299156,612.1507911509078,331.5,40.0,41.0,2.0,31.0,24.0,8,23.0,29.875,2,7
2024,2,9,Snacks,ITC,Bingo Chips,22,2343.9380025024648,356.6305707116455,205.71428571428572,32.0,23.0,27.0,26.0,20.0,9,14.0,25.125,6,3
2024,3,9,Snacks,ITC,Bingo Chips,20,3431.986605278034,698.9795807520104,350.14285714285717,22.0,32.0,23.0,24.25,27.0,9,27.0,23.5,6,3
2024,3,10,Snacks,ITC,Bingo Chips,27,3287.2684010847656,523.8040202700067,266.875,20.0,22.0,32.0,25.25,23.0,9,23.0,23.5,6,3
2024,3,11,Snacks,ITC,Bingo Chips,23,2967.983256463397,562.4704147783143,281.3333333333333,27.0,20.0,22.0,23.0,46.0,9,32.0,23.5,6,3
2024,3,12,Snacks,ITC,Bingo Chips,46,5682.423151073888,1104.6596901724329,301.7857142857143,23.0,27.0,20.0,29.0,17.0,9,22.0,27.5,6,3
2024,3,13,Snacks,ITC,Bingo Chips,17,3107.6820802397765,753.0742561483762,269.375,46.0,23.0,27.0,28.25,50.0,9,20.0,26.25,6,3
2024,4,14,Snacks,ITC,Bingo Chips,50,5183.376415085951,1098.2978864887154,302.6,17.0,46.0,23.0,34.0,35.0,9,27.0,29.625,6,3
2024,4,15,Snacks,ITC,Bingo Chips,35,4671.911195758235,918.4295861243061,230.7,50.0,17.0,46.0,37.0,16.0,9,23.0,30.0,6,3
2024,4,16,Snacks,ITC,Bingo Chips,16,1772.499412216131,412.02953882432234,320.8333333333333,35.0,50.0,17.0,29.5,44.0,9,46.0,29.25,6,3
2024,4,17,Snacks,ITC,Bingo Chips,44,4837.505169992387,854.1636712270112,271.14285714285717,16.0,35.0,50.0,36.25,13.0,9,17.0,32.25,6,3
2024,4,18,Snacks,ITC,Bingo Chips,13,1815.4012115476146,482.6358932294503,239.66666666666666,44.0,16.0,35.0,27.0,22.0,9,50.0,30.5,6,3
2024,5,18,Snacks,ITC,Bingo Chips,22,3542.5358249721817,739.6124814080367,302.57142857142856,13.0,44.0,16.0,23.75,30.0,9,35.0,30.375,6,3
2024,5,19,Snacks,ITC,Bingo Chips,30,3936.4460875185787,652.8931227097521,222.27272727272728,22.0,13.0,44.0,27.25,7.0,9,16.0,28.375,6,3
2024,5,20,Snacks,ITC,Bingo Chips,7,1269.0499507822176,347.80541004232396,325.0,30.0,22.0,13.0,18.0,34.0,9,44.0,27.125,6,3
2024,5,21,Snacks,ITC,Bingo Chips,34,2610.154574586216,433.24113375594493,256.5833333333333,7.0,30.0,22.0,23.25,16.0,9,13.0,25.125,6,3
2024,5,22,Snacks,ITC,Bingo Chips,16,2050.492154270147,464.50783246438266,295.42857142857144,34.0,7.0,30.0,21.75,1.0,9,22.0,22.75,6,3
2024,6,22,Snacks,ITC,Bingo Chips,1,191.20553367139897,11.135875667225008,320.0,16.0,34.0,7.0,14.5,27.0,9,30.0,20.875,6,3
2024,6,23,Snacks,ITC,Bingo Chips,27,3679.728386361161,808.1142391407737,259.1,1.0,16.0,34.0,19.5,24.0,9,7.0,18.75,6,3
2024,6,24,Snacks,ITC,Bingo Chips,24,3043.7442246636347,564.9023547830081,305.55555555555554,27.0,1.0,16.0,17.0,30.0,9,34.0,20.125,6,3
2024,6,25,Snacks,ITC,Bingo Chips,30,5525.164699741548,1243.2926407275463,288.27272727272725,24.0,27.0,1.0,20.5,9.0,9,16.0,21.125,6,3
2024,6,26,Snacks,ITC,Bingo Chips,9,1163.066621572826,212.54085437938403,314.0,30.0,24.0,27.0,22.5,23.0,9,1.0,18.5,6,3
2024,7,27,Snacks,ITC,Bingo Chips,23,3515.6767168188735,798.3867517727542,203.0,9.0,30.0,24.0,21.5,26.0,9,27.0,20.5,6,3
2024,7,28,Snacks,ITC,Bingo Chips,26,3433.6706720771404,839.05349368864,345.0,23.0,9.0,30.0,22.0,29.0,9,24.0,19.5,6,3
2024,7,29,Snacks,ITC,Bingo Chips,29,4153.680444593325,805.1844226432598,299.77777777777777,26.0,23.0,9.0,21.75,47.0,9,30.0,21.125,6,3
2024,7,30,Snacks,ITC,Bingo Chips,47,6740.788722535347,1399.8222586569311,248.41666666666666,29.0,26.0,23.0,31.25,18.0,9,9.0,26.875,6,3
2024,7,31,Snacks,ITC,Bingo Chips,18,2610.008812977961,505.249368958047,289.7142857142857,47.0,29.0,26.0,30.0,21.0,9,23.0,25.75,6,3
2024,8,31,Snacks,ITC,Bingo Chips,21,2485.928436584896,622.3003679449582,284.0,18.0,47.0,29.0,28.75,37.0,9,26.0,25.375,6,3
2024,8,32,Snacks,ITC,Bingo Chips,37,4718.04934265561,918.3244292569394,279.6363636363636,21.0,18.0,47.0,30.75,30.0,9,29.0,26.25,6,3
2024,8,33,Snacks,ITC,Bingo Chips,30,3848.0198346351644,805.9256713370501,207.0,37.0,21.0,18.0,26.5,40.0,9,47.0,28.875,6,3
2024,8,34,Snacks,ITC,Bingo Chips,40,5459.9094585323965,1235.9282222022084,249.5,30.0,37.0,21.0,32.0,22.0,9,18.0,31.0,6,3
2024,8,35,Snacks,ITC,Bingo Chips,22,3277.9930187639256,653.7077648036667,194.5,40.0,30.0,37.0,32.25,9.0,9,21.0,30.5,6,3
2024,9,35,Snacks,ITC,Bingo Chips,9,1438.1350484647935,364.4264618582745,297.5,22.0,40.0,30.0,25.25,27.0,9,37.0,28.0,6,3
2024,9,36,Snacks,ITC,Bingo Chips,27,3689.7928870719707,747.2332746295154,307.42857142857144,9.0,22.0,40.0,24.5,18.0,9,30.0,25.5,6,3
2024,9,37,Snacks,ITC,Bingo Chips,18,3309.291860717864,541.4445722008276,310.7142857142857,27.0,9.0,22.0,19.0,56.0,9,40.0,25.5,6,3
2024,9,38,Snacks,ITC,Bingo Chips,56,7057.407912006754,1333.337641867529,261.5,18.0,27.0,9.0,27.5,18.0,9,22.0,29.875,6,3
2024,9,39,Snacks,ITC,Bingo Chips,18,1895.6660861967725,385.93775451221836,295.6666666666667,56.0,18.0,27.0,29.75,9.0,9,9.0,27.5,6,3
2024,10,40,Snacks,ITC,Bingo Chips,9,806.2155200067789,126.79686313472558,244.0,18.0,56.0,18.0,25.25,22.0,9,27.0,24.875,6,3
2024,10,41,Snacks,ITC,Bingo Chips,22,2870.7326827822462,731.394778057309,202.2,9.0,18.0,56.0,26.25,63.0,9,18.0,22.625,6,3
2024,10,42,Snacks,ITC,Bingo Chips,63,6862.143528462215,1224.3815663403198,253.85,22.0,9.0,18.0,28.0,19.0,9,56.0,27.75,6,3
2024,10,43,Snacks,ITC,Bingo Chips,19,1997.0968537497463,482.46153144577005,241.0,63.0,22.0,9.0,28.25,11.0,9,18.0,29.0,6,3
2024,10,44,Snacks,ITC,Bingo Chips,11,808.1793511258728,170.2471884427125,268.3333333333333,19.0,63.0,22.0,28.75,10.0,9,9.0,27.0,6,3
2024,11,44,Snacks,ITC,Bingo Chips,10,1923.9261986751194,383.0820980252731,221.75,11.0,19.0,63.0,25.75,61.0,9,22.0,26.0,6,3
2024,11,45,Snacks,ITC,Bingo Chips,61,7502.741009420167,1539.8607306603915,264.4736842105263,10.0,11.0,19.0,25.25,67.0,9,63.0,26.625,6,3
2024,11,46,Snacks,ITC,Bingo Chips,67,10273.01215495176,1674.4798627159394,280.0,61.0,10.0,11.0,37.25,27.0,9,19.0,32.75,6,3
2024,11,47,Snacks,ITC,Bingo Chips,27,3138.540998827405,740.0429562681473,318.5,67.0,61.0,10.0,41.25,48.0,9,11.0,35.0,6,3
2024,11,48,Snacks,ITC,Bingo Chips,48,7701.50511017611,1670.0013442390239,231.42857142857142,27.0,67.0,61.0,50.75,5.0,9,10.0,38.25,6,3
2024,12,48,Snacks,ITC,Bingo Chips,5,468.2273049693508,71.96486892497711,252.0,48.0,27.0,67.0,36.75,18.0,9,61.0,31.0,6,3
2024,12,49,Snacks,ITC,Bingo Chips,18,1776.7855517893593,303.0518610334813,282.75,5.0,48.0,27.0,24.5,36.0,9,67.0,30.875,6,3
2024,12,50,Snacks,ITC,Bingo Chips,36,4360.151617510164,1056.8284381750575,261.9166666666667,18.0,5.0,48.0,26.75,20.0,9,27.0,34.0,6,3
2024,12,51,Snacks,ITC,Bingo Chips,20,2263.478362838676,307.38534989394566,294.2857142857143,36.0,18.0,5.0,19.75,45.0,9,48.0,35.25,6,3
2024,3,9,Personal Care,HUL,Clinic Plus Shampoo,13,1475.7370513323099,173.6297267508074,241.6,19.0,44.0,46.0,30.5,37.0,10,20.0,25.25,5,2
2024,3,10,Personal Care,HUL,Clinic Plus Shampoo,37,6004.38274855583,1360.388697704529,267.77777777777777,13.0,19.0,44.0,28.25,31.0,10,46.0,26.625,5,2
2024,3,11,Personal Care,HUL,Clinic Plus Shampoo,31,3657.9886368205857,875.6595383905667,287.5,37.0,13.0,19.0,25.0,41.0,10,44.0,28.5,5,2
2024,3,12,Personal Care,HUL,Clinic Plus Shampoo,41,3923.0951291041647,750.5806370560897,234.36363636363637,31.0,37.0,13.0,30.5,29.0,10,19.0,31.375,5,2
2024,3,13,Personal Care,HUL,Clinic Plus Shampoo,29,4760.308511847266,936.5833296482162,296.5,41.0,31.0,37.0,34.5,35.0,10,13.0,32.5,5,2
2024,4,14,Personal Care,HUL,Clinic Plus Shampoo,35,4286.47188312444,951.8202668636311,279.27272727272725,29.0,41.0,31.0,34.0,29.0,10,37.0,31.125,5,2
2024,4,15,Personal Care,HUL,Clinic Plus Shampoo,29,3030.2404310819966,683.7841700810275,295.7,35.0,29.0,41.0,33.5,32.0,10,31.0,29.25,5,2
2024,4,16,Personal Care,HUL,Clinic Plus Shampoo,32,4544.742593424948,814.3928763542042,305.54545454545456,29.0,35.0,29.0,31.25,28.0,10,41.0,30.875,5,2
2024,4,17,Personal Care,HUL,Clinic Plus Shampoo,28,3713.077421573557,636.8864195147182,244.0,32.0,29.0,35.0,31.0,2.0,10,29.0,32.75,5,2
2024,4,18,Personal Care,HUL,Clinic Plus Shampoo,2,237.55567291194671,60.12082288655796,116.0,28.0,32.0,29.0,22.75,46.0,10,35.0,28.375,5,2
2024,5,18,Personal Care,HUL,Clinic Plus Shampoo,46,7001.652529405977,1301.2548575109436,337.8666666666667,2.0,28.0,32.0,27.0,55.0,10,29.0,30.25,5,2
2024,5,19,Personal Care,HUL,Clinic Plus Shampoo,55,5979.81677785605,951.9339018582865,281.0,46.0,2.0,28.0,32.75,29.0,10,32.0,32.0,5,2
2024,5,20,Personal Care,HUL,Clinic Plus Shampoo,29,4211.414727440696,972.8296036243391,192.3,55.0,46.0,2.0,33.0,15.0,10,28.0,32.0,5,2
2024,5,21,Personal Care,HUL,Clinic Plus Shampoo,15,2306.9309258149287,388.14912317038795,280.2,29.0,55.0,46.0,36.25,21.0,10,2.0,29.5,5,2
2024,5,22,Personal Care,HUL,Clinic Plus Shampoo,21,1901.6075680229906,291.9936281888524,190.83333333333334,15.0,29.0,55.0,30.0,1.0,10,46.0,28.5,5,2
2024,6,22,Personal Care,HUL,Clinic Plus Shampoo,1,65.91484227308071,17.15861460965131,457.0,21.0,15.0,29.0,16.5,30.0,10,55.0,24.625,5,2
2024,6,23,Personal Care,HUL,Clinic Plus Shampoo,30,4444.0796506855595,1058.9863685614484,250.54545454545453,1.0,21.0,15.0,16.75,17.0,10,29.0,24.875,5,2
2024,6,24,Personal Care,HUL,Clinic Plus Shampoo,17,1958.3575353148324,442.83978827316537,271.2857142857143,30.0,1.0,21.0,17.25,45.0,10,15.0,26.75,5,2
2024,6,25,Personal Care,HUL,Clinic Plus Shampoo,45,5263.844333085091,967.3634592756201,342.46666666666664,17.0,30.0,1.0,23.25,20.0,10,21.0,26.625,5,2
2024,6,26,Personal Care,HUL,Clinic Plus Shampoo,20,1463.2861619160913,256.1960106175243,236.0,45.0,17.0,30.0,28.0,20.0,10,1.0,22.25,5,2
2024,7,27,Personal Care,HUL,Clinic Plus Shampoo,20,2241.2372600355297,442.78372595861777,246.8,20.0,45.0,17.0,25.5,26.0,10,30.0,21.125,5,2
2024,7,28,Personal Care,HUL,Clinic Plus Shampoo,26,3065.465653297452,573.6661986535564,342.0,20.0,20.0,45.0,27.75,32.0,10,17.0,22.5,5,2
2024,7,29,Personal Care,HUL,Clinic Plus Shampoo,32,4369.258207696968,653.2987547256788,296.7,26.0,20.0,20.0,24.5,41.0,10,45.0,23.875,5,2
2024,7,30,Personal Care,HUL,Clinic Plus Shampoo,41,4941.962387729597,976.4521812610758,244.42857142857142,32.0,26.0,20.0,29.75,11.0,10,20.0,28.875,5,2
2024,7,31,Personal Care,HUL,Clinic Plus Shampoo,11,1629.1527192841722,329.10236476835297,292.25,41.0,32.0,26.0,27.5,15.0,10,20.0,26.5,5,2
2024,8,31,Personal Care,HUL,Clinic Plus Shampoo,15,1652.3214725854984,348.73875743508154,218.14285714285714,11.0,41.0,32.0,24.75,37.0,10,26.0,26.25,5,2
2024,8,32,Personal Care,HUL,Clinic Plus Shampoo,37,4464.319538593018,703.2762794930784,261.3636363636364,15.0,11.0,41.0,26.0,24.0,10,32.0,25.25,5,2
2024,8,33,Personal Care,HUL,Clinic Plus Shampoo,24,3401.2558869990544,845.5977982377511,324.875,37.0,15.0,11.0,21.75,51.0,10,41.0,25.75,5,2
2024,8,34,Personal Care,HUL,Clinic Plus Shampoo,51,6396.066296831828,1298.086998631766,256.85714285714283,24.0,37.0,15.0,31.75,28.0,10,11.0,29.625,5,2
2024,8,35,Personal Care,HUL,Clinic Plus Shampoo,28,3905.1412959017916,801.0997858450819,276.22222222222223,51.0,24.0,37.0,35.0,4.0,10,15.0,29.875,5,2
2024,9,35,Personal Care,HUL,Clinic Plus Shampoo,4,426.14125887742654,22.408855853289765,401.0,28.0,51.0,24.0,26.75,8.0,10,37.0,26.375,5,2
2024,9,36,Personal Care,HUL,Clinic Plus Shampoo,8,1005.7629570561447,180.12086962027058,249.33333333333334,4.0,28.0,51.0,22.75,33.0,10,24.0,22.25,5,2
2024,9,37,Personal Care,HUL,Clinic Plus Shampoo,33,5312.851020655878,1407.1197543074886,322.3636363636364,8.0,4.0,28.0,18.25,38.0,10,51.0,25.0,5,2
2024,9,38,Personal Care,HUL,Clinic Plus Shampoo,38,6550.770009775619,1438.3238167101028,314.4166666666667,33.0,8.0,4.0,20.75,33.0,10,28.0,27.875,5,2
2024,9,39,Personal Care,HUL,Clinic Plus Shampoo,33,2660.753044693491,538.2775496214387,292.625,38.0,33.0,8.0,28.0,7.0,10,4.0,27.375,5,2
2024,9,40,Personal Care,HUL,Clinic Plus Shampoo,7,774.2845517128811,213.63345725772996,209.5,33.0,38.0,33.0,27.75,18.0,10,8.0,25.25,5,2
2024,10,40,Personal Care,HUL,Clinic Plus Shampoo,18,2319.8775914050466,366.97692714344396,310.625,7.0,33.0,38.0,24.0,23.0,10,33.0,21.125,5,2
2024,10,41,Personal Care,HUL,Clinic Plus Shampoo,23,2610.677156354627,532.5931233815448,255.3,18.0,7.0,33.0,20.25,37.0,10,38.0,20.5,5,2
2024,10,42,Personal Care,HUL,Clinic Plus Shampoo,37,5302.609277666433,1270.7141758138273,257.0833333333333,23.0,18.0,7.0,21.25,23.0,10,33.0,24.625,5,2
2024,10,43,Personal Care,HUL,Clinic Plus Shampoo,23,3234.430919045993,795.0369040438325,293.25,37.0,23.0,18.0,25.25,7.0,10,7.0,26.5,5,2
2024,10,44,Personal Care,HUL,Clinic Plus Shampoo,7,630.2066841216927,119.59286332689928,353.0,23.0,37.0,23.0,22.5,26.0,10,18.0,23.25,5,2
2024,11,44,Personal Care,HUL,Clinic Plus Shampoo,26,4284.347018092508,867.6696255261531,331.14285714285717,7.0,23.0,37.0,23.25,39.0,10,23.0,21.75,5,2
2024,11,45,Personal Care,HUL,Clinic Plus Shampoo,39,4732.678808421479,800.8799721291188,279.2307692307692,26.0,7.0,23.0,23.75,25.0,10,37.0,22.5,5,2
2024,11,46,Personal Care,HUL,Clinic Plus Shampoo,25,3702.9606527729156,823.11582804163,311.5,39.0,26.0,7.0,24.25,19.0,10,23.0,24.75,5,2
2024,11,47,Personal Care,HUL,Clinic Plus Shampoo,19,2251.1211309198543,308.5349996825804,402.2857142857143,25.0,39.0,26.0,27.25,37.0,10,7.0,24.875,5,2
2024,11,48,Personal Care,HUL,Clinic Plus Shampoo,37,3551.870124799879,615.7350268482123,279.54545454545456,19.0,25.0,39.0,30.0,2.0,10,26.0,26.625,5,2
2024,12,48,Personal Care,HUL,Clinic Plus Shampoo,2,182.09214458834663,39.52650827551662,177.0,37.0,19.0,25.0,20.75,32.0,10,39.0,22.25,5,2
2024,12,49,Personal Care,HUL,Clinic Plus Shampoo,32,5421.218860557593,1087.199611521251,272.45454545454544,2.0,37.0,19.0,22.5,24.0,10,25.0,23.375,5,2
2024,12,50,Personal Care,HUL,Clinic Plus Shampoo,24,3064.2289722566506,521.7432055629579,354.125,32.0,2.0,37.0,23.75,30.0,10,19.0,25.5,5,2
2024,12,51,Personal Care,HUL,Clinic Plus Shampoo,30,4035.2210090650906,712.5469964967882,294.54545454545456,24.0,32.0,2.0,22.0,29.0,10,37.0,26.0,5,2
2024,2,9,Home Care,HUL,Comfort Fabric,20,3376.969572509344,710.8375914487915,250.71428571428572,26.0,27.0,23.0,24.0,18.0,11,14.0,21.625,4,2
2024,3,9,Home Care,HUL,Comfort Fabric,18,2613.8026346443016,521.0771905967496,329.2,20.0,26.0,27.0,22.75,10.0,11,23.0,19.0,4,2
2024,3,10,Home Care,HUL,Comfort Fabric,10,1553.2192152355512,294.0797387588551,194.75,18.0,20.0,26.0,18.5,56.0,11,27.0,17.875,4,2
2024,3,11,Home Care,HUL,Comfort Fabric,56,8446.01693917455,1501.5226899385966,276.25,10.0,18.0,20.0,26.0,27.0,11,26.0,24.25,4,2
2024,3,12,Home Care,HUL,Comfort Fabric,27,3337.6533637694583,559.092742119622,229.11111111111111,56.0,10.0,18.0,27.75,21.0,11,20.0,25.875,4,2
2024,3,13,Home Care,HUL,Comfort Fabric,21,2759.0398563041435,582.5993267284437,290.3333333333333,27.0,56.0,10.0,28.5,36.0,11,18.0,25.625,4,2
2024,4,14,Home Care,HUL,Comfort Fabric,36,6855.262906413496,1684.1721444572202,283.1666666666667,21.0,27.0,56.0,35.0,26.0,11,10.0,26.75,4,2
2024,4,15,Home Care,HUL,Comfort Fabric,26,4530.168747845479,859.5682075911388,312.7142857142857,36.0,21.0,27.0,27.5,34.0,11,56.0,26.75,4,2
2024,4,16,Home Care,HUL,Comfort Fabric,34,4119.701046248603,867.471000609915,315.8333333333333,26.0,36.0,21.0,29.25,23.0,11,27.0,28.5,4,2
2024,4,17,Home Care,HUL,Comfort Fabric,23,3158.7469578532605,609.6815914553365,284.77777777777777,34.0,26.0,36.0,29.75,15.0,11,21.0,29.125,4,2
2024,4,18,Home Care,HUL,Comfort Fabric,15,1678.5582348783928,210.02591665632642,273.8333333333333,23.0,34.0,26.0,24.5,31.0,11,36.0,29.75,4,2
2024,5,18,Home Care,HUL,Comfort Fabric,31,3126.110299015439,459.01149713722737,255.91666666666666,15.0,23.0,34.0,25.75,35.0,11,26.0,26.625,4,2
2024,5,19,Home Care,HUL,Comfort Fabric,35,4052.6981453568574,747.9890688323064,299.15384615384613,31.0,15.0,23.0,26.0,35.0,11,34.0,27.625,4,2
2024,5,20,Home Care,HUL,Comfort Fabric,35,4175.683425085745,948.7816770346948,259.9166666666667,35.0,31.0,15.0,29.0,39.0,11,23.0,29.375,4,2
2024,5,21,Home Care,HUL,Comfort Fabric,39,6446.491690698208,1675.007163022836,250.69230769230768,35.0,35.0,31.0,35.0,18.0,11,15.0,29.75,4,2
2024,5,22,Home Care,HUL,Comfort Fabric,18,2913.410527999761,575.0214703713216,247.0,39.0,35.0,35.0,31.75,11.0,11,31.0,28.75,4,2
2024,6,22,Home Care,HUL,Comfort Fabric,11,1151.864532103107,139.9719361065727,350.6666666666667,18.0,39.0,35.0,25.75,38.0,11,35.0,25.875,4,2
2024,6,23,Home Care,HUL,Comfort Fabric,38,4025.927399054143,901.3597288777439,279.7692307692308,11.0,18.0,39.0,26.5,35.0,11,35.0,27.75,4,2
2024,6,24,Home Care,HUL,Comfort Fabric,35,4219.775188713657,903.4513843530498,264.57142857142856,38.0,11.0,18.0,25.5,27.0,11,39.0,30.25,4,2
2024,6,25,Home Care,HUL,Comfort Fabric,27,3736.620263673707,540.7810296705098,335.3333333333333,35.0,38.0,11.0,27.75,13.0,11,18.0,29.75,4,2
2024,6,26,Home Care,HUL,Comfort Fabric,13,2025.1603121581907,434.0739714590823,387.4,27.0,35.0,38.0,28.25,16.0,11,11.0,27.0,4,2
2024,7,27,Home Care,HUL,Comfort Fabric,16,2774.067170115211,534.5925394505042,198.83333333333334,13.0,27.0,35.0,22.75,37.0,11,38.0,24.625,4,2
2024,7,28,Home Care,HUL,Comfort Fabric,37,4928.828029381158,1039.5303508142053,284.9,16.0,13.0,27.0,23.25,35.0,11,35.0,24.375,4,2
2024,7,29,Home Care,HUL,Comfort Fabric,35,5141.454525185677,950.1521852387085,265.8181818181818,37.0,16.0,13.0,25.25,29.0,11,27.0,26.5,4,2
2024,7,30,Home Care,HUL,Comfort Fabric,29,3193.026352376029,508.29346151630386,370.9,35.0,37.0,16.0,29.25,12.0,11,13.0,28.75,4,2
2024,7,31,Home Care,HUL,Comfort Fabric,12,1716.7710458268252,371.1159922407806,350.25,29.0,35.0,37.0,28.25,17.0,11,16.0,25.5,4,2
2024,8,31,Home Care,HUL,Comfort Fabric,17,2215.689950875766,209.7137307233468,333.0,12.0,29.0,35.0,23.25,41.0,11,37.0,23.25,4,2
2024,8,32,Home Care,HUL,Comfort Fabric,41,4980.29501947183,955.0249926137645,273.6666666666667,17.0,12.0,29.0,24.75,29.0,11,35.0,25.0,4,2
2024,8,33,Home Care,HUL,Comfort Fabric,29,4892.256154757182,862.9932342863253,324.8888888888889,41.0,17.0,12.0,24.75,25.0,11,29.0,27.0,4,2
2024,8,34,Home Care,HUL,Comfort Fabric,25,2394.3474181156166,424.0545364513435,245.88888888888889,29.0,41.0,17.0,28.0,17.0,11,12.0,28.125,4,2
2024,8,35,Home Care,HUL,Comfort Fabric,17,572.9290124800807,119.95410189963917,356.2,25.0,29.0,41.0,28.0,17.0,11,17.0,25.625,4,2
2024,9,35,Home Care,HUL,Comfort Fabric,17,2253.3209655542432,535.0956215261177,269.2,17.0,25.0,29.0,22.0,17.0,11,41.0,23.375,4,2
2024,9,36,Home Care,HUL,Comfort Fabric,17,1791.7460165954658,460.70873567215403,241.2,17.0,17.0,25.0,19.0,34.0,11,29.0,21.875,4,2
2024,9,37,Home Care,HUL,Comfort Fabric,34,4906.4705851301005,767.840810735921,286.5,17.0,17.0,17.0,21.25,36.0,11,25.0,24.625,4,2
2024,9,38,Home Care,HUL,Comfort Fabric,36,4164.6393357021725,770.460912603919,306.3333333333333,34.0,17.0,17.0,26.0,35.0,11,17.0,27.0,4,2
2024,9,39,Home Care,HUL,Comfort Fabric,35,4870.85080039457,1141.1830385002188,354.0,36.0,34.0,17.0,30.5,22.0,11,17.0,26.25,4,2
2024,10,40,Home Care,HUL,Comfort Fabric,22,2640.6603778321505,258.09158133100226,304.0,35.0,36.0,34.0,31.75,41.0,11,17.0,25.375,4,2
2024,10,41,Home Care,HUL,Comfort Fabric,41,2860.4376389275276,519.7556353278246,279.5833333333333,22.0,35.0,36.0,33.5,21.0,11,34.0,27.375,4,2
2024,10,42,Home Care,HUL,Comfort Fabric,21,3221.731123299612,801.5985001821019,250.71428571428572,41.0,22.0,35.0,29.75,42.0,11,36.0,27.875,4,2
2024,10,43,Home Care,HUL,Comfort Fabric,42,4857.237954746982,1180.4674825578443,205.5,21.0,41.0,22.0,31.5,38.0,11,35.0,31.0,4,2
2024,10,44,Home Care,HUL,Comfort Fabric,38,5015.33554502772,704.4164504839973,263.25,42.0,21.0,41.0,35.5,15.0,11,22.0,33.625,4,2
2024,11,44,Home Care,HUL,Comfort Fabric,15,2466.79878812887,437.11702182062254,360.6666666666667,38.0,42.0,21.0,29.0,23.0,11,41.0,31.25,4,2
2024,11,45,Home Care,HUL,Comfort Fabric,23,2541.4384094008647,459.0015294892326,300.75,15.0,38.0,42.0,29.5,19.0,11,21.0,29.625,4,2
2024,11,46,Home Care,HUL,Comfort Fabric,19,2757.5548406267135,527.8076421841675,252.0,23.0,15.0,38.0,23.75,46.0,11,42.0,27.625,4,2
2024,11,47,Home Care,HUL,Comfort Fabric,46,6942.9035253673965,1434.574828350836,207.53846153846155,19.0,23.0,15.0,25.75,17.0,11,38.0,30.625,4,2
2024,11,48,Home Care,HUL,Comfort Fabric,17,2690.9169612758697,443.18867474217825,222.375,46.0,19.0,23.0,26.25,4.0,11,15.0,27.625,4,2
2024,12,48,Home Care,HUL,Comfort Fabric,4,518.1559635056583,129.93852116692563,343.0,17.0,46.0,19.0,21.5,53.0,11,23.0,25.5,4,2
2024,12,49,Home Care,HUL,Comfort Fabric,53,7157.959728368921,1446.0884333217966,297.8125,4.0,17.0,46.0,30.0,23.0,11,19.0,26.875,4,2
2024,12,50,Home Care,HUL,Comfort Fabric,23,3084.2323529111427,495.71151456913907,294.4,53.0,4.0,17.0,24.25,22.0,11,46.0,25.0,4,2
2024,12,51,Home Care,HUL,Comfort Fabric,22,2376.412712247737,526.6881679473038,263.7142857142857,23.0,53.0,4.0,25.5,29.0,11,17.0,25.875,4,2
2024,2,9,Snacks,PepsiCo,Doritos Nacho,14,1718.4298169041883,420.2084187168615,221.75,27.0,17.0,24.0,20.5,9.0,12,6.0,16.125,6,6
2024,3,9,Snacks,PepsiCo,Doritos Nacho,9,916.914582228412,199.5286815228478,279.3333333333333,14.0,27.0,17.0,16.75,38.0,12,24.0,15.25,6,6
2024,3,10,Snacks,PepsiCo,Doritos Nacho,38,4381.596895844521,862.0761751482339,222.84615384615384,9.0,14.0,27.0,22.0,26.0,12,17.0,17.75,6,6
2024,3,11,Snacks,PepsiCo,Doritos Nacho,26,1729.0672052282157,382.12354678754076,292.90909090909093,38.0,9.0,14.0,21.75,17.0,12,27.0,20.125,6,6
2024,3,12,Snacks,PepsiCo,Doritos Nacho,17,3346.922494000701,664.2953867889854,305.3333333333333,26.0,38.0,9.0,22.5,27.0,12,14.0,21.5,6,6
2024,3,13,Snacks,PepsiCo,Doritos Nacho,27,4240.646332318118,973.0356669274211,230.0,17.0,26.0,38.0,27.0,24.0,12,9.0,21.875,6,6
2024,4,14,Snacks,PepsiCo,Doritos Nacho,24,2987.8261265998485,662.7532450050616,310.77777777777777,27.0,17.0,26.0,23.5,25.0,12,38.0,22.75,6,6
2024,4,15,Snacks,PepsiCo,Doritos Nacho,25,2666.636759875926,706.0323845979714,344.125,24.0,27.0,17.0,23.25,26.0,12,26.0,22.5,6,6
2024,4,16,Snacks,PepsiCo,Doritos Nacho,26,3638.185417184531,678.7654080168791,259.0,25.0,24.0,27.0,25.5,29.0,12,17.0,24.0,6,6
2024,4,17,Snacks,PepsiCo,Doritos Nacho,29,4826.656419919645,856.3104127388142,277.6666666666667,26.0,25.0,24.0,26.0,1.0,12,27.0,26.5,6,6
2024,4,18,Snacks,PepsiCo,Doritos Nacho,1,49.68279174184364,12.24970652914849,368.0,29.0,26.0,25.0,20.25,16.0,12,24.0,21.875,6,6
2024,5,18,Snacks,PepsiCo,Doritos Nacho,16,2085.08787310382,356.40480548458584,178.5,1.0,29.0,26.0,18.0,13.0,12,25.0,20.625,6,6
2024,5,19,Snacks,PepsiCo,Doritos Nacho,13,2136.712689785807,543.1352776436889,334.25,16.0,1.0,29.0,14.75,23.0,12,26.0,20.125,6,6
2024,5,20,Snacks,PepsiCo,Doritos Nacho,23,2608.9038176491413,501.829280045954,314.42857142857144,13.0,16.0,1.0,13.25,18.0,12,29.0,19.625,6,6
2024,5,21,Snacks,PepsiCo,Doritos Nacho,18,2315.1842109222553,596.4107136880061,287.0,23.0,13.0,16.0,17.5,9.0,12,1.0,18.875,6,6
2024,5,22,Snacks,PepsiCo,Doritos Nacho,9,732.5106148160598,142.83886959601335,226.66666666666666,18.0,23.0,13.0,15.75,8.0,12,16.0,16.875,6,6
2024,6,22,Snacks,PepsiCo,Doritos Nacho,8,1515.5838295004899,86.59975693479748,140.5,9.0,18.0,23.0,14.5,28.0,12,13.0,14.625,6,6
2024,6,23,Snacks,PepsiCo,Doritos Nacho,28,3432.2628116844953,678.0071199358816,241.66666666666666,8.0,9.0,18.0,15.75,15.0,12,23.0,14.5,6,6
2024,6,24,Snacks,PepsiCo,Doritos Nacho,15,1404.419311195408,210.43348468344013,308.7142857142857,28.0,8.0,9.0,15.0,16.0,12,18.0,16.25,6,6
2024,6,25,Snacks,PepsiCo,Doritos Nacho,16,2839.2197502822096,542.0811621535026,328.0,15.0,28.0,8.0,16.75,12.0,12,9.0,16.25,6,6
2024,6,26,Snacks,PepsiCo,Doritos Nacho,12,1990.8521835592505,415.0571718966257,248.5,16.0,15.0,28.0,17.75,33.0,12,8.0,16.125,6,6
2024,7,27,Snacks,PepsiCo,Doritos Nacho,33,3671.4667654310438,708.4925163885425,264.6363636363636,12.0,16.0,15.0,19.0,18.0,12,28.0,17.375,6,6
2024,7,28,Snacks,PepsiCo,Doritos Nacho,18,1520.2681406504344,235.27504923916902,227.0,33.0,12.0,16.0,19.75,43.0,12,15.0,17.375,6,6
2024,7,29,Snacks,PepsiCo,Doritos Nacho,43,6254.909851523957,1463.5225952687194,280.75,18.0,33.0,12.0,26.5,5.0,12,16.0,21.625,6,6
2024,7,30,Snacks,PepsiCo,Doritos Nacho,5,65.71527965465306,3.629195320524417,245.0,43.0,18.0,33.0,24.75,6.0,12,12.0,21.25,6,6
2024,7,31,Snacks,PepsiCo,Doritos Nacho,6,676.1112022700639,106.26415761151003,295.0,5.0,43.0,18.0,18.0,6.0,12,33.0,18.5,6,6
2024,8,31,Snacks,PepsiCo,Doritos Nacho,6,974.5581272160047,216.05138217042253,180.66666666666666,6.0,5.0,43.0,15.0,28.0,12,18.0,17.375,6,6
2024,8,32,Snacks,PepsiCo,Doritos Nacho,28,4490.490689616998,1153.0514948898526,308.44444444444446,6.0,6.0,5.0,11.25,37.0,12,43.0,18.875,6,6
2024,8,33,Snacks,PepsiCo,Doritos Nacho,37,5287.538587628195,898.0865446643181,341.54545454545456,28.0,6.0,6.0,19.25,26.0,12,5.0,22.0,6,6
2024,8,34,Snacks,PepsiCo,Doritos Nacho,26,4541.486266635326,805.1151999933679,219.44444444444446,37.0,28.0,6.0,24.25,17.0,12,6.0,21.125,6,6
2024,8,35,Snacks,PepsiCo,Doritos Nacho,17,1532.2949129644815,322.1407757493415,257.75,26.0,37.0,28.0,27.0,14.0,12,6.0,21.0,6,6
2024,9,36,Snacks,PepsiCo,Doritos Nacho,14,1347.9852911110024,282.5657105984294,251.71428571428572,17.0,26.0,37.0,23.5,30.0,12,28.0,17.375,6,6
2024,9,37,Snacks,PepsiCo,Doritos Nacho,30,3642.9027268387536,832.7607452866391,316.1,14.0,17.0,26.0,21.75,17.0,12,37.0,20.5,6,6
2024,9,38,Snacks,PepsiCo,Doritos Nacho,17,2440.202820628714,585.648737581768,247.625,30.0,14.0,17.0,19.5,25.0,12,26.0,21.875,6,6
2024,9,39,Snacks,PepsiCo,Doritos Nacho,25,3262.1931062290205,708.7450468294032,213.44444444444446,17.0,30.0,14.0,21.5,2.0,12,17.0,24.25,6,6
2024,9,40,Snacks,PepsiCo,Doritos Nacho,2,127.82218621174768,9.734559700827297,338.0,25.0,17.0,30.0,18.5,26.0,12,14.0,21.0,6,6
2024,10,40,Snacks,PepsiCo,Doritos Nacho,26,1871.0870531745393,359.8328935122663,290.25,2.0,25.0,17.0,17.5,6.0,12,30.0,19.625,6,6
2024,10,41,Snacks,PepsiCo,Doritos Nacho,6,1242.6854169502053,303.88371581348366,183.0,26.0,2.0,25.0,14.75,10.0,12,17.0,17.125,6,6
2024,10,42,Snacks,PepsiCo,Doritos Nacho,10,1150.0168746126678,191.67747343367813,211.6,6.0,26.0,2.0,11.0,10.0,12,25.0,16.25,6,6
2024,10,43,Snacks,PepsiCo,Doritos Nacho,10,1324.6905763945838,186.9050802237137,232.75,10.0,6.0,26.0,13.0,5.0,12,2.0,15.75,6,6
2024,10,44,Snacks,PepsiCo,Doritos Nacho,5,968.6416075567398,254.27565969900718,334.3333333333333,10.0,10.0,6.0,7.75,25.0,12,26.0,12.625,6,6
2024,11,45,Snacks,PepsiCo,Doritos Nacho,25,3557.6596229542165,664.0566494826985,292.0,5.0,10.0,10.0,12.5,12.0,12,6.0,13.625,6,6
2024,11,46,Snacks,PepsiCo,Doritos Nacho,12,1319.6824272187548,328.46638164848935,262.6666666666667,25.0,5.0,10.0,13.0,21.0,12,10.0,12.0,6,6
2024,11,47,Snacks,PepsiCo,Doritos Nacho,21,1916.4035105044804,359.530167217123,344.2,12.0,25.0,5.0,15.75,17.0,12,10.0,14.375,6,6
2024,11,48,Snacks,PepsiCo,Doritos Nacho,17,2069.609344857692,328.61243466488264,207.4,21.0,12.0,25.0,18.75,20.0,12,5.0,13.25,6,6
2024,12,49,Snacks,PepsiCo,Doritos Nacho,20,3047.401163819566,488.02139845924125,313.1666666666667,17.0,21.0,12.0,17.5,19.0,12,25.0,15.0,6,6
2024,12,50,Snacks,PepsiCo,Doritos Nacho,19,3473.326391717662,768.0373091074719,325.57142857142856,20.0,17.0,21.0,19.25,12.0,12,12.0,16.125,6,6
2024,12,51,Snacks,PepsiCo,Doritos Nacho,12,2190.003077582384,426.0601095042051,282.6666666666667,19.0,20.0,17.0,17.0,23.0,12,21.0,16.375,6,6
2024,2,9,Personal Care,HUL,Dove Soap,5,732.8889671918331,187.1223382389909,220.0,21.0,31.0,26.0,20.75,9.0,13,13.0,23.0,5,2
2024,3,9,Personal Care,HUL,Dove Soap,9,1203.2871872141159,208.40939270536643,320.6666666666667,5.0,21.0,31.0,16.5,23.0,13,26.0,21.5,5,2
2024,3,10,Personal Care,HUL,Dove Soap,23,3014.2032503831792,530.6760171449165,323.3333333333333,9.0,5.0,21.0,14.5,41.0,13,31.0,19.625,5,2
2024,3,11,Personal Care,HUL,Dove Soap,41,5901.905656364178,1151.3988613173262,249.06666666666666,23.0,9.0,5.0,19.5,36.0,13,21.0,21.125,5,2
2024,3,12,Personal Care,HUL,Dove Soap,36,4119.132732425428,785.4065754562799,293.2307692307692,41.0,23.0,9.0,27.25,34.0,13,5.0,24.0,5,2
2024,3,13,Personal Care,HUL,Dove Soap,34,3626.822269329478,751.4226980567388,270.3333333333333,36.0,41.0,23.0,33.5,29.0,13,9.0,25.0,5,2
2024,4,14,Personal Care,HUL,Dove Soap,29,3993.6700619924004,792.7456452482631,229.8181818181818,34.0,36.0,41.0,35.0,31.0,13,23.0,24.75,5,2
2024,4,15,Personal Care,HUL,Dove Soap,31,3651.947625405518,823.9423468484746,331.6,29.0,34.0,36.0,32.5,41.0,13,41.0,26.0,5,2
2024,4,16,Personal Care,HUL,Dove Soap,41,5578.368325994217,1223.698157051228,270.46666666666664,31.0,29.0,34.0,33.75,18.0,13,36.0,30.5,5,2
2024,4,17,Personal Care,HUL,Dove Soap,18,2566.9223414220032,604.2310516321689,378.85714285714283,41.0,31.0,29.0,29.75,3.0,13,34.0,31.625,5,2
2024,4,18,Personal Care,HUL,Dove Soap,3,564.0672354355843,39.08933575767858,134.5,18.0,41.0,31.0,23.25,36.0,13,29.0,29.125,5,2
2024,5,18,Personal Care,HUL,Dove Soap,36,5004.158266589799,1288.9487330109187,229.5,3.0,18.0,41.0,24.5,38.0,13,31.0,28.5,5,2
2024,5,19,Personal Care,HUL,Dove Soap,38,4597.4091076658315,787.7934401220773,284.1666666666667,36.0,3.0,18.0,23.75,36.0,13,41.0,28.75,5,2
2024,5,20,Personal Care,HUL,Dove Soap,36,4829.382107130263,1000.5225557686383,361.46153846153845,38.0,36.0,3.0,28.25,30.0,13,18.0,29.0,5,2
2024,5,21,Personal Care,HUL,Dove Soap,30,3996.9085871448406,758.6545538250888,283.0,36.0,38.0,36.0,35.0,23.0,13,3.0,29.125,5,2
2024,5,22,Personal Care,HUL,Dove Soap,23,2590.6478283591096,415.0376396235521,236.5,30.0,36.0,38.0,31.75,10.0,13,36.0,28.125,5,2
2024,6,22,Personal Care,HUL,Dove Soap,10,1536.2129760058158,378.3651409909882,249.25,23.0,30.0,36.0,24.75,22.0,13,38.0,24.25,5,2
2024,6,23,Personal Care,HUL,Dove Soap,22,2446.9026846527295,439.4017625708427,268.7142857142857,10.0,23.0,30.0,21.25,33.0,13,36.0,24.75,5,2
2024,6,24,Personal Care,HUL,Dove Soap,33,4998.811683064898,1092.4035671056854,231.13333333333333,22.0,10.0,23.0,22.0,22.0,13,30.0,28.5,5,2
2024,6,25,Personal Care,HUL,Dove Soap,22,2767.492325183708,621.7841479880454,218.88888888888889,33.0,22.0,10.0,21.75,47.0,13,23.0,26.75,5,2
2024,6,26,Personal Care,HUL,Dove Soap,47,6330.557068976281,1276.0976357698787,278.14285714285717,22.0,33.0,22.0,31.0,36.0,13,10.0,27.875,5,2
2024,7,27,Personal Care,HUL,Dove Soap,36,5527.8718246615335,1005.7669990509698,242.33333333333334,47.0,22.0,33.0,34.5,64.0,13,22.0,27.875,5,2
2024,7,28,Personal Care,HUL,Dove Soap,64,7983.051940902817,1846.1786436294317,303.94736842105266,36.0,47.0,22.0,42.25,30.0,13,33.0,32.125,5,2
2024,7,29,Personal Care,HUL,Dove Soap,30,4279.258722024595,1015.5398934412153,343.5,64.0,36.0,47.0,44.25,28.0,13,22.0,33.0,5,2
2024,7,30,Personal Care,HUL,Dove Soap,28,4228.3717666254715,799.9698728031861,338.4,30.0,64.0,36.0,39.5,24.0,13,47.0,35.25,5,2
2024,7,31,Personal Care,HUL,Dove Soap,24,2970.1098800669215,356.537470252122,255.625,28.0,30.0,64.0,36.5,2.0,13,36.0,35.5,5,2
2024,8,31,Personal Care,HUL,Dove Soap,2,383.881002054474,65.98377873802622,249.0,24.0,28.0,30.0,21.0,27.0,13,64.0,31.625,5,2
2024,8,32,Personal Care,HUL,Dove Soap,27,2772.3426755076375,665.5689956492909,247.4,2.0,24.0,28.0,20.25,39.0,13,30.0,32.25,5,2
2024,8,33,Personal Care,HUL,Dove Soap,39,5577.411124726756,1218.972319863361,247.71428571428572,27.0,2.0,24.0,23.0,22.0,13,28.0,31.25,5,2
2024,8,34,Personal Care,HUL,Dove Soap,22,2755.44509338753,610.0377400449124,346.55555555555554,39.0,27.0,2.0,22.5,32.0,13,24.0,29.5,5,2
2024,8,35,Personal Care,HUL,Dove Soap,32,4256.46056211353,916.2251914060695,257.4166666666667,22.0,39.0,27.0,30.0,4.0,13,2.0,25.5,5,2
2024,9,35,Personal Care,HUL,Dove Soap,4,233.79711857541568,22.373036352210022,74.0,32.0,22.0,39.0,24.25,35.0,13,27.0,22.25,5,2
2024,9,36,Personal Care,HUL,Dove Soap,35,4317.937686362495,827.2080318567282,334.125,4.0,32.0,22.0,23.25,41.0,13,39.0,23.125,5,2
2024,9,37,Personal Care,HUL,Dove Soap,41,5052.224874765999,928.7078483901628,257.14285714285717,35.0,4.0,32.0,28.0,44.0,13,22.0,25.25,5,2
2024,9,38,Personal Care,HUL,Dove Soap,44,4653.772184847608,776.4670222277831,271.35714285714283,41.0,35.0,4.0,31.0,20.0,13,32.0,30.5,5,2
2024,9,39,Personal Care,HUL,Dove Soap,20,2765.4514937997337,433.7039001212559,356.14285714285717,44.0,41.0,35.0,35.0,3.0,13,4.0,29.625,5,2
2024,9,40,Personal Care,HUL,Dove Soap,3,606.0567336835926,132.9031558447473,125.0,20.0,44.0,41.0,27.0,24.0,13,35.0,25.125,5,2
2024,10,40,Personal Care,HUL,Dove Soap,24,2388.6071098411267,472.9839322574129,294.44444444444446,3.0,20.0,44.0,22.75,29.0,13,41.0,25.375,5,2
2024,10,41,Personal Care,HUL,Dove Soap,29,3714.376496269484,685.9661390849325,242.63636363636363,24.0,3.0,20.0,19.0,33.0,13,44.0,25.0,5,2
2024,10,42,Personal Care,HUL,Dove Soap,33,3638.307926044455,599.0935264147856,258.0,29.0,24.0,3.0,22.25,19.0,13,20.0,28.625,5,2
2024,10,43,Personal Care,HUL,Dove Soap,19,2286.607590190129,454.60172615595195,361.0,33.0,29.0,24.0,26.25,28.0,13,3.0,26.625,5,2
2024,10,44,Personal Care,HUL,Dove Soap,28,2469.1379975728787,435.0263884206029,225.875,19.0,33.0,29.0,27.25,36.0,13,24.0,25.0,5,2
2024,11,44,Personal Care,HUL,Dove Soap,36,5568.01396240607,1109.7142786217564,322.5,28.0,19.0,33.0,29.0,24.0,13,29.0,24.0,5,2
2024,11,45,Personal Care,HUL,Dove Soap,24,1964.178094188785,340.33909237935694,288.14285714285717,36.0,28.0,19.0,26.75,28.0,13,33.0,24.5,5,2
2024,11,46,Personal Care,HUL,Dove Soap,28,2607.5018809498065,588.1759542891324,220.45454545454547,24.0,36.0,28.0,29.0,42.0,13,19.0,27.625,5,2
2024,11,47,Personal Care,HUL,Dove Soap,42,5314.196018603382,978.4417584180487,257.92857142857144,28.0,24.0,36.0,32.5,29.0,13,28.0,29.875,5,2
2024,11,48,Personal Care,HUL,Dove Soap,29,3363.9112090703525,717.5152719278955,238.0,42.0,28.0,24.0,30.75,6.0,13,36.0,29.875,5,2
2024,12,48,Personal Care,HUL,Dove Soap,6,576.8776723054581,159.3284680515764,433.5,29.0,42.0,28.0,26.25,17.0,13,24.0,26.5,5,2
2024,12,49,Personal Care,HUL,Dove Soap,17,2575.5474437649686,548.840115396183,309.625,6.0,29.0,42.0,23.5,30.0,13,28.0,26.25,5,2
2024,12,50,Personal Care,HUL,Dove Soap,30,5360.684603705255,1118.344118964519,370.4,17.0,6.0,29.0,20.5,44.0,13,42.0,26.5,5,2
2024,12,51,Personal Care,HUL,Dove Soap,44,5856.1143210227865,1271.3257954561534,244.84615384615384,30.0,17.0,6.0,24.25,34.0,13,29.0,27.5,5,2
2024,2,9,Snacks,Britannia,Good Day Biscuit,19,2338.4106120994293,500.69644181311213,312.0,14.0,27.0,29.0,22.25,2.0,14,16.0,23.125,6,1
2024,3,9,Snacks,Britannia,Good Day Biscuit,2,354.3027101497588,98.26324706540679,154.0,19.0,14.0,27.0,15.5,41.0,14,29.0,18.25,6,1
2024,3,10,Snacks,Britannia,Good Day Biscuit,41,5753.987804999239,1175.5505667066716,222.4,2.0,19.0,14.0,19.0,18.0,14,27.0,20.625,6,1
2024,3,11,Snacks,Britannia,Good Day Biscuit,18,2323.190790060058,660.4269714896446,264.1666666666667,41.0,2.0,19.0,20.0,37.0,14,14.0,20.75,6,1
2024,3,12,Snacks,Britannia,Good Day Biscuit,37,5317.6721863245,1186.7564789189823,271.1818181818182,18.0,41.0,2.0,24.5,28.0,14,19.0,23.375,6,1
2024,3,13,Snacks,Britannia,Good Day Biscuit,28,3192.241316171665,554.3760809190644,255.54545454545453,37.0,18.0,41.0,31.0,18.0,14,2.0,23.25,6,1
2024,4,14,Snacks,Britannia,Good Day Biscuit,18,2296.0918925347905,514.5847750851628,251.5,28.0,37.0,18.0,25.25,32.0,14,41.0,22.125,6,1
2024,4,15,Snacks,Britannia,Good Day Biscuit,32,4804.929637817053,1117.5487539005298,304.1,18.0,28.0,37.0,28.75,29.0,14,18.0,24.375,6,1
2024,4,16,Snacks,Britannia,Good Day Biscuit,29,3885.8752406753492,771.857672529609,293.7,32.0,18.0,28.0,26.75,19.0,14,37.0,25.625,6,1
2024,4,17,Snacks,Britannia,Good Day Biscuit,19,3004.078281802965,557.1988834033151,345.0,29.0,32.0,18.0,24.5,2.0,14,28.0,27.75,6,1
2024,4,18,Snacks,Britannia,Good Day Biscuit,2,323.54703434273887,78.7452511704549,468.0,19.0,29.0,32.0,20.5,14.0,14,18.0,22.875,6,1
2024,5,18,Snacks,Britannia,Good Day Biscuit,14,2075.134910412934,439.4444977922492,290.6,2.0,19.0,29.0,16.0,25.0,14,32.0,22.375,6,1
2024,5,19,Snacks,Britannia,Good Day Biscuit,25,3904.1375826968556,689.1604059198442,243.44444444444446,14.0,2.0,19.0,15.0,26.0,14,29.0,20.875,6,1
2024,5,20,Snacks,Britannia,Good Day Biscuit,26,3601.639119095931,655.6675811366555,269.42857142857144,25.0,14.0,2.0,16.75,23.0,14,19.0,20.625,6,1
2024,5,21,Snacks,Britannia,Good Day Biscuit,23,4565.171347508125,1002.7625055798146,225.0,26.0,25.0,14.0,22.0,55.0,14,2.0,21.25,6,1
2024,5,22,Snacks,Britannia,Good Day Biscuit,55,8392.219464943431,1580.4081865399517,292.8235294117647,23.0,26.0,25.0,32.25,7.0,14,14.0,24.125,6,1
2024,6,22,Snacks,Britannia,Good Day Biscuit,7,1200.044083559823,274.2650624333015,372.0,55.0,23.0,26.0,27.75,33.0,14,25.0,21.375,6,1
2024,6,23,Snacks,Britannia,Good Day Biscuit,33,4680.158718111571,807.3435746317209,295.9166666666667,7.0,55.0,23.0,29.5,33.0,14,26.0,23.125,6,1
2024,6,24,Snacks,Britannia,Good Day Biscuit,33,3345.284188821069,644.6577080009972,204.1818181818182,33.0,7.0,55.0,32.0,30.0,14,23.0,27.0,6,1
2024,6,25,Snacks,Britannia,Good Day Biscuit,30,4651.707141259637,887.1729972593145,217.88888888888889,33.0,33.0,7.0,25.75,23.0,14,55.0,29.0,6,1
2024,6,26,Snacks,Britannia,Good Day Biscuit,23,2507.2748729819473,519.8172172315707,251.25,30.0,33.0,33.0,29.75,26.0,14,7.0,28.75,6,1
2024,7,27,Snacks,Britannia,Good Day Biscuit,26,4708.929529086509,902.5395787574718,226.77777777777777,23.0,30.0,33.0,28.0,21.0,14,33.0,28.75,6,1
2024,7,28,Snacks,Britannia,Good Day Biscuit,21,3498.3986600799744,722.422740168601,292.5,26.0,23.0,30.0,25.0,23.0,14,33.0,28.5,6,1
2024,7,29,Snacks,Britannia,Good Day Biscuit,23,1942.0887846913845,439.8657256222567,289.625,21.0,26.0,23.0,23.25,31.0,14,30.0,24.5,6,1
2024,7,30,Snacks,Britannia,Good Day Biscuit,31,4437.462433614154,847.4270493617548,260.6,23.0,21.0,26.0,25.25,12.0,14,23.0,27.5,6,1
2024,7,31,Snacks,Britannia,Good Day Biscuit,12,1855.227948463429,307.3683984966161,289.5,31.0,23.0,21.0,21.75,14.0,14,26.0,24.875,6,1
2024,8,31,Snacks,Britannia,Good Day Biscuit,14,2474.153131180409,533.9807427207934,273.0,12.0,31.0,23.0,20.0,40.0,14,21.0,22.5,6,1
2024,8,32,Snacks,Britannia,Good Day Biscuit,40,3441.443559777047,724.3098437559781,237.0,14.0,12.0,31.0,24.25,30.0,14,23.0,23.75,6,1
2024,8,33,Snacks,Britannia,Good Day Biscuit,30,3320.4421436191737,761.8147721629837,249.9,40.0,14.0,12.0,24.0,42.0,14,31.0,24.625,6,1
2024,8,34,Snacks,Britannia,Good Day Biscuit,42,6462.776382115069,1412.1265784961283,281.15384615384613,30.0,40.0,14.0,31.5,27.0,14,12.0,26.625,6,1
2024,8,35,Snacks,Britannia,Good Day Biscuit,27,3650.351799484567,859.3274041932586,333.375,42.0,30.0,40.0,34.75,8.0,14,14.0,27.375,6,1
2024,9,35,Snacks,Britannia,Good Day Biscuit,8,566.6694763212384,132.8100977970497,478.0,27.0,42.0,30.0,26.75,36.0,14,40.0,25.5,6,1
2024,9,36,Snacks,Britannia,Good Day Biscuit,36,4845.695843100614,1113.88010654607,261.0,8.0,27.0,42.0,28.25,28.0,14,30.0,26.125,6,1
2024,9,37,Snacks,Britannia,Good Day Biscuit,28,4550.440054583053,815.428346149006,245.0,36.0,8.0,27.0,24.75,33.0,14,42.0,28.125,6,1
2024,9,38,Snacks,Britannia,Good Day Biscuit,33,4262.079543860729,823.9279904180605,257.8125,28.0,36.0,8.0,26.25,26.0,14,27.0,30.5,6,1
2024,9,39,Snacks,Britannia,Good Day Biscuit,26,3225.821161257498,601.9718510035212,297.875,33.0,28.0,36.0,30.75,6.0,14,8.0,28.75,6,1
2024,9,40,Snacks,Britannia,Good Day Biscuit,6,195.70356174673924,30.922808179292176,92.0,26.0,33.0,28.0,23.25,15.0,14,36.0,25.75,6,1
2024,10,40,Snacks,Britannia,Good Day Biscuit,15,2366.7545202830484,435.9800354103059,150.4,6.0,26.0,33.0,20.0,32.0,14,28.0,22.375,6,1
2024,10,41,Snacks,Britannia,Good Day Biscuit,32,4165.987793816015,813.6338142280588,326.8181818181818,15.0,6.0,26.0,19.75,37.0,14,33.0,23.0,6,1
2024,10,42,Snacks,Britannia,Good Day Biscuit,37,4980.149230050005,832.9591586747981,256.77777777777777,32.0,15.0,6.0,22.5,37.0,14,26.0,26.625,6,1
2024,10,43,Snacks,Britannia,Good Day Biscuit,37,4454.254141211597,906.7151902277917,310.90909090909093,37.0,32.0,15.0,30.25,21.0,14,6.0,26.75,6,1
2024,10,44,Snacks,Britannia,Good Day Biscuit,21,3074.877339730745,563.5552487642019,317.5,37.0,37.0,32.0,31.75,12.0,14,15.0,25.875,6,1
2024,11,44,Snacks,Britannia,Good Day Biscuit,12,2030.6190790117103,443.66690877938584,251.4,21.0,37.0,37.0,26.75,50.0,14,32.0,23.25,6,1
2024,11,45,Snacks,Britannia,Good Day Biscuit,50,6912.281081917195,1207.926257936823,352.61538461538464,12.0,21.0,37.0,30.0,22.0,14,37.0,26.25,6,1
2024,11,46,Snacks,Britannia,Good Day Biscuit,22,2091.6331287381618,338.57286713598194,248.0,50.0,12.0,21.0,26.25,23.0,14,37.0,28.25,6,1
2024,11,47,Snacks,Britannia,Good Day Biscuit,23,3307.534520455421,685.8302665172257,363.6666666666667,22.0,50.0,12.0,26.75,4.0,14,21.0,29.25,6,1
2024,11,48,Snacks,Britannia,Good Day Biscuit,4,56.60231849958196,13.229741435515272,153.0,23.0,22.0,50.0,24.75,9.0,14,12.0,25.75,6,1
2024,12,48,Snacks,Britannia,Good Day Biscuit,9,1548.773677506553,389.61385761220436,352.3333333333333,4.0,23.0,22.0,14.5,44.0,14,50.0,22.25,6,1
2024,12,49,Snacks,Britannia,Good Day Biscuit,44,5874.1512581790375,1269.274784826432,267.0625,9.0,4.0,23.0,20.0,20.0,14,22.0,23.125,6,1
2024,12,50,Snacks,Britannia,Good Day Biscuit,20,1860.6390378789129,222.21000875366295,305.125,44.0,9.0,4.0,19.25,28.0,14,23.0,23.0,6,1
2024,12,51,Snacks,Britannia,Good Day Biscuit,28,4062.820997322365,877.0521259695139,229.36363636363637,20.0,44.0,9.0,25.25,21.0,14,4.0,25.0,6,1
2024,2,9,Snacks,Parle,Hide & Seek,9,961.4013055073152,90.87031397677737,146.0,20.0,16.0,9.0,13.5,30.0,15,25.0,15.875,6,5
2024,3,10,Snacks,Parle,Hide & Seek,30,2799.4484993865494,485.81847786752087,245.11111111111111,9.0,20.0,16.0,18.75,23.0,15,9.0,17.75,6,5
2024,3,11,Snacks,Parle,Hide & Seek,23,2449.2272125855543,542.4987004217485,239.25,30.0,9.0,20.0,20.5,64.0,15,16.0,18.25,6,5
2024,3,12,Snacks,Parle,Hide & Seek,64,9193.456079687967,1783.7202473783964,313.7368421052632,23.0,30.0,9.0,31.5,28.0,15,20.0,24.5,6,5
2024,3,13,Snacks,Parle,Hide & Seek,28,4619.362354530156,985.3210310655431,259.3,64.0,23.0,30.0,36.25,34.0,15,9.0,24.875,6,5
2024,4,14,Snacks,Parle,Hide & Seek,34,6170.264555686728,1620.8086805096993,279.46153846153845,28.0,64.0,23.0,37.25,26.0,15,30.0,28.0,6,5
2024,4,15,Snacks,Parle,Hide & Seek,26,2345.1448545551098,383.5502182538346,249.75,34.0,28.0,64.0,38.0,24.0,15,23.0,29.25,6,5
2024,4,16,Snacks,Parle,Hide & Seek,24,3298.844317264913,860.4602965841168,262.0,26.0,34.0,28.0,28.0,14.0,15,64.0,29.75,6,5
2024,4,17,Snacks,Parle,Hide & Seek,14,2239.2810627457384,339.7029605784017,339.0,24.0,26.0,34.0,24.5,5.0,15,28.0,30.375,6,5
2024,4,18,Snacks,Parle,Hide & Seek,5,1361.9449015030852,364.0605770599318,211.0,14.0,24.0,26.0,17.25,10.0,15,34.0,27.25,6,5
2024,5,18,Snacks,Parle,Hide & Seek,10,1245.2686900542687,257.54313046720983,299.6666666666667,5.0,14.0,24.0,13.25,29.0,15,26.0,25.625,6,5
2024,5,19,Snacks,Parle,Hide & Seek,29,3876.2039011655916,869.2222557195264,348.77777777777777,10.0,5.0,14.0,14.5,19.0,15,24.0,21.25,6,5
2024,5,20,Snacks,Parle,Hide & Seek,19,1695.626431222547,391.6386638390726,313.3333333333333,29.0,10.0,5.0,15.75,30.0,15,14.0,20.125,6,5
2024,5,21,Snacks,Parle,Hide & Seek,30,4755.721828778182,888.243903322438,220.66666666666666,19.0,29.0,10.0,22.0,34.0,15,5.0,19.625,6,5
2024,5,22,Snacks,Parle,Hide & Seek,34,5563.760458897735,1308.9400657129625,322.77777777777777,30.0,19.0,29.0,28.0,5.0,15,10.0,20.625,6,5
2024,6,22,Snacks,Parle,Hide & Seek,5,482.5532742753765,70.2907183617038,131.0,34.0,30.0,19.0,22.0,28.0,15,29.0,18.25,6,5
2024,6,23,Snacks,Parle,Hide & Seek,28,3107.3002649021614,445.9792932193009,353.77777777777777,5.0,34.0,30.0,24.25,29.0,15,19.0,20.0,6,5
2024,6,24,Snacks,Parle,Hide & Seek,29,3392.7219775613694,865.8851860823805,219.6,28.0,5.0,34.0,24.0,13.0,15,30.0,23.0,6,5
2024,6,25,Snacks,Parle,Hide & Seek,13,1791.8149514765832,351.02645919231344,318.6,29.0,28.0,5.0,18.75,27.0,15,34.0,23.375,6,5
2024,6,26,Snacks,Parle,Hide & Seek,27,3407.528941178153,762.8379782702309,302.8888888888889,13.0,29.0,28.0,24.25,15.0,15,5.0,23.125,6,5
2024,7,27,Snacks,Parle,Hide & Seek,15,3192.5157112922657,778.2568767875057,335.2,27.0,13.0,29.0,21.0,32.0,15,28.0,22.625,6,5
2024,7,28,Snacks,Parle,Hide & Seek,32,4750.756396534207,962.8918185955101,345.8333333333333,15.0,27.0,13.0,21.75,33.0,15,29.0,22.875,6,5
2024,7,29,Snacks,Parle,Hide & Seek,33,3494.9457944788523,759.4837649045294,324.3636363636364,32.0,15.0,27.0,26.75,8.0,15,13.0,22.75,6,5
2024,7,30,Snacks,Parle,Hide & Seek,8,1400.7702931669075,260.1158728558158,240.0,33.0,32.0,15.0,22.0,11.0,15,27.0,23.125,6,5
2024,7,31,Snacks,Parle,Hide & Seek,11,2035.4428104346377,388.40993403613066,248.33333333333334,8.0,33.0,32.0,21.0,13.0,15,15.0,21.0,6,5
2024,8,31,Snacks,Parle,Hide & Seek,13,2177.508290080309,428.7462521246191,259.75,11.0,8.0,33.0,16.25,55.0,15,32.0,19.0,6,5
2024,8,32,Snacks,Parle,Hide & Seek,55,7837.127678559139,1428.1490275313395,260.46666666666664,13.0,11.0,8.0,21.75,21.0,15,33.0,24.25,6,5
2024,8,33,Snacks,Parle,Hide & Seek,21,2226.743513806186,359.1018957089945,270.0,55.0,13.0,11.0,25.0,39.0,15,8.0,23.5,6,5
2024,8,34,Snacks,Parle,Hide & Seek,39,5003.843295075337,1178.7834551883316,193.5,21.0,55.0,13.0,32.0,25.0,15,11.0,26.5,6,5
2024,8,35,Snacks,Parle,Hide & Seek,25,3466.876243174188,792.8231041278481,260.875,39.0,21.0,55.0,35.0,5.0,15,13.0,25.625,6,5
2024,9,35,Snacks,Parle,Hide & Seek,5,503.61038459230343,119.11633458208814,202.0,25.0,39.0,21.0,22.5,22.0,15,55.0,22.125,6,5
2024,9,36,Snacks,Parle,Hide & Seek,22,3114.5116707941447,589.2538302811035,254.33333333333334,5.0,25.0,39.0,22.75,12.0,15,21.0,23.875,6,5
2024,9,37,Snacks,Parle,Hide & Seek,12,2035.9597078095392,364.35234008439494,279.2857142857143,22.0,5.0,25.0,16.0,40.0,15,39.0,24.0,6,5
2024,9,38,Snacks,Parle,Hide & Seek,40,5429.730154308678,936.216378630824,245.84615384615384,12.0,22.0,5.0,19.75,16.0,15,25.0,27.375,6,5
2024,9,39,Snacks,Parle,Hide & Seek,16,1493.1548066791654,249.04159719996375,355.3333333333333,40.0,12.0,22.0,22.5,4.0,15,5.0,22.5,6,5
2024,9,40,Snacks,Parle,Hide & Seek,4,784.2898429839852,99.14996102207252,304.0,16.0,40.0,12.0,18.0,24.0,15,22.0,20.375,6,5
2024,10,40,Snacks,Parle,Hide & Seek,24,3185.1414681555752,605.8220185158613,301.8888888888889,4.0,16.0,40.0,21.0,30.0,15,12.0,18.5,6,5
2024,10,41,Snacks,Parle,Hide & Seek,30,3343.720584404206,767.4118647564628,292.75,24.0,4.0,16.0,18.5,26.0,15,40.0,19.125,6,5
2024,10,42,Snacks,Parle,Hide & Seek,26,3954.718378604093,766.8435578576024,201.11111111111111,30.0,24.0,4.0,21.0,33.0,15,16.0,21.75,6,5
2024,10,43,Snacks,Parle,Hide & Seek,33,2663.1588367827217,509.35095569914597,261.7,26.0,30.0,24.0,28.25,26.0,15,4.0,23.125,6,5
2024,10,44,Snacks,Parle,Hide & Seek,26,2318.2718846178204,399.1709240973595,344.77777777777777,33.0,26.0,30.0,28.75,11.0,15,24.0,24.875,6,5
2024,11,44,Snacks,Parle,Hide & Seek,11,2029.2679898382937,464.89450567225987,238.75,26.0,33.0,26.0,24.0,34.0,15,30.0,21.25,6,5
2024,11,45,Snacks,Parle,Hide & Seek,34,4440.595809609812,906.6972593244735,268.54545454545456,11.0,26.0,33.0,26.0,20.0,15,26.0,23.5,6,5
2024,11,46,Snacks,Parle,Hide & Seek,20,3187.499477628154,671.8929810673205,284.85714285714283,34.0,11.0,26.0,22.75,32.0,15,33.0,25.5,6,5
2024,11,47,Snacks,Parle,Hide & Seek,32,4515.524146727952,905.3892069996355,335.09090909090907,20.0,34.0,11.0,24.25,25.0,15,26.0,26.5,6,5
2024,11,48,Snacks,Parle,Hide & Seek,25,2983.3350269288458,528.3696655634931,292.54545454545456,32.0,20.0,34.0,27.75,9.0,15,11.0,25.875,6,5
2024,12,48,Snacks,Parle,Hide & Seek,9,1624.1304360529223,305.46124627866783,312.0,25.0,32.0,20.0,21.5,23.0,15,34.0,23.75,6,5
2024,12,49,Snacks,Parle,Hide & Seek,23,2163.1773689426946,480.2370848001875,223.0,9.0,25.0,32.0,22.25,24.0,15,20.0,22.5,6,5
2024,12,50,Snacks,Parle,Hide & Seek,24,3905.3804131169004,705.3301817190354,235.5,23.0,9.0,25.0,20.25,26.0,15,32.0,22.25,6,5
2024,12,51,Snacks,Parle,Hide & Seek,26,3208.500629535154,727.8296992116409,317.0,24.0,23.0,9.0,20.5,20.0,15,25.0,24.125,6,5
2024,2,9,Snacks,PepsiCo,Kurkure Masala,20,2205.1405285485425,362.8473626598801,160.6,33.0,42.0,31.0,31.5,6.0,16,21.0,28.375,6,6
2024,3,9,Snacks,PepsiCo,Kurkure Masala,6,652.2475478430797,109.93793509989436,451.5,20.0,33.0,42.0,25.25,6.0,16,31.0,25.75,6,6
2024,3,10,Snacks,PepsiCo,Kurkure Masala,6,1088.326494841725,294.01907766238804,194.33333333333334,6.0,20.0,33.0,16.25,18.0,16,42.0,22.125,6,6
2024,3,11,Snacks,PepsiCo,Kurkure Masala,18,2222.593837460985,471.9081127901206,344.5,6.0,6.0,20.0,12.5,12.0,16,33.0,22.125,6,6
2024,3,12,Snacks,PepsiCo,Kurkure Masala,12,1425.190337335873,257.52556774062384,349.0,18.0,6.0,6.0,10.5,32.0,16,20.0,21.0,6,6
2024,3,13,Snacks,PepsiCo,Kurkure Masala,32,3957.451885011966,806.4305870901611,265.7,12.0,18.0,6.0,17.0,20.0,16,6.0,21.125,6,6
2024,4,14,Snacks,PepsiCo,Kurkure Masala,20,2442.744588212358,342.335371272515,389.14285714285717,32.0,12.0,18.0,20.5,22.0,16,6.0,18.375,6,6
2024,4,15,Snacks,PepsiCo,Kurkure Masala,22,2551.3978006217644,426.2689488684247,396.0,20.0,32.0,12.0,21.5,19.0,16,18.0,17.0,6,6
2024,4,16,Snacks,PepsiCo,Kurkure Masala,19,1637.1135217968747,378.490843205885,222.2,22.0,20.0,32.0,23.25,12.0,16,12.0,16.875,6,6
2024,4,17,Snacks,PepsiCo,Kurkure Masala,12,1566.7271741698898,241.64256701364343,244.16666666666666,19.0,22.0,20.0,18.25,6.0,16,32.0,17.625,6,6
2024,4,18,Snacks,PepsiCo,Kurkure Masala,6,525.6257023430495,129.76941039437702,182.0,12.0,19.0,22.0,14.75,4.0,16,20.0,17.625,6,6
2024,5,18,Snacks,PepsiCo,Kurkure Masala,4,771.4361472917789,189.48101661940433,267.5,6.0,12.0,19.0,10.25,32.0,16,22.0,15.875,6,6
2024,5,19,Snacks,PepsiCo,Kurkure Masala,32,3883.949062900109,866.8752010963286,239.45454545454547,4.0,6.0,12.0,13.5,11.0,16,19.0,18.375,6,6
2024,5,20,Snacks,PepsiCo,Kurkure Masala,11,722.554036964038,102.90775234123385,384.75,32.0,4.0,6.0,13.25,22.0,16,12.0,15.75,6,6
2024,5,21,Snacks,PepsiCo,Kurkure Masala,22,3048.504899383857,392.81628447407303,386.8333333333333,11.0,32.0,4.0,17.25,19.0,16,6.0,16.0,6,6
2024,5,22,Snacks,PepsiCo,Kurkure Masala,19,2754.1350741500123,486.9892365022015,291.5,22.0,11.0,32.0,21.0,12.0,16,4.0,15.625,6,6
2024,6,22,Snacks,PepsiCo,Kurkure Masala,12,2221.9221135872112,362.6305651255109,270.6666666666667,19.0,22.0,11.0,16.0,23.0,16,32.0,14.75,6,6
2024,6,23,Snacks,PepsiCo,Kurkure Masala,23,3504.9201029127953,685.9494250529355,377.625,12.0,19.0,22.0,19.0,35.0,16,11.0,16.125,6,6
2024,6,24,Snacks,PepsiCo,Kurkure Masala,35,3708.452451985041,700.6791401449942,340.9,23.0,12.0,19.0,22.25,31.0,16,22.0,19.75,6,6
2024,6,25,Snacks,PepsiCo,Kurkure Masala,31,4681.848846503727,856.2005354914454,263.7,35.0,23.0,12.0,25.25,29.0,16,19.0,23.125,6,6
2024,6,26,Snacks,PepsiCo,Kurkure Masala,29,3746.270092448216,712.096626576857,241.4,31.0,35.0,23.0,29.5,16.0,16,12.0,22.75,6,6
2024,7,27,Snacks,PepsiCo,Kurkure Masala,16,2696.684786183717,709.3395679986788,302.0,29.0,31.0,35.0,27.75,22.0,16,23.0,23.375,6,6
2024,7,28,Snacks,PepsiCo,Kurkure Masala,22,2460.738001451893,453.7814811036137,333.0,16.0,29.0,31.0,24.5,26.0,16,35.0,23.375,6,6
2024,7,29,Snacks,PepsiCo,Kurkure Masala,26,4304.580682687689,893.0683184118834,273.6666666666667,22.0,16.0,29.0,23.25,28.0,16,31.0,24.25,6,6
2024,7,30,Snacks,PepsiCo,Kurkure Masala,28,2725.3691568761174,637.4603126096209,347.1111111111111,26.0,22.0,16.0,23.0,3.0,16,29.0,26.25,6,6
2024,7,31,Snacks,PepsiCo,Kurkure Masala,3,248.75308429056994,21.536037511373138,188.0,28.0,26.0,22.0,19.75,13.0,16,16.0,23.75,6,6
2024,8,31,Snacks,PepsiCo,Kurkure Masala,13,2222.207743737151,341.4351683310803,290.25,3.0,28.0,26.0,17.5,29.0,16,22.0,21.0,6,6
2024,8,32,Snacks,PepsiCo,Kurkure Masala,29,3826.710172129361,690.0569807200385,244.6,13.0,3.0,28.0,18.25,34.0,16,26.0,20.75,6,6
2024,8,33,Snacks,PepsiCo,Kurkure Masala,34,4764.109139934097,1023.5390389363913,248.0,29.0,13.0,3.0,19.75,17.0,16,28.0,21.375,6,6
2024,8,34,Snacks,PepsiCo,Kurkure Masala,17,1389.718785093454,293.5306807585999,234.83333333333334,34.0,29.0,13.0,23.25,14.0,16,3.0,21.5,6,6
2024,8,35,Snacks,PepsiCo,Kurkure Masala,14,2015.4795363307026,524.1490913888143,230.0,17.0,34.0,29.0,23.5,19.0,16,13.0,20.5,6,6
2024,9,36,Snacks,PepsiCo,Kurkure Masala,19,2064.333284015044,268.8148425958765,240.55555555555554,14.0,17.0,34.0,21.0,28.0,16,29.0,19.625,6,6
2024,9,37,Snacks,PepsiCo,Kurkure Masala,28,2301.358567359536,413.16609493917906,347.09090909090907,19.0,14.0,17.0,19.5,29.0,16,34.0,19.625,6,6
2024,9,38,Snacks,PepsiCo,Kurkure Masala,29,5982.956925926228,1247.3784147124093,195.875,28.0,19.0,14.0,22.5,19.0,16,17.0,22.875,6,6
2024,9,39,Snacks,PepsiCo,Kurkure Masala,19,2873.892718879925,725.1378927286248,219.33333333333334,29.0,28.0,19.0,23.75,4.0,16,14.0,23.625,6,6
2024,9,40,Snacks,PepsiCo,Kurkure Masala,4,609.4219116447024,160.47641392310325,346.5,19.0,29.0,28.0,20.0,25.0,16,19.0,20.5,6,6
2024,10,40,Snacks,PepsiCo,Kurkure Masala,25,3502.161679384889,599.012941159742,248.11111111111111,4.0,19.0,29.0,19.25,31.0,16,28.0,19.375,6,6
2024,10,41,Snacks,PepsiCo,Kurkure Masala,31,4344.452728308355,880.584829975776,319.7,25.0,4.0,19.0,19.75,25.0,16,29.0,21.125,6,6
2024,10,42,Snacks,PepsiCo,Kurkure Masala,25,3416.356863966669,711.7821783108202,303.75,31.0,25.0,4.0,21.25,32.0,16,19.0,22.5,6,6
2024,10,43,Snacks,PepsiCo,Kurkure Masala,32,3837.3718812257025,807.9387527969657,274.3,25.0,31.0,25.0,28.25,1.0,16,4.0,24.125,6,6
2024,10,44,Snacks,PepsiCo,Kurkure Masala,1,164.035450110839,41.09542416946127,490.0,32.0,25.0,31.0,22.25,9.0,16,25.0,20.75,6,6
2024,11,44,Snacks,PepsiCo,Kurkure Masala,9,833.5738010363024,141.1000430258823,244.75,1.0,32.0,25.0,16.75,20.0,16,31.0,18.25,6,6
2024,11,45,Snacks,PepsiCo,Kurkure Masala,20,2572.777752190801,491.95772978649495,228.14285714285714,9.0,1.0,32.0,15.5,42.0,16,25.0,18.375,6,6
2024,11,46,Snacks,PepsiCo,Kurkure Masala,42,4524.783084206278,796.5885659148322,262.0,20.0,9.0,1.0,18.0,16.0,16,32.0,23.125,6,6
2024,11,47,Snacks,PepsiCo,Kurkure Masala,16,2215.0197292378903,510.64209871581954,239.4,42.0,20.0,9.0,21.75,15.0,16,1.0,22.0,6,6
2024,11,48,Snacks,PepsiCo,Kurkure Masala,15,1556.3494069762985,445.20271774703906,255.25,16.0,42.0,20.0,23.25,9.0,16,9.0,20.0,6,6
2024,12,48,Snacks,PepsiCo,Kurkure Masala,9,1086.9332238785223,198.5642587129799,148.33333333333334,15.0,16.0,42.0,20.5,22.0,16,20.0,18.0,6,6
2024,12,49,Snacks,PepsiCo,Kurkure Masala,22,3834.820346193079,626.2917985680883,241.57142857142858,9.0,15.0,16.0,15.5,25.0,16,42.0,16.75,6,6
2024,12,50,Snacks,PepsiCo,Kurkure Masala,25,3240.530397168817,544.31817231208,309.57142857142856,22.0,9.0,15.0,17.75,15.0,16,16.0,19.75,6,6
2024,12,51,Snacks,PepsiCo,Kurkure Masala,15,2874.320690959046,663.5870828878811,339.75,25.0,22.0,9.0,17.75,7.0,16,15.0,20.5,6,6
2024,2,9,Snacks,PepsiCo,Lays Classic,15,2264.0098597947244,486.278084285374,312.2857142857143,27.0,20.0,18.0,20.0,4.0,17,17.0,19.0,6,6
2024,3,9,Snacks,PepsiCo,Lays Classic,4,674.4605205198504,74.13095251475374,249.0,15.0,27.0,20.0,16.5,15.0,17,18.0,17.25,6,6
2024,3,10,Snacks,PepsiCo,Lays Classic,15,2420.6100196466305,581.5614849806426,310.0,4.0,15.0,27.0,15.25,43.0,17,20.0,15.625,6,6
2024,3,11,Snacks,PepsiCo,Lays Classic,43,6117.074600091781,1108.1359653448658,272.6666666666667,15.0,4.0,15.0,19.25,11.0,17,27.0,19.875,6,6
2024,3,12,Snacks,PepsiCo,Lays Classic,11,562.1907383836061,73.65998455785807,235.0,43.0,15.0,4.0,18.25,13.0,17,15.0,19.125,6,6
2024,3,13,Snacks,PepsiCo,Lays Classic,13,1680.228205709407,322.0285923043551,316.3333333333333,11.0,43.0,15.0,20.5,14.0,17,4.0,18.5,6,6
2024,4,14,Snacks,PepsiCo,Lays Classic,14,2481.971728995268,553.4271384922446,256.8,13.0,11.0,43.0,20.25,33.0,17,15.0,17.75,6,6
2024,4,15,Snacks,PepsiCo,Lays Classic,33,5406.264138204667,1075.7087552264159,319.8,14.0,13.0,11.0,17.75,38.0,17,43.0,18.5,6,6
2024,4,16,Snacks,PepsiCo,Lays Classic,38,5195.881531203035,1041.4476773247688,281.5,33.0,14.0,13.0,24.5,18.0,17,11.0,21.375,6,6
2024,4,17,Snacks,PepsiCo,Lays Classic,18,2965.384595856779,667.1053103714845,261.5,38.0,33.0,14.0,25.75,16.0,17,13.0,23.125,6,6
2024,5,18,Snacks,PepsiCo,Lays Classic,16,3036.859322646763,644.5857590600084,238.16666666666666,18.0,38.0,33.0,26.25,36.0,17,14.0,23.25,6,6
2024,5,19,Snacks,PepsiCo,Lays Classic,36,3431.118627168389,645.4369122591416,216.27272727272728,16.0,18.0,38.0,27.0,31.0,17,33.0,22.375,6,6
2024,5,20,Snacks,PepsiCo,Lays Classic,31,3766.9130302836875,733.8880539717743,235.8,36.0,16.0,18.0,25.25,20.0,17,38.0,24.875,6,6
2024,5,21,Snacks,PepsiCo,Lays Classic,20,2416.269337506934,512.0763103935735,287.14285714285717,31.0,36.0,16.0,25.75,24.0,17,18.0,25.75,6,6
2024,5,22,Snacks,PepsiCo,Lays Classic,24,2985.1190358267827,752.1350793455484,318.0,20.0,31.0,36.0,27.75,5.0,17,16.0,27.0,6,6
2024,6,22,Snacks,PepsiCo,Lays Classic,5,719.0811931291453,60.43428043371523,394.0,24.0,20.0,31.0,20.0,22.0,17,36.0,23.5,6,6
2024,6,23,Snacks,PepsiCo,Lays Classic,22,2666.4512766587304,467.8372093571297,217.57142857142858,5.0,24.0,20.0,17.75,14.0,17,31.0,21.5,6,6
2024,6,24,Snacks,PepsiCo,Lays Classic,14,1762.6473533249605,424.98476189186533,259.1666666666667,22.0,5.0,24.0,16.25,22.0,17,20.0,21.0,6,6
2024,6,25,Snacks,PepsiCo,Lays Classic,22,2128.3427232352406,382.8371260934075,240.0,14.0,22.0,5.0,15.75,16.0,17,24.0,21.75,6,6
2024,6,26,Snacks,PepsiCo,Lays Classic,16,1565.0142576954577,376.0383844142023,281.0,22.0,14.0,22.0,18.5,11.0,17,5.0,19.25,6,6
2024,7,27,Snacks,PepsiCo,Lays Classic,11,1246.4351375286828,295.07406440529087,222.0,16.0,22.0,14.0,15.75,27.0,17,22.0,16.75,6,6
2024,7,28,Snacks,PepsiCo,Lays Classic,27,3398.807361941162,816.8253578962705,240.0,11.0,16.0,22.0,19.0,8.0,17,14.0,17.625,6,6
2024,7,29,Snacks,PepsiCo,Lays Classic,8,560.766214390608,70.09086802157519,311.6666666666667,27.0,11.0,16.0,15.5,32.0,17,22.0,15.625,6,6
2024,7,30,Snacks,PepsiCo,Lays Classic,32,4272.845738700251,944.7957225763809,286.9,8.0,27.0,11.0,19.5,4.0,17,16.0,19.0,6,6
2024,7,31,Snacks,PepsiCo,Lays Classic,4,555.4500276899173,85.01805829323106,177.5,32.0,8.0,27.0,17.75,25.0,17,11.0,16.75,6,6
2024,8,31,Snacks,PepsiCo,Lays Classic,25,3560.8872669123593,721.2242624187551,215.375,4.0,32.0,8.0,17.25,10.0,17,27.0,18.125,6,6
2024,8,32,Snacks,PepsiCo,Lays Classic,10,1001.7445485577008,107.59158826616024,104.75,25.0,4.0,32.0,17.75,20.0,17,8.0,16.625,6,6
2024,8,33,Snacks,PepsiCo,Lays Classic,20,2687.3134532344407,620.9048352254097,313.14285714285717,10.0,25.0,4.0,14.75,16.0,17,32.0,17.125,6,6
2024,8,34,Snacks,PepsiCo,Lays Classic,16,2370.646967124115,596.7225205336941,211.8,20.0,10.0,25.0,17.75,17.0,17,4.0,17.75,6,6
2024,8,35,Snacks,PepsiCo,Lays Classic,17,3210.240900278167,651.1453695088148,334.5,16.0,20.0,10.0,15.75,7.0,17,25.0,16.5,6,6
2024,9,35,Snacks,PepsiCo,Lays Classic,7,1120.263117212819,162.12760549440884,421.0,17.0,16.0,20.0,15.0,26.0,17,10.0,16.375,6,6
2024,9,36,Snacks,PepsiCo,Lays Classic,26,3703.304316217921,846.7226702122354,319.6666666666667,7.0,17.0,16.0,16.5,17.0,17,20.0,15.625,6,6
2024,9,37,Snacks,PepsiCo,Lays Classic,17,3084.8156810799483,617.3616881093229,231.83333333333334,26.0,7.0,17.0,16.75,25.0,17,16.0,17.25,6,6
2024,9,38,Snacks,PepsiCo,Lays Classic,25,2368.692500850517,404.67207810356336,227.11111111111111,17.0,26.0,7.0,18.75,24.0,17,17.0,17.25,6,6
2024,9,39,Snacks,PepsiCo,Lays Classic,24,3621.1857944666,707.0897918802743,303.875,25.0,17.0,26.0,23.0,4.0,17,7.0,19.0,6,6
2024,9,40,Snacks,PepsiCo,Lays Classic,4,499.9164312002676,113.48387510615649,213.0,24.0,25.0,17.0,17.5,12.0,17,26.0,17.0,6,6
2024,10,40,Snacks,PepsiCo,Lays Classic,12,2589.2994089153444,492.5563183895041,271.5,4.0,24.0,25.0,16.25,18.0,17,17.0,16.5,6,6
2024,10,41,Snacks,PepsiCo,Lays Classic,18,2048.4819458085226,476.2213828128673,297.42857142857144,12.0,4.0,24.0,14.5,28.0,17,25.0,16.625,6,6
2024,10,42,Snacks,PepsiCo,Lays Classic,28,3295.705505255591,647.8794680907527,250.55555555555554,18.0,12.0,4.0,15.5,17.0,17,24.0,19.25,6,6
2024,10,43,Snacks,PepsiCo,Lays Classic,17,2438.212214525629,577.885916205408,356.8333333333333,28.0,18.0,12.0,18.75,10.0,17,4.0,18.125,6,6
2024,10,44,Snacks,PepsiCo,Lays Classic,10,2081.832117701878,448.1560850087671,281.0,17.0,28.0,18.0,18.25,16.0,17,12.0,17.25,6,6
2024,11,44,Snacks,PepsiCo,Lays Classic,16,2834.7089377132193,606.392410066311,339.5,10.0,17.0,28.0,17.75,21.0,17,18.0,16.125,6,6
2024,11,45,Snacks,PepsiCo,Lays Classic,21,3304.9011089078413,640.1173735563592,337.44444444444446,16.0,10.0,17.0,16.0,19.0,17,28.0,15.75,6,6
2024,11,46,Snacks,PepsiCo,Lays Classic,19,1841.9609395259927,410.3069069401224,254.0,21.0,16.0,10.0,16.5,33.0,17,17.0,17.625,6,6
2024,11,47,Snacks,PepsiCo,Lays Classic,33,5133.639377977609,1126.7040728753038,272.27272727272725,19.0,21.0,16.0,22.25,16.0,17,10.0,20.25,6,6
2024,11,48,Snacks,PepsiCo,Lays Classic,16,2139.852276820136,524.4206605409881,289.8333333333333,33.0,19.0,21.0,22.25,22.0,17,16.0,20.0,6,6
2024,12,49,Snacks,PepsiCo,Lays Classic,22,2251.84821026236,456.2919576991411,255.0,16.0,33.0,19.0,22.5,11.0,17,21.0,19.25,6,6
2024,12,50,Snacks,PepsiCo,Lays Classic,11,1974.8905636169852,427.4468537916697,260.6666666666667,22.0,16.0,33.0,20.5,17.0,17,19.0,18.5,6,6
2024,12,51,Snacks,PepsiCo,Lays Classic,17,2688.229958457619,389.92241992689316,294.0,11.0,22.0,16.0,16.5,18.0,17,33.0,19.375,6,6
2024,2,9,Snacks,PepsiCo,Lays Magic Masala,10,1552.1061868079437,297.19747622793926,370.75,47.0,23.0,31.0,27.75,10.0,18,22.0,23.875,6,6
2024,3,9,Snacks,PepsiCo,Lays Magic Masala,10,1694.9875277639746,384.2473307593285,245.4,10.0,47.0,23.0,22.5,23.0,18,31.0,21.5,6,6
2024,3,10,Snacks,PepsiCo,Lays Magic Masala,23,3248.6800882388766,546.390608051139,308.0,10.0,10.0,47.0,22.5,11.0,18,23.0,22.75,6,6
2024,3,11,Snacks,PepsiCo,Lays Magic Masala,11,2044.6335153777159,308.5141995107771,243.25,23.0,10.0,10.0,13.5,26.0,18,47.0,22.125,6,6
2024,3,12,Snacks,PepsiCo,Lays Magic Masala,26,2896.7318178944997,482.7671404995657,311.875,11.0,23.0,10.0,17.5,27.0,18,10.0,22.625,6,6
2024,3,13,Snacks,PepsiCo,Lays Magic Masala,27,2951.8273601545634,440.66707123165986,358.85714285714283,26.0,11.0,23.0,21.75,14.0,18,10.0,22.125,6,6
2024,4,14,Snacks,PepsiCo,Lays Magic Masala,14,1513.0933385745845,294.8846591680364,247.0,27.0,26.0,11.0,19.5,38.0,18,23.0,21.0,6,6
2024,4,15,Snacks,PepsiCo,Lays Magic Masala,38,5076.14067394012,778.6149810767105,244.36363636363637,14.0,27.0,26.0,26.25,24.0,18,11.0,19.875,6,6
2024,4,16,Snacks,PepsiCo,Lays Magic Masala,24,2882.2493811230233,624.176282869995,348.0,38.0,14.0,27.0,25.75,23.0,18,26.0,21.625,6,6
2024,4,17,Snacks,PepsiCo,Lays Magic Masala,23,2648.1462158194254,511.51919875311364,240.33333333333334,24.0,38.0,14.0,24.75,11.0,18,27.0,23.25,6,6
2024,4,18,Snacks,PepsiCo,Lays Magic Masala,11,1363.4334585679442,268.8558676530083,300.75,23.0,24.0,38.0,24.0,23.0,18,14.0,21.75,6,6
2024,5,18,Snacks,PepsiCo,Lays Magic Masala,23,2788.478818699953,565.033305103454,268.7142857142857,11.0,23.0,24.0,20.25,14.0,18,38.0,23.25,6,6
2024,5,19,Snacks,PepsiCo,Lays Magic Masala,14,1668.537864405971,333.8557761916826,283.4,23.0,11.0,23.0,17.75,31.0,18,24.0,21.75,6,6
2024,5,20,Snacks,PepsiCo,Lays Magic Masala,31,3312.1101914609317,568.1984842665591,188.66666666666666,14.0,23.0,11.0,19.75,34.0,18,23.0,22.25,6,6
2024,5,21,Snacks,PepsiCo,Lays Magic Masala,34,3151.430448810093,549.9023204363193,271.5,31.0,14.0,23.0,25.5,10.0,18,11.0,24.75,6,6
2024,5,22,Snacks,PepsiCo,Lays Magic Masala,10,1785.6528228573527,202.16627162934776,114.33333333333333,34.0,31.0,14.0,22.25,23.0,18,23.0,21.25,6,6
2024,6,22,Snacks,PepsiCo,Lays Magic Masala,23,3554.627505533077,739.8663908870908,238.0,10.0,34.0,31.0,24.5,5.0,18,14.0,21.125,6,6
2024,6,23,Snacks,PepsiCo,Lays Magic Masala,5,977.4541800998959,186.3256653280444,400.25,23.0,10.0,34.0,18.0,30.0,18,31.0,18.875,6,6
2024,6,24,Snacks,PepsiCo,Lays Magic Masala,30,4090.9539847208694,1046.1538713162163,305.6666666666667,5.0,23.0,10.0,17.0,15.0,18,34.0,21.25,6,6
2024,6,25,Snacks,PepsiCo,Lays Magic Masala,15,1957.8939869852352,372.9012316138412,209.125,30.0,5.0,23.0,18.25,8.0,18,10.0,20.25,6,6
2024,6,26,Snacks,PepsiCo,Lays Magic Masala,8,1567.8300707204821,419.17322488956506,275.25,15.0,30.0,5.0,14.5,32.0,18,23.0,19.5,6,6
2024,7,27,Snacks,PepsiCo,Lays Magic Masala,32,3307.463909226415,545.5525819709844,237.0,8.0,15.0,30.0,21.25,20.0,18,5.0,19.625,6,6
2024,7,28,Snacks,PepsiCo,Lays Magic Masala,20,2390.374880614124,406.229026586926,165.5,32.0,8.0,15.0,18.75,26.0,18,30.0,17.875,6,6
2024,7,29,Snacks,PepsiCo,Lays Magic Masala,26,3516.3775652386457,686.1337347434817,214.42857142857142,20.0,32.0,8.0,21.5,23.0,18,15.0,19.875,6,6
2024,7,30,Snacks,PepsiCo,Lays Magic Masala,23,2218.6679612390285,419.7232103620196,311.75,26.0,20.0,32.0,25.25,20.0,18,8.0,19.875,6,6
2024,7,31,Snacks,PepsiCo,Lays Magic Masala,20,1184.7287898487461,243.27833007867923,365.8,23.0,26.0,20.0,22.25,8.0,18,32.0,21.75,6,6
2024,8,31,Snacks,PepsiCo,Lays Magic Masala,8,1407.5768305266545,220.1463215667122,376.6666666666667,20.0,23.0,26.0,19.25,23.0,18,20.0,19.0,6,6
2024,8,32,Snacks,PepsiCo,Lays Magic Masala,23,3294.9458945206934,668.3636198998724,248.55555555555554,8.0,20.0,23.0,18.5,29.0,18,26.0,20.0,6,6
2024,8,33,Snacks,PepsiCo,Lays Magic Masala,29,3990.219490828406,791.3289926904323,295.5,23.0,8.0,20.0,20.0,14.0,18,23.0,22.625,6,6
2024,8,34,Snacks,PepsiCo,Lays Magic Masala,14,2464.350404765203,524.2884511502513,177.28571428571428,29.0,23.0,8.0,18.5,16.0,18,20.0,20.375,6,6
2024,8,35,Snacks,PepsiCo,Lays Magic Masala,16,2796.4532788607157,414.5175576108112,214.75,14.0,29.0,23.0,20.5,4.0,18,8.0,19.875,6,6
2024,9,35,Snacks,PepsiCo,Lays Magic Masala,4,607.9184296041431,84.10375571352205,174.5,16.0,14.0,29.0,15.75,35.0,18,23.0,17.125,6,6
2024,9,36,Snacks,PepsiCo,Lays Magic Masala,35,4587.987661794083,759.8083292944834,276.7,4.0,16.0,14.0,17.25,12.0,18,29.0,18.625,6,6
2024,9,37,Snacks,PepsiCo,Lays Magic Masala,12,1689.092480154,282.45489228879995,265.2,35.0,4.0,16.0,16.75,34.0,18,14.0,17.625,6,6
2024,9,38,Snacks,PepsiCo,Lays Magic Masala,34,4014.173155443213,610.1934667291556,279.1818181818182,12.0,35.0,4.0,21.25,27.0,18,16.0,20.875,6,6
2024,9,39,Snacks,PepsiCo,Lays Magic Masala,27,4221.316030158882,692.2481306272491,258.6,34.0,12.0,35.0,27.0,33.0,18,4.0,21.375,6,6
2024,10,40,Snacks,PepsiCo,Lays Magic Masala,33,3546.8457537451645,748.1332026602228,317.3636363636364,27.0,34.0,12.0,26.5,20.0,18,35.0,21.875,6,6
2024,10,41,Snacks,PepsiCo,Lays Magic Masala,20,1109.6374587625976,246.9766354468087,355.3333333333333,33.0,27.0,34.0,28.5,37.0,18,12.0,22.625,6,6
2024,10,42,Snacks,PepsiCo,Lays Magic Masala,37,4422.325690447197,735.11844963747,260.1,20.0,33.0,27.0,29.25,15.0,18,34.0,25.25,6,6
2024,10,43,Snacks,PepsiCo,Lays Magic Masala,15,2376.674453733133,471.0658269825699,280.1666666666667,37.0,20.0,33.0,26.25,26.0,18,27.0,26.625,6,6
2024,10,44,Snacks,PepsiCo,Lays Magic Masala,26,3683.312319941756,859.9926640082653,344.0,15.0,37.0,20.0,24.5,11.0,18,33.0,25.5,6,6
2024,11,44,Snacks,PepsiCo,Lays Magic Masala,11,2346.3775504215137,439.2794050732937,164.5,26.0,15.0,37.0,22.25,16.0,18,20.0,25.375,6,6
2024,11,45,Snacks,PepsiCo,Lays Magic Masala,16,1690.504425356294,244.57834338377143,221.2,11.0,26.0,15.0,17.0,19.0,18,37.0,23.125,6,6
2024,11,46,Snacks,PepsiCo,Lays Magic Masala,19,2355.8491095969116,537.1551704259638,346.6666666666667,16.0,11.0,26.0,18.0,14.0,18,15.0,22.125,6,6
2024,11,47,Snacks,PepsiCo,Lays Magic Masala,14,2247.2040377881904,572.896537891997,362.3333333333333,19.0,16.0,11.0,15.0,7.0,18,26.0,19.75,6,6
2024,11,48,Snacks,PepsiCo,Lays Magic Masala,7,321.4118347133153,94.06995838958005,372.5,14.0,19.0,16.0,14.0,1.0,18,11.0,18.125,6,6
2024,12,48,Snacks,PepsiCo,Lays Magic Masala,1,103.51612057560229,21.507459678830543,319.0,7.0,14.0,19.0,10.25,13.0,18,16.0,13.625,6,6
2024,12,49,Snacks,PepsiCo,Lays Magic Masala,13,1536.3849731484397,258.43975016403044,344.4,1.0,7.0,14.0,8.75,26.0,18,19.0,13.375,6,6
2024,12,50,Snacks,PepsiCo,Lays Magic Masala,26,3602.8180744117954,633.7044935458644,203.28571428571428,13.0,1.0,7.0,11.75,27.0,18,14.0,13.375,6,6
2024,12,51,Snacks,PepsiCo,Lays Magic Masala,27,4761.980059933865,962.4057170517754,324.7142857142857,26.0,13.0,1.0,16.75,29.0,18,7.0,15.375,6,6
2024,2,9,Personal Care,HUL,Lux Soap,14,1016.8846880833507,166.48502633324625,268.25,28.0,37.0,28.0,26.75,10.0,19,16.0,23.5,5,2
2024,3,9,Personal Care,HUL,Lux Soap,10,1745.077933097428,493.7017380844777,158.5,14.0,28.0,37.0,22.25,50.0,19,28.0,20.25,5,2
2024,3,10,Personal Care,HUL,Lux Soap,50,7914.1672833146895,1768.2503706822945,265.0625,10.0,14.0,28.0,25.5,52.0,19,37.0,24.0,5,2
2024,3,11,Personal Care,HUL,Lux Soap,52,6096.214986398833,1054.708217333389,290.8333333333333,50.0,10.0,14.0,31.5,15.0,19,28.0,29.375,5,2
2024,3,12,Personal Care,HUL,Lux Soap,15,1512.578527719262,158.51661703086177,336.6,52.0,50.0,10.0,31.75,29.0,19,14.0,29.25,5,2
2024,3,13,Personal Care,HUL,Lux Soap,29,2737.788254581622,458.9651609111611,288.90909090909093,15.0,52.0,50.0,36.5,41.0,19,10.0,29.375,5,2
2024,4,14,Personal Care,HUL,Lux Soap,41,4494.192514255255,858.2306051996652,299.5833333333333,29.0,15.0,52.0,34.25,17.0,19,50.0,29.875,5,2
2024,4,15,Personal Care,HUL,Lux Soap,17,2075.1943228162904,353.0972338019433,267.25,41.0,29.0,15.0,25.5,26.0,19,52.0,28.5,5,2
2024,4,16,Personal Care,HUL,Lux Soap,26,3275.50801937367,634.0316875684165,245.875,17.0,41.0,29.0,28.25,27.0,19,15.0,30.0,5,2
2024,4,17,Personal Care,HUL,Lux Soap,27,4371.151319298588,933.901579579911,262.0,26.0,17.0,41.0,27.75,11.0,19,29.0,32.125,5,2
2024,4,18,Personal Care,HUL,Lux Soap,11,791.5468147029031,131.5287592516287,217.0,27.0,26.0,17.0,20.25,16.0,19,41.0,27.25,5,2
2024,5,18,Personal Care,HUL,Lux Soap,16,2472.5495487192197,573.4204570656428,205.66666666666666,11.0,27.0,26.0,20.0,39.0,19,17.0,22.75,5,2
2024,5,19,Personal Care,HUL,Lux Soap,39,5079.655311772825,1095.2263996031486,337.5,16.0,11.0,27.0,23.25,36.0,19,26.0,25.75,5,2
2024,5,20,Personal Care,HUL,Lux Soap,36,6051.867089880992,1428.0250677346944,294.0,39.0,16.0,11.0,25.5,26.0,19,27.0,26.625,5,2
2024,5,21,Personal Care,HUL,Lux Soap,26,2677.222998738674,376.4211970984742,306.6666666666667,36.0,39.0,16.0,29.25,20.0,19,11.0,24.75,5,2
2024,5,22,Personal Care,HUL,Lux Soap,20,3581.375686994853,789.4323670645848,299.0,26.0,36.0,39.0,30.25,11.0,19,16.0,25.125,5,2
2024,6,22,Personal Care,HUL,Lux Soap,11,1331.2716835740507,261.7477279144256,306.5,20.0,26.0,36.0,23.25,23.0,19,39.0,23.25,5,2
2024,6,23,Personal Care,HUL,Lux Soap,23,2508.5655805071433,478.38853286939934,332.0,11.0,20.0,26.0,20.0,16.0,19,36.0,22.75,5,2
2024,6,24,Personal Care,HUL,Lux Soap,16,2244.7471399714123,425.9338408605602,186.0,23.0,11.0,20.0,17.5,28.0,19,26.0,23.375,5,2
2024,6,25,Personal Care,HUL,Lux Soap,28,3722.2418038747014,671.862850955848,242.27272727272728,16.0,23.0,11.0,19.5,24.0,19,20.0,24.875,5,2
2024,6,26,Personal Care,HUL,Lux Soap,24,2886.184297813083,454.00793956841267,268.875,28.0,16.0,23.0,22.75,28.0,19,11.0,23.0,5,2
2024,7,27,Personal Care,HUL,Lux Soap,28,4973.246725180195,1124.1870701107791,253.14285714285714,24.0,28.0,16.0,24.0,36.0,19,23.0,22.0,5,2
2024,7,28,Personal Care,HUL,Lux Soap,36,5289.434078361398,1055.6125135101563,263.6923076923077,28.0,24.0,28.0,29.0,14.0,19,16.0,23.25,5,2
2024,7,29,Personal Care,HUL,Lux Soap,14,2584.2692691767284,597.1478952596628,346.75,36.0,28.0,24.0,25.5,36.0,19,28.0,22.5,5,2
2024,7,30,Personal Care,HUL,Lux Soap,36,4709.856552078943,987.1495562016805,266.1818181818182,14.0,36.0,28.0,28.5,10.0,19,24.0,25.625,5,2
2024,7,31,Personal Care,HUL,Lux Soap,10,539.0227211628553,110.4047704298705,436.5,36.0,14.0,36.0,24.0,10.0,19,28.0,24.0,5,2
2024,8,31,Personal Care,HUL,Lux Soap,10,895.2815780285755,143.24683812144193,317.3333333333333,10.0,36.0,14.0,17.5,24.0,19,36.0,23.25,5,2
2024,8,32,Personal Care,HUL,Lux Soap,24,2191.8927413550614,352.25711644428486,281.125,10.0,10.0,36.0,20.0,9.0,19,14.0,22.75,5,2
2024,8,33,Personal Care,HUL,Lux Soap,9,1069.7929537841062,272.8305144848415,299.6,24.0,10.0,10.0,13.25,20.0,19,36.0,20.875,5,2
2024,8,34,Personal Care,HUL,Lux Soap,20,3093.3022795570705,683.2163443153493,367.3333333333333,9.0,24.0,10.0,15.75,16.0,19,10.0,19.875,5,2
2024,8,35,Personal Care,HUL,Lux Soap,16,1861.6211348400955,372.6534030803408,290.8333333333333,20.0,9.0,24.0,17.25,5.0,19,10.0,17.375,5,2
2024,9,35,Personal Care,HUL,Lux Soap,5,124.78629534211505,19.07793579195969,322.0,16.0,20.0,9.0,12.5,24.0,19,24.0,16.25,5,2
2024,9,36,Personal Care,HUL,Lux Soap,24,3516.762354190769,860.1557462266718,349.75,5.0,16.0,20.0,16.25,15.0,19,9.0,14.75,5,2
2024,9,37,Personal Care,HUL,Lux Soap,15,1667.1291859189382,324.9359540743592,285.8,24.0,5.0,16.0,15.0,53.0,19,20.0,15.375,5,2
2024,9,38,Personal Care,HUL,Lux Soap,53,9101.710432775311,1721.6316866215318,287.2,15.0,24.0,5.0,24.25,42.0,19,16.0,20.75,5,2
2024,9,39,Personal Care,HUL,Lux Soap,42,5857.928080832084,787.4998678699603,305.5833333333333,53.0,15.0,24.0,33.5,7.0,19,5.0,23.0,5,2
2024,9,40,Personal Care,HUL,Lux Soap,7,786.8048571500585,164.47304339116724,83.0,42.0,53.0,15.0,29.25,33.0,19,24.0,22.75,5,2
2024,10,40,Personal Care,HUL,Lux Soap,33,5026.218033133845,1118.7593787452515,349.54545454545456,7.0,42.0,53.0,33.75,43.0,19,15.0,24.375,5,2
2024,10,41,Personal Care,HUL,Lux Soap,43,3391.6319003201884,676.1084125097598,250.91666666666666,33.0,7.0,42.0,31.25,27.0,19,53.0,27.75,5,2
2024,10,42,Personal Care,HUL,Lux Soap,27,4372.420238151509,940.181449944954,345.375,43.0,33.0,7.0,27.5,18.0,19,42.0,30.5,5,2
2024,10,43,Personal Care,HUL,Lux Soap,18,1874.5072011333368,335.378607441708,207.28571428571428,27.0,43.0,33.0,30.25,24.0,19,7.0,29.75,5,2
2024,10,44,Personal Care,HUL,Lux Soap,24,2427.563413114847,437.7918494050636,205.375,18.0,27.0,43.0,28.0,5.0,19,33.0,30.875,5,2
2024,11,44,Personal Care,HUL,Lux Soap,5,1201.0262608776536,282.171122703503,354.0,24.0,18.0,27.0,18.5,30.0,19,43.0,24.875,5,2
2024,11,45,Personal Care,HUL,Lux Soap,30,4577.881363570892,994.8871999079636,311.9,5.0,24.0,18.0,19.25,34.0,19,27.0,23.375,5,2
2024,11,46,Personal Care,HUL,Lux Soap,34,4064.479965698455,857.7298478929596,283.4166666666667,30.0,5.0,24.0,23.25,30.0,19,18.0,26.75,5,2
2024,11,47,Personal Care,HUL,Lux Soap,30,3147.482577423954,629.5307627438408,273.4,34.0,30.0,5.0,24.75,22.0,19,24.0,26.375,5,2
2024,11,48,Personal Care,HUL,Lux Soap,22,3084.3183140711044,665.3827336717729,290.85714285714283,30.0,34.0,30.0,29.0,11.0,19,5.0,23.75,5,2
2024,12,48,Personal Care,HUL,Lux Soap,11,1262.9426264887118,192.18289937128014,463.6666666666667,22.0,30.0,34.0,24.25,52.0,19,30.0,21.75,5,2
2024,12,49,Personal Care,HUL,Lux Soap,52,8496.334996892698,1713.7849943673414,287.25,11.0,22.0,30.0,28.75,27.0,19,34.0,26.0,5,2
2024,12,50,Personal Care,HUL,Lux Soap,27,2840.0456888004,597.7719049685728,232.54545454545453,52.0,11.0,22.0,28.0,19.0,19,30.0,26.375,5,2
2024,12,51,Personal Care,HUL,Lux Soap,19,2588.998230217515,629.3875710786319,393.25,27.0,52.0,11.0,27.25,23.0,19,22.0,28.125,5,2
2024,3,9,Snacks,Britannia,Marie Gold,1,36.82115944205048,7.70945264619818,363.0,26.0,23.0,4.0,13.5,25.0,20,27.0,16.75,6,1
2024,3,10,Snacks,Britannia,Marie Gold,25,3435.707201576717,837.8118241881001,206.66666666666666,1.0,26.0,23.0,18.75,22.0,20,4.0,17.25,6,1
2024,3,11,Snacks,Britannia,Marie Gold,22,2804.3611963246262,551.5845925060137,215.0,25.0,1.0,26.0,18.5,34.0,20,23.0,17.875,6,1
2024,3,12,Snacks,Britannia,Marie Gold,34,2678.1463479510403,559.1554730849067,295.0833333333333,22.0,25.0,1.0,20.5,25.0,20,26.0,20.25,6,1
2024,3,13,Snacks,Britannia,Marie Gold,25,3179.5361147843605,590.2602899782677,294.57142857142856,34.0,22.0,25.0,26.5,34.0,20,1.0,20.0,6,1
2024,4,14,Snacks,Britannia,Marie Gold,34,3285.513221827667,586.2935483905836,341.6363636363636,25.0,34.0,22.0,28.75,16.0,20,25.0,23.75,6,1
2024,4,15,Snacks,Britannia,Marie Gold,16,1811.0098899173715,267.46965540944086,316.0,34.0,25.0,34.0,27.25,59.0,20,22.0,22.875,6,1
2024,4,16,Snacks,Britannia,Marie Gold,59,8803.880924484496,1778.4064194719567,287.2105263157895,16.0,34.0,25.0,33.5,36.0,20,34.0,27.0,6,1
2024,4,17,Snacks,Britannia,Marie Gold,36,4664.711901717475,870.3076081553454,309.6363636363636,59.0,16.0,34.0,36.25,6.0,20,25.0,31.375,6,1
2024,4,18,Snacks,Britannia,Marie Gold,6,989.4644690123507,187.40240487418046,377.5,36.0,59.0,16.0,29.25,10.0,20,34.0,29.0,6,1
2024,5,18,Snacks,Britannia,Marie Gold,10,1197.7609220555275,288.1984572143306,316.8,6.0,36.0,59.0,27.75,37.0,20,16.0,27.5,6,1
2024,5,19,Snacks,Britannia,Marie Gold,37,3903.547474115073,878.9351002996568,359.46153846153845,10.0,6.0,36.0,22.25,22.0,20,59.0,27.875,6,1
2024,5,20,Snacks,Britannia,Marie Gold,22,2964.7141975735217,617.0365907616323,304.75,37.0,10.0,6.0,18.75,30.0,20,36.0,27.5,6,1
2024,5,21,Snacks,Britannia,Marie Gold,30,2893.942733487722,662.1391361573383,324.7,22.0,37.0,10.0,24.75,11.0,20,6.0,27.0,6,1
2024,5,22,Snacks,Britannia,Marie Gold,11,668.7013655554321,151.7953951421963,208.66666666666666,30.0,22.0,37.0,25.0,3.0,20,10.0,26.375,6,1
2024,6,22,Snacks,Britannia,Marie Gold,3,241.11231523632352,64.56401256489346,114.0,11.0,30.0,22.0,16.5,12.0,20,37.0,19.375,6,1
2024,6,23,Snacks,Britannia,Marie Gold,12,1563.801235237575,343.1209041642431,220.6,3.0,11.0,30.0,14.0,27.0,20,22.0,16.375,6,1
2024,6,24,Snacks,Britannia,Marie Gold,27,4993.362430798421,1172.369792712867,296.375,12.0,3.0,11.0,13.25,33.0,20,30.0,19.0,6,1
2024,6,25,Snacks,Britannia,Marie Gold,33,4260.179332751437,831.1024394599173,209.46153846153845,27.0,12.0,3.0,18.75,25.0,20,11.0,21.875,6,1
2024,6,26,Snacks,Britannia,Marie Gold,25,3047.0082528839766,671.2620397453409,246.4,33.0,27.0,12.0,24.25,21.0,20,3.0,20.375,6,1
2024,7,27,Snacks,Britannia,Marie Gold,21,2186.922593513359,534.6247968349044,219.85714285714286,25.0,33.0,27.0,26.5,7.0,20,12.0,20.25,6,1
2024,7,28,Snacks,Britannia,Marie Gold,7,795.4615531560653,104.08350281624055,292.0,21.0,25.0,33.0,21.5,28.0,20,27.0,17.375,6,1
2024,7,29,Snacks,Britannia,Marie Gold,28,2690.6783460539027,369.733364113044,336.42857142857144,7.0,21.0,25.0,20.25,28.0,20,33.0,19.5,6,1
2024,7,30,Snacks,Britannia,Marie Gold,28,4112.7881624542115,786.8148059148035,220.3,28.0,7.0,21.0,21.0,8.0,20,25.0,22.625,6,1
2024,7,31,Snacks,Britannia,Marie Gold,8,667.7467055221048,82.26983248027177,401.6666666666667,28.0,28.0,7.0,17.75,13.0,20,21.0,22.125,6,1
2024,8,31,Snacks,Britannia,Marie Gold,13,2389.598601185288,507.5034462324969,392.25,8.0,28.0,28.0,19.25,15.0,20,7.0,20.375,6,1
2024,8,32,Snacks,Britannia,Marie Gold,15,1643.6187456783555,326.2875684095206,192.8,13.0,8.0,28.0,16.0,22.0,20,28.0,18.125,6,1
2024,8,33,Snacks,Britannia,Marie Gold,22,3563.480911857129,759.4633466386997,293.55555555555554,15.0,13.0,8.0,14.5,47.0,20,28.0,17.75,6,1
2024,8,34,Snacks,Britannia,Marie Gold,47,5449.269846797759,1030.5306209432001,296.0625,22.0,15.0,13.0,24.25,20.0,20,8.0,21.0,6,1
2024,8,35,Snacks,Britannia,Marie Gold,20,2122.4741109189267,404.8315526996121,309.0,47.0,22.0,15.0,26.0,3.0,20,13.0,22.625,6,1
2024,9,35,Snacks,Britannia,Marie Gold,3,274.06739168563394,72.8738114316609,331.0,20.0,47.0,22.0,23.0,34.0,20,15.0,19.5,6,1
2024,9,36,Snacks,Britannia,Marie Gold,34,5032.579551394634,1207.2233445599377,303.5,3.0,20.0,47.0,26.0,29.0,20,22.0,20.25,6,1
2024,9,37,Snacks,Britannia,Marie Gold,29,3690.3881177064677,804.0851968727508,271.1,34.0,3.0,20.0,21.5,34.0,20,47.0,22.875,6,1
2024,9,38,Snacks,Britannia,Marie Gold,34,5129.458896390231,1046.1253974994133,333.3,29.0,34.0,3.0,25.0,28.0,20,20.0,25.5,6,1
2024,9,39,Snacks,Britannia,Marie Gold,28,3528.625100768917,644.3046773286983,314.3,34.0,29.0,34.0,31.25,27.0,20,3.0,27.125,6,1
2024,10,40,Snacks,Britannia,Marie Gold,27,2816.137388833417,563.4384630893011,300.7,28.0,34.0,29.0,29.5,21.0,20,34.0,27.75,6,1
2024,10,41,Snacks,Britannia,Marie Gold,21,3190.014470592996,851.0610557550374,320.57142857142856,27.0,28.0,34.0,27.5,38.0,20,29.0,24.5,6,1
2024,10,42,Snacks,Britannia,Marie Gold,38,5098.96607737584,1136.6941286053755,278.3076923076923,21.0,27.0,28.0,28.5,17.0,20,34.0,26.75,6,1
2024,10,43,Snacks,Britannia,Marie Gold,17,2238.0029268699714,536.7643258671109,250.57142857142858,38.0,21.0,27.0,25.75,25.0,20,28.0,28.5,6,1
2024,10,44,Snacks,Britannia,Marie Gold,25,2641.8646188723064,424.16757269890866,342.0,17.0,38.0,21.0,25.25,9.0,20,27.0,27.375,6,1
2024,11,44,Snacks,Britannia,Marie Gold,9,822.5907525043822,162.09783250308166,391.0,25.0,17.0,38.0,22.25,32.0,20,21.0,24.875,6,1
2024,11,45,Snacks,Britannia,Marie Gold,32,4852.919015924386,865.2757916520916,179.1,9.0,25.0,17.0,20.75,48.0,20,38.0,24.625,6,1
2024,11,46,Snacks,Britannia,Marie Gold,48,6987.113401315278,1310.2406456413582,260.2,32.0,9.0,25.0,28.5,45.0,20,17.0,27.125,6,1
2024,11,47,Snacks,Britannia,Marie Gold,45,4516.11357669987,974.1235227313567,262.9230769230769,48.0,32.0,9.0,33.5,28.0,20,25.0,29.375,6,1
2024,11,48,Snacks,Britannia,Marie Gold,28,3555.343625107881,714.3609640351684,194.9090909090909,45.0,48.0,32.0,38.25,6.0,20,9.0,30.25,6,1
2024,12,48,Snacks,Britannia,Marie Gold,6,433.7574310798457,88.7630185953733,158.33333333333334,28.0,45.0,48.0,31.75,19.0,20,32.0,26.25,6,1
2024,12,49,Snacks,Britannia,Marie Gold,19,1912.4857972100453,323.5049205076093,308.8,6.0,28.0,45.0,24.5,10.0,20,48.0,26.5,6,1
2024,12,50,Snacks,Britannia,Marie Gold,10,1018.0130576937531,176.48720820592956,134.0,19.0,6.0,28.0,15.75,40.0,20,45.0,24.625,6,1
2024,12,51,Snacks,Britannia,Marie Gold,40,5907.095256291348,1425.673271937748,270.15384615384613,10.0,19.0,6.0,18.75,29.0,20,28.0,28.5,6,1
2024,3,9,Beverages,Nestle,Milo Drink,10,1122.7890977466436,258.5466026082338,254.0,23.0,43.0,50.0,31.5,32.0,21,66.0,32.75,0,4
2024,3,10,Beverages,Nestle,Milo Drink,32,3864.16464677753,793.424088806193,344.3333333333333,10.0,23.0,43.0,27.0,28.0,21,50.0,32.25,0,4
2024,3,11,Beverages,Nestle,Milo Drink,28,4058.2732533966923,704.711246490788,274.3,32.0,10.0,23.0,23.25,39.0,21,43.0,33.625,0,4
2024,3,12,Beverages,Nestle,Milo Drink,39,4878.711617862618,1037.5045363064785,288.5833333333333,28.0,32.0,10.0,27.25,38.0,21,23.0,36.375,0,4
2024,3,13,Beverages,Nestle,Milo Drink,38,5612.98652158186,1008.4479773449342,273.0625,39.0,28.0,32.0,34.25,46.0,21,10.0,32.875,0,4
2024,4,14,Beverages,Nestle,Milo Drink,46,5953.3780690492285,884.5401351185901,296.125,38.0,39.0,28.0,37.75,41.0,21,32.0,32.375,0,4
2024,4,15,Beverages,Nestle,Milo Drink,41,6082.486847447518,1158.599065338462,277.0,46.0,38.0,39.0,41.0,41.0,21,28.0,32.125,0,4
2024,4,16,Beverages,Nestle,Milo Drink,41,5711.9440211305255,1328.0052246381433,259.05882352941177,41.0,46.0,38.0,41.5,52.0,21,39.0,34.375,0,4
2024,4,17,Beverages,Nestle,Milo Drink,52,5913.288820409721,1111.0658250372667,245.125,41.0,41.0,46.0,45.0,15.0,21,38.0,39.625,0,4
2024,4,18,Beverages,Nestle,Milo Drink,15,1773.0641248989755,399.73682924076354,277.5,52.0,41.0,41.0,37.25,49.0,21,46.0,37.5,0,4
2024,5,18,Beverages,Nestle,Milo Drink,49,5283.5616326206255,1164.4748042739884,277.3529411764706,15.0,52.0,41.0,39.25,75.0,21,41.0,40.125,0,4
2024,5,19,Beverages,Nestle,Milo Drink,75,10251.61221176932,1984.360164611249,283.45454545454544,49.0,15.0,52.0,47.75,20.0,21,41.0,44.625,0,4
2024,5,20,Beverages,Nestle,Milo Drink,20,2641.317578400031,343.90737719510645,237.375,75.0,49.0,15.0,39.75,47.0,21,52.0,42.375,0,4
2024,5,21,Beverages,Nestle,Milo Drink,47,6123.125024455066,1285.635131783974,279.0625,20.0,75.0,49.0,47.75,30.0,21,15.0,42.5,0,4
2024,5,22,Beverages,Nestle,Milo Drink,30,3146.537745120331,660.535345245921,180.66666666666666,47.0,20.0,75.0,43.0,21.0,21,49.0,41.125,0,4
2024,6,22,Beverages,Nestle,Milo Drink,21,2923.5635933373055,481.2746485378335,207.0,30.0,47.0,20.0,29.5,43.0,21,75.0,38.625,0,4
2024,6,23,Beverages,Nestle,Milo Drink,43,4835.050354696705,726.1354583062721,271.7692307692308,21.0,30.0,47.0,35.25,20.0,21,20.0,37.5,0,4
2024,6,24,Beverages,Nestle,Milo Drink,20,2004.879844193722,437.5189209842829,239.16666666666666,43.0,21.0,30.0,28.5,33.0,21,47.0,38.125,0,4
2024,6,25,Beverages,Nestle,Milo Drink,33,4255.670977779877,758.993595300288,304.1666666666667,20.0,43.0,21.0,29.25,41.0,21,30.0,36.125,0,4
2024,6,26,Beverages,Nestle,Milo Drink,41,6034.381099693621,1374.960809457163,308.64285714285717,33.0,20.0,43.0,34.25,56.0,21,21.0,31.875,0,4
2024,7,27,Beverages,Nestle,Milo Drink,56,7204.591139968856,1598.9593609363421,317.11764705882354,41.0,33.0,20.0,37.5,54.0,21,43.0,36.375,0,4
2024,7,28,Beverages,Nestle,Milo Drink,54,7807.743091974652,1384.2111576123345,299.8333333333333,56.0,41.0,33.0,46.0,50.0,21,20.0,37.25,0,4
2024,7,29,Beverages,Nestle,Milo Drink,50,5410.472382313901,1215.1093424765775,303.2,54.0,56.0,41.0,50.25,42.0,21,33.0,39.75,0,4
2024,7,30,Beverages,Nestle,Milo Drink,42,5851.3964306995695,1425.1131137951074,316.3333333333333,50.0,54.0,56.0,50.5,23.0,21,41.0,42.375,0,4
2024,7,31,Beverages,Nestle,Milo Drink,23,3204.9673670782413,691.4459809557293,253.33333333333334,42.0,50.0,54.0,42.25,35.0,21,56.0,39.875,0,4
2024,8,31,Beverages,Nestle,Milo Drink,35,3846.555411032277,715.8934093699179,258.2142857142857,23.0,42.0,50.0,37.5,45.0,21,54.0,41.75,0,4
2024,8,32,Beverages,Nestle,Milo Drink,45,5121.574183148907,879.4482928726959,272.7142857142857,35.0,23.0,42.0,36.25,52.0,21,50.0,43.25,0,4
2024,8,33,Beverages,Nestle,Milo Drink,52,6093.9326309774015,1267.880588016492,269.54545454545456,45.0,35.0,23.0,38.75,68.0,21,42.0,44.625,0,4
2024,8,34,Beverages,Nestle,Milo Drink,68,10409.168689525268,2190.4142755387716,315.45454545454544,52.0,45.0,35.0,50.0,47.0,21,23.0,46.125,0,4
2024,8,35,Beverages,Nestle,Milo Drink,47,6327.374767730773,1445.2390851390278,260.2352941176471,68.0,52.0,45.0,53.0,22.0,21,35.0,45.25,0,4
2024,9,35,Beverages,Nestle,Milo Drink,22,2947.148221556144,646.2909297041497,187.66666666666666,47.0,68.0,52.0,47.25,36.0,21,45.0,41.75,0,4
2024,9,36,Beverages,Nestle,Milo Drink,36,4722.681229764343,991.8576812798962,345.6,22.0,47.0,68.0,43.25,43.0,21,52.0,41.0,0,4
2024,9,37,Beverages,Nestle,Milo Drink,43,5765.272036449542,1073.8211253195368,298.8,36.0,22.0,47.0,37.0,34.0,21,68.0,43.5,0,4
2024,9,38,Beverages,Nestle,Milo Drink,34,5701.046332013204,996.6001847035757,278.1818181818182,43.0,36.0,22.0,33.75,45.0,21,47.0,43.375,0,4
2024,9,39,Beverages,Nestle,Milo Drink,45,5334.798858077438,1018.1078360399057,176.66666666666666,34.0,43.0,36.0,39.5,56.0,21,22.0,43.375,0,4
2024,10,40,Beverages,Nestle,Milo Drink,56,6943.57494175871,1428.8488041871833,232.55555555555554,45.0,34.0,43.0,44.5,49.0,21,36.0,43.875,0,4
2024,10,41,Beverages,Nestle,Milo Drink,49,6114.90413651133,1338.0418051739357,252.58823529411765,56.0,45.0,34.0,46.0,49.0,21,43.0,41.5,0,4
2024,10,42,Beverages,Nestle,Milo Drink,49,6995.468026235602,1440.4447872598698,322.55555555555554,49.0,56.0,45.0,49.75,40.0,21,34.0,41.75,0,4
2024,10,43,Beverages,Nestle,Milo Drink,40,4896.391420757982,768.3207468834901,262.57142857142856,49.0,49.0,56.0,48.5,28.0,21,45.0,44.0,0,4
2024,10,44,Beverages,Nestle,Milo Drink,28,3903.0052518830807,880.6962646836687,245.0,40.0,49.0,49.0,41.5,33.0,21,56.0,43.0,0,4
2024,11,44,Beverages,Nestle,Milo Drink,33,3316.827124319193,590.218614369282,343.8181818181818,28.0,40.0,49.0,37.5,22.0,21,49.0,41.75,0,4
2024,11,45,Beverages,Nestle,Milo Drink,22,2892.479801969195,680.6389725111238,298.125,33.0,28.0,40.0,30.75,45.0,21,49.0,40.25,0,4
2024,11,46,Beverages,Nestle,Milo Drink,45,5761.232150394639,1305.967218869571,255.72222222222223,22.0,33.0,28.0,32.0,41.0,21,40.0,40.25,0,4
2024,11,47,Beverages,Nestle,Milo Drink,41,5220.790520312893,1071.9025522455388,212.69230769230768,45.0,22.0,33.0,35.25,32.0,21,28.0,38.375,0,4
2024,11,48,Beverages,Nestle,Milo Drink,32,2809.160968787914,589.0149946713946,257.1111111111111,41.0,45.0,22.0,35.0,14.0,21,33.0,36.25,0,4
2024,12,48,Beverages,Nestle,Milo Drink,14,2128.652345512168,370.98338496105976,161.0,32.0,41.0,45.0,33.0,54.0,21,22.0,31.875,0,4
2024,12,49,Beverages,Nestle,Milo Drink,54,5775.107441914951,1238.413316137983,234.64285714285714,14.0,32.0,41.0,35.25,29.0,21,45.0,33.625,0,4
2024,12,50,Beverages,Nestle,Milo Drink,29,3069.147421112357,560.0425396001365,321.45454545454544,54.0,14.0,32.0,32.25,62.0,21,41.0,33.75,0,4
2024,12,51,Beverages,Nestle,Milo Drink,62,6794.155552333009,1213.260958098736,242.0,29.0,54.0,14.0,39.75,39.0,21,32.0,37.375,0,4
2024,2,9,Snacks,Parle,Monaco Biscuits,23,2991.033688564117,425.75086915486764,231.42857142857142,47.0,7.0,27.0,26.0,4.0,22,22.0,26.375,6,5
2024,3,9,Snacks,Parle,Monaco Biscuits,4,615.1123580711702,156.87287054796417,153.66666666666666,23.0,47.0,7.0,20.25,16.0,22,27.0,23.75,6,5
2024,3,10,Snacks,Parle,Monaco Biscuits,16,2073.479125630158,416.18035101956985,210.8,4.0,23.0,47.0,22.5,21.0,22,7.0,19.875,6,5
2024,3,11,Snacks,Parle,Monaco Biscuits,21,2380.4766887961396,294.0279678883641,254.5,16.0,4.0,23.0,16.0,17.0,22,47.0,20.875,6,5
2024,3,12,Snacks,Parle,Monaco Biscuits,17,2545.9183386265704,548.2660434005444,287.8333333333333,21.0,16.0,4.0,14.5,23.0,22,23.0,20.25,6,5
2024,3,13,Snacks,Parle,Monaco Biscuits,23,1597.8911807289678,219.4479710825513,288.55555555555554,17.0,21.0,16.0,19.25,43.0,22,4.0,19.75,6,5
2024,4,14,Snacks,Parle,Monaco Biscuits,43,5973.76707663364,1099.437859705019,273.2,23.0,17.0,21.0,26.0,15.0,22,16.0,24.25,6,5
2024,4,15,Snacks,Parle,Monaco Biscuits,15,1611.1430210842939,367.5641092272506,213.0,43.0,23.0,17.0,24.5,6.0,22,21.0,20.25,6,5
2024,4,16,Snacks,Parle,Monaco Biscuits,6,538.7538375697472,99.24025790186946,401.3333333333333,15.0,43.0,23.0,21.75,31.0,22,17.0,18.125,6,5
2024,4,17,Snacks,Parle,Monaco Biscuits,31,4047.718968518832,704.9592092107916,251.66666666666666,6.0,15.0,43.0,23.75,33.0,22,23.0,21.5,6,5
2024,5,18,Snacks,Parle,Monaco Biscuits,33,3817.70452106014,871.0590607121924,324.1818181818182,31.0,6.0,15.0,21.25,34.0,22,43.0,23.625,6,5
2024,5,19,Snacks,Parle,Monaco Biscuits,34,5268.7378415981575,1117.3258610521564,293.90909090909093,33.0,31.0,6.0,26.0,14.0,22,15.0,25.25,6,5
2024,5,20,Snacks,Parle,Monaco Biscuits,14,1538.934604060838,279.01684057054763,225.6,34.0,33.0,31.0,28.0,35.0,22,6.0,24.875,6,5
2024,5,21,Snacks,Parle,Monaco Biscuits,35,4163.699767781155,937.1240084039333,337.7692307692308,14.0,34.0,33.0,29.0,17.0,22,31.0,26.375,6,5
2024,5,22,Snacks,Parle,Monaco Biscuits,17,1766.3796729701808,372.6823980606128,240.0,35.0,14.0,34.0,25.0,12.0,22,33.0,23.125,6,5
2024,6,22,Snacks,Parle,Monaco Biscuits,12,2020.0393909231097,347.84857446438417,218.0,17.0,35.0,14.0,19.5,28.0,22,34.0,22.75,6,5
2024,6,23,Snacks,Parle,Monaco Biscuits,28,2653.9407143728426,605.4833315345127,270.6666666666667,12.0,17.0,35.0,23.0,22.0,22,14.0,25.5,6,5
2024,6,24,Snacks,Parle,Monaco Biscuits,22,3547.747044440616,900.2511117662544,246.0,28.0,12.0,17.0,19.75,18.0,22,35.0,24.375,6,5
2024,6,25,Snacks,Parle,Monaco Biscuits,18,3226.2387306430055,556.9565701056274,200.0,22.0,28.0,12.0,20.0,25.0,22,17.0,22.5,6,5
2024,6,26,Snacks,Parle,Monaco Biscuits,25,2638.3123564626026,564.6183278933336,289.8888888888889,18.0,22.0,28.0,23.25,18.0,22,12.0,21.375,6,5
2024,7,27,Snacks,Parle,Monaco Biscuits,18,2600.3259356467347,427.5638372485948,257.42857142857144,25.0,18.0,22.0,20.75,20.0,22,28.0,21.875,6,5
2024,7,28,Snacks,Parle,Monaco Biscuits,20,2053.0316496743035,523.3855369769805,230.6,18.0,25.0,18.0,20.25,26.0,22,22.0,20.0,6,5
2024,7,29,Snacks,Parle,Monaco Biscuits,26,4162.103993409144,533.1207802649467,234.75,20.0,18.0,25.0,22.25,25.0,22,18.0,21.125,6,5
2024,7,30,Snacks,Parle,Monaco Biscuits,25,2470.428289354501,433.0011125108739,236.0,26.0,20.0,18.0,22.25,2.0,22,25.0,22.75,6,5
2024,7,31,Snacks,Parle,Monaco Biscuits,2,218.6991917109893,48.97259213593516,250.5,25.0,26.0,20.0,18.25,21.0,22,18.0,19.5,6,5
2024,8,31,Snacks,Parle,Monaco Biscuits,21,3692.527502039419,863.8209051891471,282.0,2.0,25.0,26.0,18.5,25.0,22,20.0,19.375,6,5
2024,8,32,Snacks,Parle,Monaco Biscuits,25,2732.876378216097,356.2142140094034,258.6,21.0,2.0,25.0,18.25,26.0,22,26.0,20.25,6,5
2024,8,33,Snacks,Parle,Monaco Biscuits,26,4046.1720640466474,812.6336587217586,326.375,25.0,21.0,2.0,18.5,31.0,22,25.0,20.375,6,5
2024,8,34,Snacks,Parle,Monaco Biscuits,31,3789.05761578314,783.9241067546562,263.0833333333333,26.0,25.0,21.0,25.75,34.0,22,2.0,22.0,6,5
2024,8,35,Snacks,Parle,Monaco Biscuits,34,5137.455217274295,1054.494541551299,261.9166666666667,31.0,26.0,25.0,29.0,10.0,22,21.0,23.75,6,5
2024,9,35,Snacks,Parle,Monaco Biscuits,10,1080.6707619805836,303.9411044840685,256.75,34.0,31.0,26.0,25.25,20.0,22,25.0,21.75,6,5
2024,9,36,Snacks,Parle,Monaco Biscuits,20,2929.1338847026072,654.8340230434487,301.0,10.0,34.0,31.0,23.75,29.0,22,26.0,21.125,6,5
2024,9,37,Snacks,Parle,Monaco Biscuits,29,3664.576995376162,826.7296480528191,247.0,20.0,10.0,34.0,23.25,20.0,22,31.0,24.5,6,5
2024,9,38,Snacks,Parle,Monaco Biscuits,20,2117.9026641376663,350.0068757271486,200.28571428571428,29.0,20.0,10.0,19.75,22.0,22,34.0,24.375,6,5
2024,9,39,Snacks,Parle,Monaco Biscuits,22,2768.943992580569,661.0410442083265,220.11111111111111,20.0,29.0,20.0,22.75,5.0,22,10.0,24.0,6,5
2024,9,40,Snacks,Parle,Monaco Biscuits,5,314.4735811188807,23.018887540154083,486.0,22.0,20.0,29.0,19.0,21.0,22,20.0,21.375,6,5
2024,10,40,Snacks,Parle,Monaco Biscuits,21,3273.0375450689776,779.5768912325308,332.42857142857144,5.0,22.0,20.0,17.0,17.0,22,29.0,20.125,6,5
2024,10,41,Snacks,Parle,Monaco Biscuits,17,1571.8004399856427,314.70677695837173,274.57142857142856,21.0,5.0,22.0,16.25,19.0,22,20.0,18.0,6,5
2024,10,42,Snacks,Parle,Monaco Biscuits,19,2250.753936219069,454.0082794571774,272.875,17.0,21.0,5.0,15.5,37.0,22,22.0,19.125,6,5
2024,10,43,Snacks,Parle,Monaco Biscuits,37,4319.6002913795055,1001.923274972318,213.1818181818182,19.0,17.0,21.0,23.5,3.0,22,5.0,21.25,6,5
2024,10,44,Snacks,Parle,Monaco Biscuits,3,395.3543823751292,52.543360480865545,364.0,37.0,19.0,17.0,19.0,14.0,22,21.0,18.0,6,5
2024,11,44,Snacks,Parle,Monaco Biscuits,14,2358.0761989095113,451.50125833102976,255.33333333333334,3.0,37.0,19.0,18.25,21.0,22,17.0,17.25,6,5
2024,11,45,Snacks,Parle,Monaco Biscuits,21,2641.813853198986,386.68827871923526,181.16666666666666,14.0,3.0,37.0,18.75,32.0,22,19.0,17.125,6,5
2024,11,46,Snacks,Parle,Monaco Biscuits,32,4297.285197886124,834.6013829385668,190.7,21.0,14.0,3.0,17.5,15.0,22,37.0,20.5,6,5
2024,11,47,Snacks,Parle,Monaco Biscuits,15,1105.8968663057412,242.47012182397293,301.85714285714283,32.0,21.0,14.0,20.5,30.0,22,3.0,19.75,6,5
2024,11,48,Snacks,Parle,Monaco Biscuits,30,3217.230301556928,716.5778581681072,260.77777777777777,15.0,32.0,21.0,24.5,22.0,22,14.0,21.375,6,5
2024,12,49,Snacks,Parle,Monaco Biscuits,22,3437.4915747579507,638.0165569669756,258.77777777777777,30.0,15.0,32.0,24.75,18.0,22,21.0,21.75,6,5
2024,12,50,Snacks,Parle,Monaco Biscuits,18,2461.2334475674056,470.4845588462961,258.8,22.0,30.0,15.0,21.25,41.0,22,32.0,19.375,6,5
2024,12,51,Snacks,Parle,Monaco Biscuits,41,2642.412689548431,555.7011856933539,322.0769230769231,18.0,22.0,30.0,27.75,28.0,22,15.0,24.125,6,5
2024,2,9,Beverages,PepsiCo,Mountain Dew,12,1764.6761983874349,343.49298544246005,179.5,24.0,37.0,25.0,24.5,18.0,23,30.0,23.0,0,6
2024,3,9,Beverages,PepsiCo,Mountain Dew,18,2270.969346720176,534.6902869103445,319.2,12.0,24.0,37.0,22.75,40.0,23,25.0,21.0,0,6
2024,3,10,Beverages,PepsiCo,Mountain Dew,40,5687.386233018896,1028.6410634021559,265.0833333333333,18.0,12.0,24.0,23.5,26.0,23,37.0,23.375,0,6
2024,3,11,Beverages,PepsiCo,Mountain Dew,26,4370.2157179829655,775.3817137492665,268.1,40.0,18.0,12.0,24.0,34.0,23,24.0,26.5,0,6
2024,3,12,Beverages,PepsiCo,Mountain Dew,34,4593.866044173847,775.2178354728759,291.44444444444446,26.0,40.0,18.0,29.5,27.0,23,12.0,27.0,0,6
2024,3,13,Beverages,PepsiCo,Mountain Dew,27,3282.7435541671593,628.633224710482,317.8,34.0,26.0,40.0,31.75,27.0,23,18.0,27.25,0,6
2024,4,14,Beverages,PepsiCo,Mountain Dew,27,4322.320016896628,918.2321095625805,270.3,27.0,34.0,26.0,28.5,41.0,23,40.0,26.0,0,6
2024,4,15,Beverages,PepsiCo,Mountain Dew,41,5576.902759075514,1015.0539318316544,298.5,27.0,27.0,34.0,32.25,21.0,23,26.0,28.125,0,6
2024,4,16,Beverages,PepsiCo,Mountain Dew,21,2903.007856344275,441.7663466074088,263.14285714285717,41.0,27.0,27.0,29.0,57.0,23,34.0,29.25,0,6
2024,4,17,Beverages,PepsiCo,Mountain Dew,57,8400.704795171192,1828.9564189281327,206.38888888888889,21.0,41.0,27.0,36.5,6.0,23,27.0,34.125,0,6
2024,4,18,Beverages,PepsiCo,Mountain Dew,6,1064.3985017489483,258.898136374714,413.5,57.0,21.0,41.0,31.25,11.0,23,27.0,29.875,0,6
2024,5,18,Beverages,PepsiCo,Mountain Dew,11,1109.9050199982103,199.50800059845767,407.3333333333333,6.0,57.0,21.0,23.75,23.0,23,41.0,28.0,0,6
2024,5,19,Beverages,PepsiCo,Mountain Dew,23,3553.891899159479,797.1203476026428,276.1111111111111,11.0,6.0,57.0,24.25,36.0,23,21.0,26.625,0,6
2024,5,20,Beverages,PepsiCo,Mountain Dew,36,6532.3741719853,1298.1645579054937,271.42857142857144,23.0,11.0,6.0,19.0,41.0,23,57.0,27.75,0,6
2024,5,21,Beverages,PepsiCo,Mountain Dew,41,4596.138821814406,1067.653296880029,238.30769230769232,36.0,23.0,11.0,27.75,20.0,23,6.0,29.5,0,6
2024,5,22,Beverages,PepsiCo,Mountain Dew,20,2240.8305557068093,482.8994931910244,279.0,41.0,36.0,23.0,30.0,6.0,23,11.0,26.875,0,6
2024,6,22,Beverages,PepsiCo,Mountain Dew,6,925.1514946097348,257.93018770330116,338.0,20.0,41.0,36.0,25.75,25.0,23,23.0,25.0,0,6
2024,6,23,Beverages,PepsiCo,Mountain Dew,25,2697.2695617251597,446.2203599598497,197.88888888888889,6.0,20.0,41.0,23.0,27.0,23,36.0,21.0,0,6
2024,6,24,Beverages,PepsiCo,Mountain Dew,27,2214.251962951004,312.64567968436523,349.6666666666667,25.0,6.0,20.0,19.5,29.0,23,41.0,23.625,0,6
2024,6,25,Beverages,PepsiCo,Mountain Dew,29,3154.6177150674293,367.8960239507427,323.75,27.0,25.0,6.0,21.75,11.0,23,20.0,25.875,0,6
2024,6,26,Beverages,PepsiCo,Mountain Dew,11,2084.556290518679,389.2306388363012,292.6666666666667,29.0,27.0,25.0,23.0,36.0,23,6.0,24.375,0,6
2024,7,27,Beverages,PepsiCo,Mountain Dew,36,4456.928442287979,997.195918740973,315.09090909090907,11.0,29.0,27.0,25.75,18.0,23,25.0,24.375,0,6
2024,7,28,Beverages,PepsiCo,Mountain Dew,18,4102.300209076879,972.0995510382058,256.0,36.0,11.0,29.0,23.5,44.0,23,27.0,21.5,0,6
2024,7,29,Beverages,PepsiCo,Mountain Dew,44,6517.605862981743,1517.9234165385742,285.6,18.0,36.0,11.0,27.25,42.0,23,29.0,24.5,0,6
2024,7,30,Beverages,PepsiCo,Mountain Dew,42,4346.972706844715,1041.9746768313146,233.41666666666666,44.0,18.0,36.0,35.0,5.0,23,11.0,29.0,0,6
2024,7,31,Beverages,PepsiCo,Mountain Dew,5,524.5259703836202,108.91310729001876,280.5,42.0,44.0,18.0,27.25,14.0,23,36.0,26.5,0,6
2024,8,31,Beverages,PepsiCo,Mountain Dew,14,1970.328863505528,354.925674743263,296.3333333333333,5.0,42.0,44.0,26.25,48.0,23,18.0,24.875,0,6
2024,8,32,Beverages,PepsiCo,Mountain Dew,48,5796.477968505284,1205.4079560559273,272.6666666666667,14.0,5.0,42.0,27.25,13.0,23,44.0,27.25,0,6
2024,8,33,Beverages,PepsiCo,Mountain Dew,13,1156.4110691896954,266.4360243317269,226.83333333333334,48.0,14.0,5.0,20.0,27.0,23,42.0,27.5,0,6
2024,8,34,Beverages,PepsiCo,Mountain Dew,27,4209.782932299342,1058.0696669629795,262.1111111111111,13.0,48.0,14.0,25.5,31.0,23,5.0,26.375,0,6
2024,8,35,Beverages,PepsiCo,Mountain Dew,31,3247.6242917352038,640.1385852963674,240.1818181818182,27.0,13.0,48.0,29.75,20.0,23,14.0,28.0,0,6
2024,9,36,Beverages,PepsiCo,Mountain Dew,20,3537.495013120547,629.5260915817361,311.25,31.0,27.0,13.0,22.75,53.0,23,48.0,25.0,0,6
2024,9,37,Beverages,PepsiCo,Mountain Dew,53,6944.100381235153,1429.237653831523,252.4375,20.0,31.0,27.0,32.75,42.0,23,13.0,26.375,0,6
2024,9,38,Beverages,PepsiCo,Mountain Dew,42,4321.120682540973,630.9558618143071,271.0833333333333,53.0,20.0,31.0,36.5,38.0,23,27.0,31.0,0,6
2024,9,39,Beverages,PepsiCo,Mountain Dew,38,3812.265053781267,764.574474378204,292.6923076923077,42.0,53.0,20.0,38.25,9.0,23,31.0,34.0,0,6
2024,9,40,Beverages,PepsiCo,Mountain Dew,9,1415.804799102929,246.73261216981336,317.0,38.0,42.0,53.0,35.5,15.0,23,20.0,29.125,0,6
2024,10,40,Beverages,PepsiCo,Mountain Dew,15,2436.330565640427,551.5561618453405,252.83333333333334,9.0,38.0,42.0,26.0,34.0,23,53.0,29.375,0,6
2024,10,41,Beverages,PepsiCo,Mountain Dew,34,4355.988916053052,965.5489145054121,277.25,15.0,9.0,38.0,24.0,25.0,23,42.0,30.25,0,6
2024,10,42,Beverages,PepsiCo,Mountain Dew,25,2333.6661410453726,394.10711818182904,281.375,34.0,15.0,9.0,20.75,50.0,23,38.0,29.5,0,6
2024,10,43,Beverages,PepsiCo,Mountain Dew,50,5236.766431225417,1030.303639808792,225.0,25.0,34.0,15.0,31.0,24.0,23,9.0,33.25,0,6
2024,10,44,Beverages,PepsiCo,Mountain Dew,24,3063.163186228621,750.3067029394815,259.75,50.0,25.0,34.0,33.25,48.0,23,15.0,29.625,0,6
2024,11,45,Beverages,PepsiCo,Mountain Dew,48,5694.574325412217,994.6821265141314,204.0,24.0,50.0,25.0,36.75,28.0,23,34.0,30.375,0,6
2024,11,46,Beverages,PepsiCo,Mountain Dew,28,3634.9790587800244,747.899703516201,318.0,48.0,24.0,50.0,37.5,36.0,23,25.0,29.125,0,6
2024,11,47,Beverages,PepsiCo,Mountain Dew,36,3048.0927364850377,581.0273892289025,326.3333333333333,28.0,48.0,24.0,34.0,37.0,23,50.0,32.5,0,6
2024,11,48,Beverages,PepsiCo,Mountain Dew,37,5452.093442268443,1199.2210027731535,297.2307692307692,36.0,28.0,48.0,37.25,4.0,23,24.0,35.25,0,6
2024,12,48,Beverages,PepsiCo,Mountain Dew,4,466.67577943264627,90.56322150950933,271.0,37.0,36.0,28.0,26.25,41.0,23,48.0,31.5,0,6
2024,12,49,Beverages,PepsiCo,Mountain Dew,41,6076.1330782280065,1194.3607700993116,271.61538461538464,4.0,37.0,36.0,29.5,22.0,23,28.0,33.5,0,6
2024,12,50,Beverages,PepsiCo,Mountain Dew,22,2296.7556614369823,499.264889496417,303.90909090909093,41.0,4.0,37.0,26.0,31.0,23,36.0,30.0,0,6
2024,12,51,Beverages,PepsiCo,Mountain Dew,31,3531.0086019247437,624.1484308276943,179.63636363636363,22.0,41.0,4.0,24.5,12.0,23,37.0,30.875,0,6
2024,2,9,Beverages,Nestle,Nescafe Coffee,29,3923.4928203372588,688.6114063545215,233.72727272727272,44.0,40.0,33.0,36.5,15.0,24,26.0,37.25,0,4
2024,3,9,Beverages,Nestle,Nescafe Coffee,15,2174.187582349623,461.5389262187819,194.25,29.0,44.0,40.0,32.0,38.0,24,33.0,33.125,0,4
2024,3,10,Beverages,Nestle,Nescafe Coffee,38,5003.426337835087,1069.444682952323,276.8666666666667,15.0,29.0,44.0,31.5,56.0,24,40.0,29.375,0,4
2024,3,11,Beverages,Nestle,Nescafe Coffee,56,8543.846029024024,1659.4912050909834,295.89473684210526,38.0,15.0,29.0,34.5,74.0,24,44.0,35.125,0,4
2024,3,12,Beverages,Nestle,Nescafe Coffee,74,10089.707129590885,1687.9736512641527,251.30769230769232,56.0,38.0,15.0,45.75,29.0,24,29.0,41.125,0,4
2024,3,13,Beverages,Nestle,Nescafe Coffee,29,4439.716275991053,983.066216152174,314.35714285714283,74.0,56.0,38.0,49.25,53.0,24,15.0,40.625,0,4
2024,4,14,Beverages,Nestle,Nescafe Coffee,53,6652.783067199807,1406.2829518958072,278.55555555555554,29.0,74.0,56.0,53.0,42.0,24,38.0,42.25,0,4
2024,4,15,Beverages,Nestle,Nescafe Coffee,42,5562.512025334172,857.2445675297215,259.7692307692308,53.0,29.0,74.0,49.5,36.0,24,56.0,42.0,0,4
2024,4,16,Beverages,Nestle,Nescafe Coffee,36,5894.438818999197,1367.197065623614,327.4166666666667,42.0,53.0,29.0,40.0,43.0,24,74.0,42.875,0,4
2024,4,17,Beverages,Nestle,Nescafe Coffee,43,6656.25879645444,1301.9903776626038,265.57142857142856,36.0,42.0,53.0,43.5,28.0,24,29.0,46.375,0,4
2024,4,18,Beverages,Nestle,Nescafe Coffee,28,3784.175946520515,534.3883179575414,176.25,43.0,36.0,42.0,37.25,20.0,24,53.0,45.125,0,4
2024,5,18,Beverages,Nestle,Nescafe Coffee,20,2482.578824660115,493.48653773675824,308.125,28.0,43.0,36.0,31.75,41.0,24,42.0,40.625,0,4
2024,5,19,Beverages,Nestle,Nescafe Coffee,41,4598.366581837472,779.6824166813565,237.1818181818182,20.0,28.0,43.0,33.0,40.0,24,36.0,36.5,0,4
2024,5,20,Beverages,Nestle,Nescafe Coffee,40,6676.889230235002,1589.681087345117,270.26666666666665,41.0,20.0,28.0,32.25,55.0,24,43.0,37.875,0,4
2024,5,21,Beverages,Nestle,Nescafe Coffee,55,8784.00533677701,1765.8759124245573,206.35294117647058,40.0,41.0,20.0,39.0,44.0,24,28.0,38.125,0,4
2024,5,22,Beverages,Nestle,Nescafe Coffee,44,5625.611042658612,1178.7948587371482,360.9166666666667,55.0,40.0,41.0,45.0,8.0,24,20.0,38.375,0,4
2024,6,22,Beverages,Nestle,Nescafe Coffee,8,1037.8831815509402,218.44232666794903,212.0,44.0,55.0,40.0,36.75,41.0,24,41.0,34.875,0,4
2024,6,23,Beverages,Nestle,Nescafe Coffee,41,4966.707470287087,984.0051531981861,278.05882352941177,8.0,44.0,55.0,37.0,36.0,24,40.0,34.625,0,4
2024,6,24,Beverages,Nestle,Nescafe Coffee,36,4722.624393208091,1154.7315674117942,228.16666666666666,41.0,8.0,44.0,32.25,23.0,24,55.0,35.625,0,4
2024,6,25,Beverages,Nestle,Nescafe Coffee,23,2361.8394278979304,379.2844447472047,379.1111111111111,36.0,41.0,8.0,27.0,36.0,24,44.0,36.0,0,4
2024,6,26,Beverages,Nestle,Nescafe Coffee,36,4479.454257001047,730.1848803171731,246.42857142857142,23.0,36.0,41.0,34.0,72.0,24,8.0,35.375,0,4
2024,7,27,Beverages,Nestle,Nescafe Coffee,72,8567.651572971605,1813.6279696711933,301.12,36.0,23.0,36.0,41.75,34.0,24,41.0,39.375,0,4
2024,7,28,Beverages,Nestle,Nescafe Coffee,34,5027.507745551589,948.0147890851831,333.0833333333333,72.0,36.0,23.0,41.25,60.0,24,36.0,36.75,0,4
2024,7,29,Beverages,Nestle,Nescafe Coffee,60,9183.190707185258,1926.125719342433,246.66666666666666,34.0,72.0,36.0,50.5,33.0,24,23.0,38.75,0,4
2024,7,30,Beverages,Nestle,Nescafe Coffee,33,4188.117203612944,1089.7755652557435,295.09090909090907,60.0,34.0,72.0,49.75,10.0,24,36.0,41.875,0,4
2024,7,31,Beverages,Nestle,Nescafe Coffee,10,784.906119938272,167.07572745200872,356.6666666666667,33.0,60.0,34.0,34.25,38.0,24,72.0,38.0,0,4
2024,8,31,Beverages,Nestle,Nescafe Coffee,38,3063.733279060104,495.6494423302506,341.14285714285717,10.0,33.0,60.0,35.25,36.0,24,34.0,38.25,0,4
2024,8,32,Beverages,Nestle,Nescafe Coffee,36,5547.579381610388,1330.9409942914785,311.46153846153845,38.0,10.0,33.0,29.25,54.0,24,60.0,39.875,0,4
2024,8,33,Beverages,Nestle,Nescafe Coffee,54,8405.949584819555,1838.6510248859704,229.27777777777777,36.0,38.0,10.0,34.5,36.0,24,33.0,42.125,0,4
2024,8,34,Beverages,Nestle,Nescafe Coffee,36,5141.929034874216,1142.4598730494688,292.4166666666667,54.0,36.0,38.0,41.0,40.0,24,10.0,37.625,0,4
2024,8,35,Beverages,Nestle,Nescafe Coffee,40,6713.026010657562,1436.3290138151121,229.07692307692307,36.0,54.0,36.0,41.5,10.0,24,38.0,38.375,0,4
2024,9,35,Beverages,Nestle,Nescafe Coffee,10,1166.7769509943828,279.9878019382233,317.6666666666667,40.0,36.0,54.0,35.0,61.0,24,36.0,32.125,0,4
2024,9,36,Beverages,Nestle,Nescafe Coffee,61,8519.508183758851,1478.255652388194,243.48,10.0,40.0,36.0,36.75,38.0,24,54.0,35.625,0,4
2024,9,37,Beverages,Nestle,Nescafe Coffee,38,3894.355648623793,782.4747695337059,262.90909090909093,61.0,10.0,40.0,37.25,35.0,24,36.0,39.125,0,4
2024,9,38,Beverages,Nestle,Nescafe Coffee,35,3674.5485190306968,689.8962741496002,270.8,38.0,61.0,10.0,36.0,26.0,24,40.0,38.75,0,4
2024,9,39,Beverages,Nestle,Nescafe Coffee,26,3363.008482381941,665.4243476587102,327.1666666666667,35.0,38.0,61.0,40.0,13.0,24,10.0,37.5,0,4
2024,9,40,Beverages,Nestle,Nescafe Coffee,13,1883.25449046729,412.65071748975214,335.2,26.0,35.0,38.0,28.0,55.0,24,61.0,32.375,0,4
2024,10,40,Beverages,Nestle,Nescafe Coffee,55,7390.327141798145,1462.383451790984,231.23529411764707,13.0,26.0,35.0,32.25,41.0,24,38.0,34.75,0,4
2024,10,41,Beverages,Nestle,Nescafe Coffee,41,5550.426366724886,1223.3087924621557,198.5,55.0,13.0,26.0,33.75,45.0,24,35.0,34.875,0,4
2024,10,42,Beverages,Nestle,Nescafe Coffee,45,6217.52776959669,1248.6156812576917,312.7647058823529,41.0,55.0,13.0,38.5,69.0,24,26.0,39.25,0,4
2024,10,43,Beverages,Nestle,Nescafe Coffee,69,9629.03803091705,1932.6018085716976,272.8636363636364,45.0,41.0,55.0,52.5,24.0,24,13.0,40.25,0,4
2024,10,44,Beverages,Nestle,Nescafe Coffee,24,2558.1129049710244,449.37868819349285,223.44444444444446,69.0,45.0,41.0,44.75,23.0,24,55.0,38.5,0,4
2024,11,44,Beverages,Nestle,Nescafe Coffee,23,2515.5022006392437,479.85525161881276,241.625,24.0,69.0,45.0,40.25,22.0,24,41.0,37.0,0,4
2024,11,45,Beverages,Nestle,Nescafe Coffee,22,2623.7480022711475,714.2777743876286,252.88888888888889,23.0,24.0,69.0,34.5,24.0,24,45.0,36.5,0,4
2024,11,46,Beverages,Nestle,Nescafe Coffee,24,2432.6713375949603,506.9184120447652,270.14285714285717,22.0,23.0,24.0,23.25,43.0,24,69.0,37.875,0,4
2024,11,47,Beverages,Nestle,Nescafe Coffee,43,5803.901430690831,1293.8515459734767,210.375,24.0,22.0,23.0,28.0,42.0,24,24.0,36.375,0,4
2024,11,48,Beverages,Nestle,Nescafe Coffee,42,5818.535426708437,1122.029753259724,283.0769230769231,43.0,24.0,22.0,32.75,4.0,24,23.0,36.5,0,4
2024,12,48,Beverages,Nestle,Nescafe Coffee,4,406.2537568549494,90.6939470643111,326.5,42.0,43.0,24.0,28.25,35.0,24,22.0,31.375,0,4
2024,12,49,Beverages,Nestle,Nescafe Coffee,35,6727.8946013998175,1704.2820335621116,290.54545454545456,4.0,42.0,43.0,31.0,53.0,24,24.0,27.125,0,4
2024,12,50,Beverages,Nestle,Nescafe Coffee,53,6485.791493223403,1213.6212602971686,279.8235294117647,35.0,4.0,42.0,33.5,50.0,24,43.0,30.75,0,4
2024,12,51,Beverages,Nestle,Nescafe Coffee,50,8338.66653038451,1860.8102193614436,274.3125,53.0,35.0,4.0,35.5,26.0,24,42.0,34.125,0,4
2024,2,9,Dairy,Nestle,Nestle Greek Yogurt,28,3676.7045299953643,692.5071935575992,208.5,30.0,19.0,29.0,26.5,35.0,25,26.0,27.625,1,4
2024,3,10,Dairy,Nestle,Nestle Greek Yogurt,35,5006.651924511208,1033.4192951073296,302.3076923076923,28.0,30.0,19.0,28.0,27.0,25,29.0,28.25,1,4
2024,3,11,Dairy,Nestle,Nestle Greek Yogurt,27,2758.613632027594,483.2311076010861,213.0,35.0,28.0,30.0,30.0,21.0,25,19.0,27.375,1,4
2024,3,12,Dairy,Nestle,Nestle Greek Yogurt,21,3284.600519929747,665.8751627017448,163.44444444444446,27.0,35.0,28.0,27.75,28.0,25,30.0,26.875,1,4
2024,3,13,Dairy,Nestle,Nestle Greek Yogurt,28,2565.947533279972,369.5822730456164,248.55555555555554,21.0,27.0,35.0,27.75,38.0,25,28.0,27.125,1,4
2024,4,14,Dairy,Nestle,Nestle Greek Yogurt,38,4513.184164032597,798.9798013368761,310.8666666666667,28.0,21.0,27.0,28.5,25.0,25,35.0,28.25,1,4
2024,4,15,Dairy,Nestle,Nestle Greek Yogurt,25,3509.689920284028,894.1979678023314,269.25,38.0,28.0,21.0,28.0,27.0,25,27.0,29.0,1,4
2024,4,16,Dairy,Nestle,Nestle Greek Yogurt,27,4397.199682683855,814.4890617045702,234.88888888888889,25.0,38.0,28.0,29.5,14.0,25,21.0,28.625,1,4
2024,4,17,Dairy,Nestle,Nestle Greek Yogurt,14,1749.747139469427,361.6510248023798,269.6,27.0,25.0,38.0,26.0,16.0,25,28.0,26.875,1,4
2024,4,18,Dairy,Nestle,Nestle Greek Yogurt,16,2791.0379100433743,532.0261413631829,279.25,14.0,27.0,25.0,20.5,16.0,25,38.0,24.5,1,4
2024,5,18,Dairy,Nestle,Nestle Greek Yogurt,16,1546.0487358609307,372.16300008902147,234.5,16.0,14.0,27.0,18.25,47.0,25,25.0,23.125,1,4
2024,5,19,Dairy,Nestle,Nestle Greek Yogurt,47,7462.7254328633435,1627.2112345891776,231.23076923076923,16.0,16.0,14.0,23.25,22.0,25,27.0,26.375,1,4
2024,5,20,Dairy,Nestle,Nestle Greek Yogurt,22,2257.511416551938,383.85739087399486,237.375,47.0,16.0,16.0,25.25,24.0,25,14.0,25.625,1,4
2024,5,21,Dairy,Nestle,Nestle Greek Yogurt,24,3235.780860784683,642.8191268020494,225.14285714285714,22.0,47.0,16.0,27.25,26.0,25,16.0,23.875,1,4
2024,5,22,Dairy,Nestle,Nestle Greek Yogurt,26,3447.3668173350607,556.3738106629773,256.125,24.0,22.0,47.0,29.75,15.0,25,16.0,24.0,1,4
2024,6,22,Dairy,Nestle,Nestle Greek Yogurt,15,2450.5120989317597,338.5144542801134,277.0,26.0,24.0,22.0,21.75,38.0,25,47.0,22.5,1,4
2024,6,23,Dairy,Nestle,Nestle Greek Yogurt,38,4934.762096204546,1034.4309668663577,211.75,15.0,26.0,24.0,25.75,24.0,25,22.0,25.5,1,4
2024,6,24,Dairy,Nestle,Nestle Greek Yogurt,24,2969.5314833838274,549.5986500151644,247.88888888888889,38.0,15.0,26.0,25.75,20.0,25,24.0,26.5,1,4
2024,6,25,Dairy,Nestle,Nestle Greek Yogurt,20,1704.6446538750452,299.17150144472447,223.75,24.0,38.0,15.0,24.25,27.0,25,26.0,27.0,1,4
2024,6,26,Dairy,Nestle,Nestle Greek Yogurt,27,2717.363520292106,533.7372144050928,274.8888888888889,20.0,24.0,38.0,27.25,16.0,25,15.0,24.5,1,4
2024,7,27,Dairy,Nestle,Nestle Greek Yogurt,16,2396.8377789260794,615.3913427418418,226.0,27.0,20.0,24.0,21.75,25.0,25,38.0,23.75,1,4
2024,7,28,Dairy,Nestle,Nestle Greek Yogurt,25,4071.528398249169,873.5163750141888,235.72727272727272,16.0,27.0,20.0,22.0,39.0,25,24.0,23.875,1,4
2024,7,29,Dairy,Nestle,Nestle Greek Yogurt,39,5194.372314150947,1013.6491844991015,256.5833333333333,25.0,16.0,27.0,26.75,20.0,25,20.0,25.5,1,4
2024,7,30,Dairy,Nestle,Nestle Greek Yogurt,20,3256.624063771566,562.6002195527863,239.44444444444446,39.0,25.0,16.0,25.0,6.0,25,27.0,26.125,1,4
2024,7,31,Dairy,Nestle,Nestle Greek Yogurt,6,555.2488010676734,154.5809853786579,360.5,20.0,39.0,25.0,22.5,13.0,25,16.0,22.125,1,4
2024,8,31,Dairy,Nestle,Nestle Greek Yogurt,13,1671.6688397850753,351.0284887202416,251.0,6.0,20.0,39.0,19.5,24.0,25,25.0,20.75,1,4
2024,8,32,Dairy,Nestle,Nestle Greek Yogurt,24,3713.023252615474,676.8392722198996,191.11111111111111,13.0,6.0,20.0,15.75,17.0,25,39.0,21.25,1,4
2024,8,33,Dairy,Nestle,Nestle Greek Yogurt,17,1542.1290487075232,300.61960050460675,202.42857142857142,24.0,13.0,6.0,15.0,25.0,25,20.0,20.0,1,4
2024,8,34,Dairy,Nestle,Nestle Greek Yogurt,25,3040.338292803729,559.0303004836261,229.6,17.0,24.0,13.0,19.75,14.0,25,6.0,21.125,1,4
2024,8,35,Dairy,Nestle,Nestle Greek Yogurt,14,1991.22894681973,364.59847799104864,274.4,25.0,17.0,24.0,20.0,4.0,25,13.0,19.75,1,4
2024,9,35,Dairy,Nestle,Nestle Greek Yogurt,4,392.21903629967215,45.09544654374065,474.0,14.0,25.0,17.0,15.0,26.0,25,24.0,15.375,1,4
2024,9,36,Dairy,Nestle,Nestle Greek Yogurt,26,2355.5865554038583,489.3818562846306,251.0,4.0,14.0,25.0,17.25,36.0,25,17.0,16.125,1,4
2024,9,37,Dairy,Nestle,Nestle Greek Yogurt,36,4192.900445187362,825.4487350100574,357.27272727272725,26.0,4.0,14.0,20.0,59.0,25,25.0,19.875,1,4
2024,9,38,Dairy,Nestle,Nestle Greek Yogurt,59,8849.050589817938,2002.6252935175262,276.47058823529414,36.0,26.0,4.0,31.25,27.0,25,14.0,25.625,1,4
2024,9,39,Dairy,Nestle,Nestle Greek Yogurt,27,4867.784122894749,1001.1941476983814,235.22222222222223,59.0,36.0,26.0,37.0,7.0,25,4.0,26.0,1,4
2024,9,40,Dairy,Nestle,Nestle Greek Yogurt,7,796.6403799873096,95.84716877073646,224.0,27.0,59.0,36.0,32.25,28.0,25,26.0,24.75,1,4
2024,10,40,Dairy,Nestle,Nestle Greek Yogurt,28,3170.332725028473,667.6223810352499,294.6363636363636,7.0,27.0,59.0,30.25,22.0,25,36.0,25.125,1,4
2024,10,41,Dairy,Nestle,Nestle Greek Yogurt,22,2749.6346701088005,443.7590171400508,286.0,28.0,7.0,27.0,21.0,13.0,25,59.0,26.125,1,4
2024,10,42,Dairy,Nestle,Nestle Greek Yogurt,13,1634.8343219063313,319.10757774649807,271.0,22.0,28.0,7.0,17.5,21.0,25,27.0,27.25,1,4
2024,10,43,Dairy,Nestle,Nestle Greek Yogurt,21,3136.3430073931936,627.6433158259687,285.14285714285717,13.0,22.0,28.0,21.0,18.0,25,7.0,26.625,1,4
2024,10,44,Dairy,Nestle,Nestle Greek Yogurt,18,2594.768078730517,477.28001545675545,287.6666666666667,21.0,13.0,22.0,18.5,21.0,25,28.0,24.375,1,4
2024,11,44,Dairy,Nestle,Nestle Greek Yogurt,21,3304.701159871146,748.5236411171032,204.14285714285714,18.0,21.0,13.0,18.25,35.0,25,22.0,19.625,1,4
2024,11,45,Dairy,Nestle,Nestle Greek Yogurt,35,4893.254798559633,1052.5368431450372,284.3636363636364,21.0,18.0,21.0,23.75,28.0,25,13.0,20.625,1,4
2024,11,46,Dairy,Nestle,Nestle Greek Yogurt,28,3698.7232317621456,706.640477002408,327.875,35.0,21.0,18.0,25.5,18.0,25,21.0,23.25,1,4
2024,11,47,Dairy,Nestle,Nestle Greek Yogurt,18,2812.871796027557,706.2349030454117,268.0,28.0,35.0,21.0,25.5,29.0,25,18.0,22.0,1,4
2024,11,48,Dairy,Nestle,Nestle Greek Yogurt,29,3769.0894966773626,620.9143627848052,267.0,18.0,28.0,35.0,27.5,3.0,25,21.0,22.875,1,4
2024,12,48,Dairy,Nestle,Nestle Greek Yogurt,3,461.2357983664556,80.01303185362775,126.5,29.0,18.0,28.0,19.5,25.0,25,35.0,21.625,1,4
2024,12,49,Dairy,Nestle,Nestle Greek Yogurt,25,2816.2244078004587,557.5381190384611,335.0,3.0,29.0,18.0,18.75,43.0,25,28.0,22.125,1,4
2024,12,50,Dairy,Nestle,Nestle Greek Yogurt,43,3498.587411624809,746.8108233563319,266.53333333333336,25.0,3.0,29.0,25.0,17.0,25,18.0,25.25,1,4
2024,12,51,Dairy,Nestle,Nestle Greek Yogurt,17,2185.0771478757065,422.10664323432604,233.375,43.0,25.0,3.0,22.0,19.0,25,29.0,24.75,1,4
2024,2,9,Dairy,Nestle,Nestle Milk Powder,36,6236.369751000895,1434.4268922996632,263.6,20.0,36.0,31.0,30.75,27.0,26,20.0,26.875,1,4
2024,3,9,Dairy,Nestle,Nestle Milk Powder,27,4173.471834784966,913.0512269943658,305.75,36.0,20.0,36.0,29.75,15.0,26,31.0,27.375,1,4
2024,3,10,Dairy,Nestle,Nestle Milk Powder,15,1895.514430898194,422.0282215825777,151.4,27.0,36.0,20.0,24.5,10.0,26,36.0,25.125,1,4
2024,3,11,Dairy,Nestle,Nestle Milk Powder,10,1217.9025226531567,269.34266207564576,231.33333333333334,15.0,27.0,36.0,22.0,27.0,26,20.0,24.375,1,4
2024,3,12,Dairy,Nestle,Nestle Milk Powder,27,4193.86303157919,843.4343757245938,245.42857142857142,10.0,15.0,27.0,19.75,56.0,26,36.0,25.25,1,4
2024,3,13,Dairy,Nestle,Nestle Milk Powder,56,6031.372187633899,1285.1137916122216,195.8235294117647,27.0,10.0,15.0,27.0,28.0,26,27.0,28.375,1,4
2024,4,14,Dairy,Nestle,Nestle Milk Powder,28,3898.3926740359625,755.5835882177809,267.54545454545456,56.0,27.0,10.0,30.25,51.0,26,15.0,27.375,1,4
2024,4,15,Dairy,Nestle,Nestle Milk Powder,51,5078.025744724699,1210.0453033159902,374.3333333333333,28.0,56.0,27.0,40.5,15.0,26,10.0,31.25,1,4
2024,4,16,Dairy,Nestle,Nestle Milk Powder,15,2254.6863410932992,438.1704590747099,288.0,51.0,28.0,56.0,37.5,35.0,26,27.0,28.625,1,4
2024,4,17,Dairy,Nestle,Nestle Milk Powder,35,6277.2288929772185,1271.8060056192514,256.7692307692308,15.0,51.0,28.0,32.25,13.0,26,56.0,29.625,1,4
2024,4,18,Dairy,Nestle,Nestle Milk Powder,13,1597.2346357969652,357.6329129667128,307.3333333333333,35.0,15.0,51.0,28.5,26.0,26,28.0,29.375,1,4
2024,5,18,Dairy,Nestle,Nestle Milk Powder,26,3464.4154229064625,855.1221412633473,336.875,13.0,35.0,15.0,22.25,37.0,26,51.0,31.375,1,4
2024,5,19,Dairy,Nestle,Nestle Milk Powder,37,5090.186888314525,960.1334617427862,289.46153846153845,26.0,13.0,35.0,27.75,19.0,26,15.0,32.625,1,4
2024,5,20,Dairy,Nestle,Nestle Milk Powder,19,1836.3427514096566,329.1309604202118,276.5,37.0,26.0,13.0,23.75,44.0,26,35.0,28.0,1,4
2024,5,21,Dairy,Nestle,Nestle Milk Powder,44,6322.153615634596,1350.7217911748364,229.23076923076923,19.0,37.0,26.0,31.5,37.0,26,13.0,30.0,1,4
2024,5,22,Dairy,Nestle,Nestle Milk Powder,37,5875.122568796823,1209.9802573360787,276.3,44.0,19.0,37.0,34.25,9.0,26,26.0,28.25,1,4
2024,6,22,Dairy,Nestle,Nestle Milk Powder,9,598.6886620779172,107.23961694746538,255.33333333333334,37.0,44.0,19.0,27.25,32.0,26,37.0,27.5,1,4
2024,6,23,Dairy,Nestle,Nestle Milk Powder,32,3472.667987550777,539.7948503990687,239.72727272727272,9.0,37.0,44.0,30.5,25.0,26,19.0,27.125,1,4
2024,6,24,Dairy,Nestle,Nestle Milk Powder,25,2627.518524588563,451.38265877324017,256.54545454545456,32.0,9.0,37.0,25.75,42.0,26,44.0,28.625,1,4
2024,6,25,Dairy,Nestle,Nestle Milk Powder,42,4988.434787725705,1254.0673870223159,282.4,25.0,32.0,9.0,27.0,9.0,26,37.0,30.625,1,4
2024,6,26,Dairy,Nestle,Nestle Milk Powder,9,513.5115200531799,72.64799506362229,272.5,42.0,25.0,32.0,27.0,48.0,26,9.0,27.125,1,4
2024,7,27,Dairy,Nestle,Nestle Milk Powder,48,7314.870472724024,1316.644952463098,293.5625,9.0,42.0,25.0,31.0,30.0,26,32.0,30.75,1,4
2024,7,28,Dairy,Nestle,Nestle Milk Powder,30,4034.133851007971,587.6695788315458,306.5,48.0,9.0,42.0,32.25,27.0,26,25.0,29.0,1,4
2024,7,29,Dairy,Nestle,Nestle Milk Powder,27,2472.8503874176795,547.5841481614325,250.8,30.0,48.0,9.0,28.5,31.0,26,42.0,27.75,1,4
2024,7,30,Dairy,Nestle,Nestle Milk Powder,31,3860.719849459552,860.6650848240859,278.3636363636364,27.0,30.0,48.0,34.0,12.0,26,9.0,30.5,1,4
2024,7,31,Dairy,Nestle,Nestle Milk Powder,12,1602.1591838997037,168.61751396265976,287.3333333333333,31.0,27.0,30.0,25.0,19.0,26,48.0,28.0,1,4
2024,8,31,Dairy,Nestle,Nestle Milk Powder,19,3269.466325784182,688.6111916670433,393.4,12.0,31.0,27.0,22.25,33.0,26,30.0,27.25,1,4
2024,8,32,Dairy,Nestle,Nestle Milk Powder,33,4715.515547991202,1045.6694763011096,312.3,19.0,12.0,31.0,23.75,25.0,26,27.0,26.125,1,4
2024,8,33,Dairy,Nestle,Nestle Milk Powder,25,3138.9955515460742,548.6194191131998,265.44444444444446,33.0,19.0,12.0,22.25,40.0,26,31.0,28.125,1,4
2024,8,34,Dairy,Nestle,Nestle Milk Powder,40,5671.1260649584165,1295.7097966888696,219.91666666666666,25.0,33.0,19.0,29.25,20.0,26,12.0,27.125,1,4
2024,8,35,Dairy,Nestle,Nestle Milk Powder,20,2718.798965384427,479.4752657693126,263.7142857142857,40.0,25.0,33.0,29.5,2.0,26,19.0,25.875,1,4
2024,9,35,Dairy,Nestle,Nestle Milk Powder,2,232.5816836402272,38.653525061357044,292.0,20.0,40.0,25.0,21.75,22.0,26,33.0,22.75,1,4
2024,9,36,Dairy,Nestle,Nestle Milk Powder,22,2146.465059462413,434.71303475238363,350.55555555555554,2.0,20.0,40.0,21.0,41.0,26,25.0,21.625,1,4
2024,9,37,Dairy,Nestle,Nestle Milk Powder,41,5655.466250239744,1128.1581998336983,307.38461538461536,22.0,2.0,20.0,21.25,15.0,26,40.0,25.25,1,4
2024,9,38,Dairy,Nestle,Nestle Milk Powder,15,2715.770644697152,468.8178932558245,288.1666666666667,41.0,22.0,2.0,20.0,27.0,26,20.0,24.75,1,4
2024,9,39,Dairy,Nestle,Nestle Milk Powder,27,3366.655481099994,528.1825133174905,229.33333333333334,15.0,41.0,22.0,26.25,3.0,26,2.0,24.0,1,4
2024,9,40,Dairy,Nestle,Nestle Milk Powder,3,515.2433383433124,93.1958905740562,440.0,27.0,15.0,41.0,21.5,20.0,26,22.0,21.25,1,4
2024,10,40,Dairy,Nestle,Nestle Milk Powder,20,2485.2086426545357,376.93604034419957,254.0,3.0,27.0,15.0,16.25,40.0,26,41.0,18.75,1,4
2024,10,41,Dairy,Nestle,Nestle Milk Powder,40,6091.297807855552,1292.5270019672882,275.3333333333333,20.0,3.0,27.0,22.5,6.0,26,15.0,21.25,1,4
2024,10,42,Dairy,Nestle,Nestle Milk Powder,6,1105.7619740476584,236.23119440390008,244.5,40.0,20.0,3.0,17.25,28.0,26,27.0,21.75,1,4
2024,10,43,Dairy,Nestle,Nestle Milk Powder,28,2889.686168326217,595.7737550819649,284.09090909090907,6.0,40.0,20.0,23.5,17.0,26,3.0,22.5,1,4
2024,10,44,Dairy,Nestle,Nestle Milk Powder,17,2924.9577574498244,526.943181914651,157.2,28.0,6.0,40.0,22.75,20.0,26,20.0,19.5,1,4
2024,11,44,Dairy,Nestle,Nestle Milk Powder,20,2886.003387320632,513.7741799926027,221.71428571428572,17.0,28.0,6.0,17.75,47.0,26,40.0,20.125,1,4
2024,11,45,Dairy,Nestle,Nestle Milk Powder,47,5480.866696359219,920.1369518844048,274.3076923076923,20.0,17.0,28.0,28.0,29.0,26,6.0,22.625,1,4
2024,11,46,Dairy,Nestle,Nestle Milk Powder,29,4761.806038211992,1198.2158202909645,256.4,47.0,20.0,17.0,28.25,39.0,26,28.0,25.875,1,4
2024,11,47,Dairy,Nestle,Nestle Milk Powder,39,5651.751152786999,1388.9931066475365,309.9230769230769,29.0,47.0,20.0,33.75,18.0,26,17.0,28.25,1,4
2024,11,48,Dairy,Nestle,Nestle Milk Powder,18,2879.551265777872,647.2038374512059,287.2857142857143,39.0,29.0,47.0,33.25,4.0,26,20.0,25.5,1,4
2024,12,48,Dairy,Nestle,Nestle Milk Powder,4,225.19649724948755,19.31972119107502,466.0,18.0,39.0,29.0,22.5,45.0,26,47.0,25.25,1,4
2024,12,49,Dairy,Nestle,Nestle Milk Powder,45,7175.018471192231,1617.829041372099,322.14285714285717,4.0,18.0,39.0,26.5,31.0,26,29.0,27.375,1,4
2024,12,50,Dairy,Nestle,Nestle Milk Powder,31,4400.984809969239,1054.7986750314421,225.22222222222223,45.0,4.0,18.0,24.5,15.0,26,39.0,29.125,1,4
2024,12,51,Dairy,Nestle,Nestle Milk Powder,15,1345.3824903394777,287.58804381121195,294.8333333333333,31.0,45.0,4.0,23.75,42.0,26,18.0,28.5,1,4
2024,2,9,Dairy,Nestle,Nestle Yogurt,32,2948.7607575858788,721.4419164264937,384.0,23.0,27.0,23.0,26.25,16.0,27,21.0,24.125,1,4
2024,3,9,Dairy,Nestle,Nestle Yogurt,16,3707.832398393469,949.3188756330555,373.0,32.0,23.0,27.0,24.5,46.0,27,23.0,22.25,1,4
2024,3,10,Dairy,Nestle,Nestle Yogurt,46,6286.71391647011,1186.561821142636,273.07142857142856,16.0,32.0,23.0,29.25,25.0,27,27.0,26.125,1,4
2024,3,11,Dairy,Nestle,Nestle Yogurt,25,4297.65934637738,941.9026280191218,228.375,46.0,16.0,32.0,29.75,23.0,27,23.0,26.625,1,4
2024,3,12,Dairy,Nestle,Nestle Yogurt,23,3149.4667166209006,664.7102510962524,239.125,25.0,46.0,16.0,27.5,45.0,27,32.0,26.875,1,4
2024,3,13,Dairy,Nestle,Nestle Yogurt,45,6994.308180764458,1785.3483853316282,302.0,23.0,25.0,46.0,34.75,19.0,27,16.0,29.625,1,4
2024,4,14,Dairy,Nestle,Nestle Yogurt,19,2168.0985673245827,414.3004436907845,322.3,45.0,23.0,25.0,28.0,24.0,27,46.0,28.625,1,4
2024,4,15,Dairy,Nestle,Nestle Yogurt,24,2059.5725687160866,393.84979553237616,279.22222222222223,19.0,45.0,23.0,27.75,17.0,27,25.0,28.75,1,4
2024,4,16,Dairy,Nestle,Nestle Yogurt,17,1801.2247841871906,331.53575562483576,375.85714285714283,24.0,19.0,45.0,26.25,32.0,27,23.0,26.875,1,4
2024,4,17,Dairy,Nestle,Nestle Yogurt,32,3002.355664597883,479.82137121905174,204.8181818181818,17.0,24.0,19.0,23.0,7.0,27,45.0,28.875,1,4
2024,4,18,Dairy,Nestle,Nestle Yogurt,7,522.2147758722156,102.81111829527771,203.0,32.0,17.0,24.0,20.0,8.0,27,19.0,24.0,1,4
2024,5,18,Dairy,Nestle,Nestle Yogurt,8,322.95685330852444,58.33386058855216,392.75,7.0,32.0,17.0,16.0,29.0,27,24.0,21.875,1,4
2024,5,19,Dairy,Nestle,Nestle Yogurt,29,3971.8699337761377,700.7127515335324,268.0,8.0,7.0,32.0,19.0,19.0,27,17.0,22.625,1,4
2024,5,20,Dairy,Nestle,Nestle Yogurt,19,3118.988290381533,688.4381278386377,271.8333333333333,29.0,8.0,7.0,15.75,49.0,27,32.0,19.375,1,4
2024,5,21,Dairy,Nestle,Nestle Yogurt,49,6810.166651054528,1503.8271042998654,242.8235294117647,19.0,29.0,8.0,26.25,6.0,27,7.0,23.125,1,4
2024,5,22,Dairy,Nestle,Nestle Yogurt,6,711.7649069068234,109.16251017691627,146.0,49.0,19.0,29.0,25.75,5.0,27,8.0,20.875,1,4
2024,6,22,Dairy,Nestle,Nestle Yogurt,5,651.8352669799442,85.29865717250442,243.0,6.0,49.0,19.0,19.75,9.0,27,29.0,19.375,1,4
2024,6,23,Dairy,Nestle,Nestle Yogurt,9,887.9811268787406,193.42723212676805,311.75,5.0,6.0,49.0,17.25,12.0,27,19.0,16.5,1,4
2024,6,24,Dairy,Nestle,Nestle Yogurt,12,1625.1385011151629,219.7641148602424,273.5,9.0,5.0,6.0,8.0,28.0,27,49.0,17.125,1,4
2024,6,25,Dairy,Nestle,Nestle Yogurt,28,3300.6366970643694,647.2372015652912,318.45454545454544,12.0,9.0,5.0,13.5,38.0,27,6.0,19.625,1,4
2024,6,26,Dairy,Nestle,Nestle Yogurt,38,4990.772257203176,1051.288791308299,249.9090909090909,28.0,12.0,9.0,21.75,22.0,27,5.0,20.75,1,4
2024,7,27,Dairy,Nestle,Nestle Yogurt,22,2512.445795960865,557.9636139031022,260.7142857142857,38.0,28.0,12.0,25.0,39.0,27,9.0,21.125,1,4
2024,7,28,Dairy,Nestle,Nestle Yogurt,39,3460.1301659439487,691.0559699792843,194.1818181818182,22.0,38.0,28.0,31.75,21.0,27,12.0,19.875,1,4
2024,7,29,Dairy,Nestle,Nestle Yogurt,21,2574.6534492521205,408.85978048030245,282.6666666666667,39.0,22.0,38.0,30.0,15.0,27,28.0,21.75,1,4
2024,7,30,Dairy,Nestle,Nestle Yogurt,15,1718.7184250244136,361.7986531957688,183.0,21.0,39.0,22.0,24.25,14.0,27,38.0,23.0,1,4
2024,7,31,Dairy,Nestle,Nestle Yogurt,14,2090.2920078140605,433.359182271803,270.8,15.0,21.0,39.0,22.25,23.0,27,22.0,23.625,1,4
2024,8,31,Dairy,Nestle,Nestle Yogurt,23,1474.4716928230462,247.11132181306843,340.7142857142857,14.0,15.0,21.0,18.25,25.0,27,39.0,25.0,1,4
2024,8,32,Dairy,Nestle,Nestle Yogurt,25,3800.082325989929,546.8950614431369,284.875,23.0,14.0,15.0,19.25,47.0,27,21.0,24.625,1,4
2024,8,33,Dairy,Nestle,Nestle Yogurt,47,6680.199080738682,1381.4229186982532,274.35714285714283,25.0,23.0,14.0,27.25,28.0,27,15.0,25.75,1,4
2024,8,34,Dairy,Nestle,Nestle Yogurt,28,3574.6157988192986,654.6198554053885,307.1,47.0,25.0,23.0,30.75,28.0,27,14.0,26.5,1,4
2024,8,35,Dairy,Nestle,Nestle Yogurt,28,4526.735120148857,1065.8056528251445,263.0,28.0,47.0,25.0,32.0,4.0,27,23.0,25.125,1,4
2024,9,35,Dairy,Nestle,Nestle Yogurt,4,97.55717700731395,6.907957122165428,415.0,28.0,28.0,47.0,26.75,35.0,27,25.0,23.0,1,4
2024,9,36,Dairy,Nestle,Nestle Yogurt,35,4781.725082756299,992.7975381289258,271.3333333333333,4.0,28.0,28.0,23.75,21.0,27,47.0,25.5,1,4
2024,9,37,Dairy,Nestle,Nestle Yogurt,21,3734.51130088361,698.3378213416257,238.0,35.0,4.0,28.0,22.0,24.0,27,28.0,26.375,1,4
2024,9,38,Dairy,Nestle,Nestle Yogurt,24,3279.6860421118067,836.5960786315134,214.28571428571428,21.0,35.0,4.0,21.0,48.0,27,28.0,26.5,1,4
2024,9,39,Dairy,Nestle,Nestle Yogurt,48,6279.0756517109885,1399.2474277839624,243.53333333333333,24.0,21.0,35.0,32.0,7.0,27,4.0,29.375,1,4
2024,9,40,Dairy,Nestle,Nestle Yogurt,7,1172.0450619748426,151.49418385179735,193.0,48.0,24.0,21.0,25.0,26.0,27,35.0,24.375,1,4
2024,10,40,Dairy,Nestle,Nestle Yogurt,26,2418.542255684434,449.4430391797324,379.22222222222223,7.0,48.0,24.0,26.25,34.0,27,21.0,24.125,1,4
2024,10,41,Dairy,Nestle,Nestle Yogurt,34,5222.150605615057,1239.8781477806358,258.2,26.0,7.0,48.0,28.75,20.0,27,24.0,24.875,1,4
2024,10,42,Dairy,Nestle,Nestle Yogurt,20,1917.0277041416339,279.986060446553,338.6,34.0,26.0,7.0,21.75,40.0,27,48.0,26.875,1,4
2024,10,43,Dairy,Nestle,Nestle Yogurt,40,4433.155658706768,843.7339423843184,235.66666666666666,20.0,34.0,26.0,30.0,3.0,27,7.0,27.5,1,4
2024,10,44,Dairy,Nestle,Nestle Yogurt,3,292.49168965785384,37.8957675311595,320.0,40.0,20.0,34.0,24.25,20.0,27,26.0,25.25,1,4
2024,11,44,Dairy,Nestle,Nestle Yogurt,20,2043.9173394146605,400.7834417787916,292.0,3.0,40.0,20.0,20.75,25.0,27,34.0,24.75,1,4
2024,11,45,Dairy,Nestle,Nestle Yogurt,25,2405.3031231941854,573.3481767366392,213.85714285714286,20.0,3.0,40.0,22.0,29.0,27,20.0,21.875,1,4
2024,11,46,Dairy,Nestle,Nestle Yogurt,29,3941.9425837198296,577.7562814030402,293.25,25.0,20.0,3.0,19.25,37.0,27,40.0,24.625,1,4
2024,11,47,Dairy,Nestle,Nestle Yogurt,37,5053.938760047256,1118.3106405715957,282.4,29.0,25.0,20.0,27.75,23.0,27,3.0,26.0,1,4
2024,11,48,Dairy,Nestle,Nestle Yogurt,23,3306.661675172539,689.6116720792833,334.42857142857144,37.0,29.0,25.0,28.5,6.0,27,20.0,24.625,1,4
2024,12,48,Dairy,Nestle,Nestle Yogurt,6,951.4747427676677,153.33623226588247,291.5,23.0,37.0,29.0,23.75,26.0,27,25.0,22.875,1,4
2024,12,49,Dairy,Nestle,Nestle Yogurt,26,2850.3200325931098,692.2472467255014,331.55555555555554,6.0,23.0,37.0,23.0,16.0,27,29.0,21.125,1,4
2024,12,50,Dairy,Nestle,Nestle Yogurt,16,2277.3848420498666,313.6683311798633,199.71428571428572,26.0,6.0,23.0,17.75,47.0,27,37.0,22.75,1,4
2024,12,51,Dairy,Nestle,Nestle Yogurt,47,6631.157821811176,1452.263225373634,212.0,16.0,26.0,6.0,23.75,11.0,27,23.0,26.125,1,4
2024,3,9,Vegetables,Tata,Onion Pack,5,894.829273996043,173.0244108074592,385.6666666666667,7.0,28.0,56.0,24.0,32.0,28,23.0,25.125,7,7
2024,3,10,Vegetables,Tata,Onion Pack,32,4010.307328078678,618.8464341503441,281.3636363636364,5.0,7.0,28.0,18.0,24.0,28,56.0,24.75,7,7
2024,3,11,Vegetables,Tata,Onion Pack,24,1433.3740821872966,289.5809168152806,268.625,32.0,5.0,7.0,17.0,18.0,28,28.0,25.75,7,7
2024,3,12,Vegetables,Tata,Onion Pack,18,2826.7826818574504,679.4433491601717,296.42857142857144,24.0,32.0,5.0,19.75,27.0,28,7.0,24.125,7,7
2024,3,13,Vegetables,Tata,Onion Pack,27,4344.4465033000115,992.3827072784487,336.25,18.0,24.0,32.0,25.25,40.0,28,5.0,24.625,7,7
2024,4,14,Vegetables,Tata,Onion Pack,40,5325.2561070532265,1075.845911308241,217.46153846153845,27.0,18.0,24.0,27.25,25.0,28,32.0,22.625,7,7
2024,4,15,Vegetables,Tata,Onion Pack,25,2679.4490687589982,587.8751730044339,267.25,40.0,27.0,18.0,27.5,39.0,28,24.0,22.25,7,7
2024,4,16,Vegetables,Tata,Onion Pack,39,5271.235963797022,933.1378495282603,264.6666666666667,25.0,40.0,27.0,32.75,26.0,28,18.0,26.25,7,7
2024,4,17,Vegetables,Tata,Onion Pack,26,3513.898589438619,715.5784577169067,233.2,39.0,25.0,40.0,32.5,14.0,28,27.0,28.875,7,7
2024,4,18,Vegetables,Tata,Onion Pack,14,1805.416639608513,333.14053079753995,204.75,26.0,39.0,25.0,26.0,17.0,28,40.0,26.625,7,7
2024,5,18,Vegetables,Tata,Onion Pack,17,2133.8751720849327,446.5681168576722,308.0,14.0,26.0,39.0,24.0,37.0,28,25.0,25.75,7,7
2024,5,19,Vegetables,Tata,Onion Pack,37,3986.8182437545242,836.8229700372593,257.25,17.0,14.0,26.0,23.5,42.0,28,39.0,28.125,7,7
2024,5,20,Vegetables,Tata,Onion Pack,42,4770.627672232264,1095.3169030240842,312.7142857142857,37.0,17.0,14.0,27.5,34.0,28,26.0,30.0,7,7
2024,5,21,Vegetables,Tata,Onion Pack,34,5823.836221811334,1189.2978630244518,278.2,42.0,37.0,17.0,32.5,21.0,28,14.0,29.25,7,7
2024,5,22,Vegetables,Tata,Onion Pack,21,2809.5266921656853,599.1100721472293,257.8888888888889,34.0,42.0,37.0,33.5,15.0,28,17.0,28.75,7,7
2024,6,22,Vegetables,Tata,Onion Pack,15,1673.827166828398,147.5209214416157,372.4,21.0,34.0,42.0,28.0,27.0,28,37.0,25.75,7,7
2024,6,23,Vegetables,Tata,Onion Pack,27,4117.931776087072,845.359854433465,236.625,15.0,21.0,34.0,24.25,37.0,28,42.0,25.875,7,7
2024,6,24,Vegetables,Tata,Onion Pack,37,5424.142286964663,1109.8094262507454,233.83333333333334,27.0,15.0,21.0,25.0,25.0,28,34.0,28.75,7,7
2024,6,25,Vegetables,Tata,Onion Pack,25,2562.757623090125,513.3583339095351,179.71428571428572,37.0,27.0,15.0,26.0,41.0,28,21.0,29.75,7,7
2024,6,26,Vegetables,Tata,Onion Pack,41,5227.885320428522,869.9122064448735,281.07142857142856,25.0,37.0,27.0,32.5,22.0,28,15.0,30.25,7,7
2024,7,27,Vegetables,Tata,Onion Pack,22,3198.4739903395975,721.0490902967631,223.66666666666666,41.0,25.0,37.0,31.25,8.0,28,27.0,27.75,7,7
2024,7,28,Vegetables,Tata,Onion Pack,8,450.79803577968505,67.15220186357868,402.3333333333333,22.0,41.0,25.0,24.0,28.0,28,37.0,24.5,7,7
2024,7,29,Vegetables,Tata,Onion Pack,28,3337.432668007815,846.903934610707,264.8,8.0,22.0,41.0,24.75,37.0,28,25.0,25.375,7,7
2024,7,30,Vegetables,Tata,Onion Pack,37,4273.988418374793,583.7346270594417,210.69230769230768,28.0,8.0,22.0,23.75,9.0,28,41.0,28.125,7,7
2024,7,31,Vegetables,Tata,Onion Pack,9,688.0231800904766,125.11642971762357,295.25,37.0,28.0,8.0,20.5,22.0,28,22.0,25.875,7,7
2024,8,31,Vegetables,Tata,Onion Pack,22,3048.6803628196785,603.0442198661124,324.0,9.0,37.0,28.0,24.0,31.0,28,8.0,24.0,7,7
2024,8,32,Vegetables,Tata,Onion Pack,31,5170.489475710921,1037.474256746291,302.1,22.0,9.0,37.0,24.75,32.0,28,28.0,24.75,7,7
2024,8,33,Vegetables,Tata,Onion Pack,32,3905.6555071028047,563.187302724574,277.54545454545456,31.0,22.0,9.0,23.5,33.0,28,37.0,23.625,7,7
2024,8,34,Vegetables,Tata,Onion Pack,33,5812.815614391991,1193.8610207079435,307.1111111111111,32.0,31.0,22.0,29.5,17.0,28,9.0,25.0,7,7
2024,8,35,Vegetables,Tata,Onion Pack,17,2803.90293758607,665.0168620349349,348.0,33.0,32.0,31.0,28.25,6.0,28,22.0,26.125,7,7
2024,9,35,Vegetables,Tata,Onion Pack,6,393.4087841370213,59.094230608961894,238.0,17.0,33.0,32.0,22.0,34.0,28,31.0,23.375,7,7
2024,9,36,Vegetables,Tata,Onion Pack,34,4848.412855833908,1034.5118595416234,331.54545454545456,6.0,17.0,33.0,22.5,37.0,28,32.0,23.0,7,7
2024,9,37,Vegetables,Tata,Onion Pack,37,4192.554473705722,795.8651189756039,187.91666666666666,34.0,6.0,17.0,23.5,36.0,28,33.0,26.5,7,7
2024,9,38,Vegetables,Tata,Onion Pack,36,4852.687959030403,1113.8811459899923,342.8,37.0,34.0,6.0,28.25,26.0,28,17.0,28.25,7,7
2024,9,39,Vegetables,Tata,Onion Pack,26,3350.570679084373,435.7362449595223,223.77777777777777,36.0,37.0,34.0,33.25,31.0,28,6.0,27.625,7,7
2024,10,40,Vegetables,Tata,Onion Pack,31,4577.543626044784,840.118754359155,361.09090909090907,26.0,36.0,37.0,32.5,28.0,28,34.0,27.5,7,7
2024,10,41,Vegetables,Tata,Onion Pack,28,2669.8379094629295,416.816852131159,316.6363636363636,31.0,26.0,36.0,30.25,32.0,28,37.0,26.875,7,7
2024,10,42,Vegetables,Tata,Onion Pack,32,2813.8142130154474,593.8014785064227,304.72727272727275,28.0,31.0,26.0,29.25,34.0,28,36.0,28.75,7,7
2024,10,43,Vegetables,Tata,Onion Pack,34,3563.0768866027147,854.9662870962226,263.54545454545456,32.0,28.0,31.0,31.25,9.0,28,26.0,32.25,7,7
2024,10,44,Vegetables,Tata,Onion Pack,9,1512.8648369513492,245.55898227960944,211.75,34.0,32.0,28.0,25.75,17.0,28,31.0,29.125,7,7
2024,11,44,Vegetables,Tata,Onion Pack,17,2694.1516454690723,472.3875131049693,319.0,9.0,34.0,32.0,23.0,23.0,28,28.0,26.625,7,7
2024,11,45,Vegetables,Tata,Onion Pack,23,2958.7270266840005,643.5957101605363,366.0,17.0,9.0,34.0,20.75,28.0,28,32.0,25.0,7,7
2024,11,46,Vegetables,Tata,Onion Pack,28,3892.822262972524,957.6533466326774,292.875,23.0,17.0,9.0,19.25,56.0,28,34.0,25.25,7,7
2024,11,47,Vegetables,Tata,Onion Pack,56,8704.628144967897,1893.24915049816,263.6666666666667,28.0,23.0,17.0,31.0,20.0,28,9.0,28.375,7,7
2024,11,48,Vegetables,Tata,Onion Pack,20,3038.25079137019,459.44891146033655,202.57142857142858,56.0,28.0,23.0,31.75,4.0,28,17.0,27.375,7,7
2024,12,48,Vegetables,Tata,Onion Pack,4,766.2731432626748,113.94348601880733,75.0,20.0,56.0,28.0,27.0,7.0,28,23.0,23.875,7,7
2024,12,49,Vegetables,Tata,Onion Pack,7,824.2114467399994,135.09420090598746,313.4,4.0,20.0,56.0,21.75,14.0,28,28.0,20.5,7,7
2024,12,50,Vegetables,Tata,Onion Pack,14,1350.2873282408304,231.14450653943146,325.4,7.0,4.0,20.0,11.25,26.0,28,56.0,21.125,7,7
2024,12,51,Vegetables,Tata,Onion Pack,26,2843.1197343690765,632.6359016499459,229.42857142857142,14.0,7.0,4.0,12.75,30.0,28,20.0,22.25,7,7
2024,2,9,Fruits,Tata,Orange Pack,20,2384.447260016069,468.1758968365621,214.16666666666666,31.0,16.0,39.0,26.5,8.0,29,23.0,24.5,2,7
2024,3,9,Fruits,Tata,Orange Pack,8,1320.4977483908347,215.06678848475536,402.0,20.0,31.0,16.0,18.75,25.0,29,39.0,21.875,2,7
2024,3,10,Fruits,Tata,Orange Pack,25,3571.8759106911225,881.743927091219,312.2,8.0,20.0,31.0,21.0,37.0,29,16.0,22.375,2,7
2024,3,11,Fruits,Tata,Orange Pack,37,4636.65827443841,850.7967156781926,225.5,25.0,8.0,20.0,22.5,58.0,29,31.0,24.875,2,7
2024,3,12,Fruits,Tata,Orange Pack,58,8602.540188029285,1875.9511404212105,241.38888888888889,37.0,25.0,8.0,32.0,29.0,29,20.0,29.25,2,7
2024,3,13,Fruits,Tata,Orange Pack,29,2912.2407744112875,607.1214826852599,270.1818181818182,58.0,37.0,25.0,37.25,36.0,29,8.0,28.0,2,7
2024,4,14,Fruits,Tata,Orange Pack,36,5835.329194573812,1388.6801364557225,223.2,29.0,58.0,37.0,40.0,31.0,29,25.0,30.5,2,7
2024,4,15,Fruits,Tata,Orange Pack,31,4371.866679006486,804.9674204308249,270.7,36.0,29.0,58.0,38.5,30.0,29,37.0,30.5,2,7
2024,4,16,Fruits,Tata,Orange Pack,30,3832.9092344935398,893.3502561763437,201.77777777777777,31.0,36.0,29.0,31.5,20.0,29,58.0,31.75,2,7
2024,4,17,Fruits,Tata,Orange Pack,20,2376.769527263081,556.7955775079195,371.375,30.0,31.0,36.0,29.25,14.0,29,29.0,33.25,2,7
2024,4,18,Fruits,Tata,Orange Pack,14,1856.3313428341721,249.27203850970818,203.0,20.0,30.0,31.0,23.75,25.0,29,36.0,31.875,2,7
2024,5,18,Fruits,Tata,Orange Pack,25,3602.5169747445266,730.2147292769099,278.1111111111111,14.0,20.0,30.0,22.25,33.0,29,31.0,30.375,2,7
2024,5,19,Fruits,Tata,Orange Pack,33,5548.002370532897,1114.6090404492961,203.5,25.0,14.0,20.0,23.0,35.0,29,30.0,27.25,2,7
2024,5,20,Fruits,Tata,Orange Pack,35,5119.676756091993,1085.4891207768242,291.1818181818182,33.0,25.0,14.0,26.75,25.0,29,20.0,28.0,2,7
2024,5,21,Fruits,Tata,Orange Pack,25,3847.3091204519515,784.5427079847364,338.25,35.0,33.0,25.0,29.5,13.0,29,14.0,26.625,2,7
2024,5,22,Fruits,Tata,Orange Pack,13,1849.9026411038926,440.2209409978361,319.42857142857144,25.0,35.0,33.0,26.5,13.0,29,25.0,24.375,2,7
2024,6,22,Fruits,Tata,Orange Pack,13,1361.0619606892728,365.67962483400487,275.0,13.0,25.0,35.0,21.5,48.0,29,33.0,22.25,2,7
2024,6,23,Fruits,Tata,Orange Pack,48,5893.065469231378,1119.1647561971433,221.77777777777777,13.0,13.0,25.0,24.75,38.0,29,35.0,25.75,2,7
2024,6,24,Fruits,Tata,Orange Pack,38,5624.103067509999,1119.67915725873,262.0,48.0,13.0,13.0,28.0,27.0,29,25.0,28.75,2,7
2024,6,25,Fruits,Tata,Orange Pack,27,2858.6972125943166,463.6440383898654,210.0,38.0,48.0,13.0,31.5,31.0,29,13.0,29.0,2,7
2024,6,26,Fruits,Tata,Orange Pack,31,3697.5955608571685,693.1145184092354,274.3,27.0,38.0,48.0,36.0,33.0,29,13.0,28.75,2,7
2024,7,27,Fruits,Tata,Orange Pack,33,3349.795680874924,665.703481702586,262.5833333333333,31.0,27.0,38.0,32.25,49.0,29,48.0,28.5,2,7
2024,7,28,Fruits,Tata,Orange Pack,49,6314.53011329579,1199.555071464081,311.7857142857143,33.0,31.0,27.0,35.0,25.0,29,38.0,31.5,2,7
2024,7,29,Fruits,Tata,Orange Pack,25,4100.240447060537,798.5048091962788,338.22222222222223,49.0,33.0,31.0,34.5,43.0,29,27.0,33.0,2,7
2024,7,30,Fruits,Tata,Orange Pack,43,6005.569630311789,1497.5720580875504,252.41666666666666,25.0,49.0,33.0,37.5,8.0,29,31.0,36.75,2,7
2024,7,31,Fruits,Tata,Orange Pack,8,1774.7863343584218,446.84738298135204,221.66666666666666,43.0,25.0,49.0,31.25,14.0,29,33.0,31.75,2,7
2024,8,31,Fruits,Tata,Orange Pack,14,2147.709253433894,362.7778639289897,225.33333333333334,8.0,43.0,25.0,22.5,14.0,29,49.0,28.75,2,7
2024,8,32,Fruits,Tata,Orange Pack,14,2145.2237451353913,333.90964936835746,200.8,14.0,8.0,43.0,19.75,25.0,29,25.0,27.125,2,7
2024,8,33,Fruits,Tata,Orange Pack,25,3830.227842993513,859.3924161671596,264.85714285714283,14.0,14.0,8.0,15.25,35.0,29,43.0,26.375,2,7
2024,8,34,Fruits,Tata,Orange Pack,35,5518.615131205407,1189.647496083718,268.0769230769231,25.0,14.0,14.0,22.0,15.0,29,8.0,26.625,2,7
2024,8,35,Fruits,Tata,Orange Pack,15,1859.7169443378173,430.06614680828704,397.8,35.0,25.0,14.0,22.25,43.0,29,14.0,22.375,2,7
2024,9,36,Fruits,Tata,Orange Pack,43,4878.681517235948,1042.626866860379,259.1666666666667,15.0,35.0,25.0,29.5,30.0,29,14.0,24.625,2,7
2024,9,37,Fruits,Tata,Orange Pack,30,4471.91688418639,824.565045115217,240.53846153846155,43.0,15.0,35.0,30.75,25.0,29,25.0,23.0,2,7
2024,9,38,Fruits,Tata,Orange Pack,25,3098.7587078322895,496.61268671112606,289.6666666666667,30.0,43.0,15.0,28.25,24.0,29,35.0,25.125,2,7
2024,9,39,Fruits,Tata,Orange Pack,24,3238.848982866421,556.9857747495014,310.75,25.0,30.0,43.0,30.5,9.0,29,15.0,26.375,2,7
2024,9,40,Fruits,Tata,Orange Pack,9,1545.6563417915456,172.19708000186063,330.25,24.0,25.0,30.0,22.0,5.0,29,43.0,25.75,2,7
2024,10,40,Fruits,Tata,Orange Pack,5,700.083096087812,130.79449363671822,195.33333333333334,9.0,24.0,25.0,15.75,50.0,29,30.0,23.25,2,7
2024,10,41,Fruits,Tata,Orange Pack,50,6911.862529635536,1425.931555100093,302.2142857142857,5.0,9.0,24.0,22.0,12.0,29,25.0,25.125,2,7
2024,10,42,Fruits,Tata,Orange Pack,12,1423.5219707789413,204.08795148312376,285.0,50.0,5.0,9.0,19.0,60.0,29,24.0,24.75,2,7
2024,10,43,Fruits,Tata,Orange Pack,60,7369.239973676014,1141.8426837579261,262.6111111111111,12.0,50.0,5.0,31.75,10.0,29,9.0,26.875,2,7
2024,10,44,Fruits,Tata,Orange Pack,10,2257.298830817086,651.0948997469679,299.0,60.0,12.0,50.0,33.0,20.0,29,5.0,24.375,2,7
2024,11,44,Fruits,Tata,Orange Pack,20,2182.8585059507677,509.43550723413705,317.7142857142857,10.0,60.0,12.0,25.5,60.0,29,50.0,23.75,2,7
2024,11,45,Fruits,Tata,Orange Pack,60,9178.008278442841,1886.9233947909172,271.6470588235294,20.0,10.0,60.0,37.5,34.0,29,12.0,28.25,2,7
2024,11,46,Fruits,Tata,Orange Pack,34,4217.666964055045,1050.313605959533,221.36363636363637,60.0,20.0,10.0,31.0,18.0,29,60.0,31.375,2,7
2024,11,47,Fruits,Tata,Orange Pack,18,1749.3815453608615,334.50926163141725,240.28571428571428,34.0,60.0,20.0,33.0,27.0,29,10.0,33.0,2,7
2024,11,48,Fruits,Tata,Orange Pack,27,3254.59151013976,613.9190308587135,245.22222222222223,18.0,34.0,60.0,34.75,10.0,29,20.0,30.125,2,7
2024,12,48,Fruits,Tata,Orange Pack,10,1024.4629742790794,134.32906897237902,324.6666666666667,27.0,18.0,34.0,22.25,38.0,29,60.0,29.875,2,7
2024,12,49,Fruits,Tata,Orange Pack,38,4714.24616720569,888.081130038411,251.25,10.0,27.0,18.0,23.25,31.0,29,34.0,27.125,2,7
2024,12,50,Fruits,Tata,Orange Pack,31,5636.587715915453,1282.7631346859057,312.72727272727275,38.0,10.0,27.0,26.5,38.0,29,18.0,29.75,2,7
2024,12,51,Fruits,Tata,Orange Pack,38,4509.323502182578,747.2494725771727,279.6666666666667,31.0,38.0,10.0,29.25,26.0,29,27.0,32.0,2,7
2024,2,9,Snacks,Parle,Parle-G Biscuits,18,2212.932968191838,429.27791071306905,184.83333333333334,30.0,38.0,39.0,31.25,9.0,30,17.0,25.875,6,5
2024,3,9,Snacks,Parle,Parle-G Biscuits,9,1708.014388083971,271.2616716417724,275.0,18.0,30.0,38.0,23.75,37.0,30,39.0,23.0,6,5
2024,3,10,Snacks,Parle,Parle-G Biscuits,37,4698.453326517039,1045.4905014459518,280.7857142857143,9.0,18.0,30.0,23.5,41.0,30,38.0,24.5,6,5
2024,3,11,Snacks,Parle,Parle-G Biscuits,41,5886.794434581409,1167.2091443474142,300.5833333333333,37.0,9.0,18.0,26.25,48.0,30,30.0,28.625,6,5
2024,3,12,Snacks,Parle,Parle-G Biscuits,48,4611.945293322691,853.7947944119804,272.85714285714283,41.0,37.0,9.0,33.75,37.0,30,18.0,32.5,6,5
2024,3,13,Snacks,Parle,Parle-G Biscuits,37,6210.135376079371,1132.5064099319002,234.72727272727272,48.0,41.0,37.0,40.75,39.0,30,9.0,32.25,6,5
2024,4,14,Snacks,Parle,Parle-G Biscuits,39,6488.73385517334,1627.8279951135735,308.0,37.0,48.0,41.0,41.25,12.0,30,37.0,32.375,6,5
2024,4,15,Snacks,Parle,Parle-G Biscuits,12,1830.0504654616877,275.72840987370483,319.0,39.0,37.0,48.0,34.0,21.0,30,41.0,30.125,6,5
2024,4,16,Snacks,Parle,Parle-G Biscuits,21,3659.58621585511,934.0269261883616,307.85714285714283,12.0,39.0,37.0,27.25,36.0,30,48.0,30.5,6,5
2024,4,17,Snacks,Parle,Parle-G Biscuits,36,4687.336669004979,1085.51673999254,304.6363636363636,21.0,12.0,39.0,27.0,9.0,30,37.0,33.875,6,5
2024,4,18,Snacks,Parle,Parle-G Biscuits,9,1424.513402665399,358.0602411699768,306.5,36.0,21.0,12.0,19.5,15.0,30,39.0,30.375,6,5
2024,5,18,Snacks,Parle,Parle-G Biscuits,15,2704.845352535205,477.24238130951346,175.28571428571428,9.0,36.0,21.0,20.25,28.0,30,12.0,27.125,6,5
2024,5,19,Snacks,Parle,Parle-G Biscuits,28,2867.9537807824454,612.2466646595408,314.0,15.0,9.0,36.0,22.0,33.0,30,21.0,24.625,6,5
2024,5,20,Snacks,Parle,Parle-G Biscuits,33,5539.720570760652,1313.0761843086084,247.8181818181818,28.0,15.0,9.0,21.25,29.0,30,36.0,24.125,6,5
2024,5,21,Snacks,Parle,Parle-G Biscuits,29,3461.7535884580025,751.6912145727183,289.2,33.0,28.0,15.0,26.25,11.0,30,9.0,22.875,6,5
2024,5,22,Snacks,Parle,Parle-G Biscuits,11,1812.9546830765987,452.949755500998,435.75,29.0,33.0,28.0,25.25,10.0,30,15.0,22.75,6,5
2024,6,22,Snacks,Parle,Parle-G Biscuits,10,1353.1110689426293,308.54778083284214,163.0,11.0,29.0,33.0,20.75,44.0,30,28.0,21.375,6,5
2024,6,23,Snacks,Parle,Parle-G Biscuits,44,5321.004448914827,869.5306188368213,279.0,10.0,11.0,29.0,23.5,30.0,30,33.0,22.375,6,5
2024,6,24,Snacks,Parle,Parle-G Biscuits,30,2585.522973069894,586.083393610006,292.6363636363636,44.0,10.0,11.0,23.75,27.0,30,29.0,25.0,6,5
2024,6,25,Snacks,Parle,Parle-G Biscuits,27,2676.5148819660185,521.4876401946533,269.8,30.0,44.0,10.0,27.75,29.0,30,11.0,26.5,6,5
2024,6,26,Snacks,Parle,Parle-G Biscuits,29,4117.724617845191,794.2330242185374,286.0,27.0,30.0,44.0,32.5,42.0,30,10.0,26.625,6,5
2024,7,27,Snacks,Parle,Parle-G Biscuits,42,6034.266804984776,1344.9120546476654,264.8333333333333,29.0,27.0,30.0,32.0,52.0,30,44.0,27.75,6,5
2024,7,28,Snacks,Parle,Parle-G Biscuits,52,6756.452087031422,1110.381889900392,285.35714285714283,42.0,29.0,27.0,37.5,20.0,30,30.0,30.625,6,5
2024,7,29,Snacks,Parle,Parle-G Biscuits,20,3236.4662567479736,752.9004796198005,331.8,52.0,42.0,29.0,35.75,21.0,30,27.0,31.75,6,5
2024,7,30,Snacks,Parle,Parle-G Biscuits,21,3728.554994602711,838.4721253874992,199.625,20.0,52.0,42.0,33.75,12.0,30,29.0,33.125,6,5
2024,7,31,Snacks,Parle,Parle-G Biscuits,12,1956.8664352180244,296.5995249376406,268.8,21.0,20.0,52.0,26.25,16.0,30,42.0,29.125,6,5
2024,8,31,Snacks,Parle,Parle-G Biscuits,16,2082.091885734079,297.13189356892326,277.57142857142856,12.0,21.0,20.0,17.25,18.0,30,52.0,27.375,6,5
2024,8,32,Snacks,Parle,Parle-G Biscuits,18,2494.8697824801775,553.8448867468435,246.42857142857142,16.0,12.0,21.0,16.75,26.0,30,20.0,26.25,6,5
2024,8,33,Snacks,Parle,Parle-G Biscuits,26,3112.795952107612,462.2814060797052,283.57142857142856,18.0,16.0,12.0,18.0,18.0,30,21.0,25.875,6,5
2024,8,34,Snacks,Parle,Parle-G Biscuits,18,2061.575587903895,307.72238614358093,218.14285714285714,26.0,18.0,16.0,19.5,20.0,30,12.0,22.875,6,5
2024,8,35,Snacks,Parle,Parle-G Biscuits,20,3519.0474055244777,852.6330376093808,263.0,18.0,26.0,18.0,20.5,3.0,30,16.0,18.875,6,5
2024,9,35,Snacks,Parle,Parle-G Biscuits,3,42.64843206327903,3.37027304044949,478.0,20.0,18.0,26.0,16.75,17.0,30,18.0,16.75,6,5
2024,9,36,Snacks,Parle,Parle-G Biscuits,17,2999.3941197540444,686.5474284016008,291.6,3.0,20.0,18.0,14.5,43.0,30,26.0,16.25,6,5
2024,9,37,Snacks,Parle,Parle-G Biscuits,43,5920.137155525788,1321.3729279133172,330.6666666666667,17.0,3.0,20.0,20.75,31.0,30,18.0,20.125,6,5
2024,9,38,Snacks,Parle,Parle-G Biscuits,31,3436.1424200053566,725.25508388106,259.3333333333333,43.0,17.0,3.0,23.5,34.0,30,20.0,22.0,6,5
2024,9,39,Snacks,Parle,Parle-G Biscuits,34,5049.137561356926,1015.0548507914364,157.875,31.0,43.0,17.0,31.25,12.0,30,3.0,24.0,6,5
2024,9,40,Snacks,Parle,Parle-G Biscuits,12,1366.607771169178,274.1810104641913,266.2,34.0,31.0,43.0,30.0,23.0,30,17.0,22.25,6,5
2024,10,40,Snacks,Parle,Parle-G Biscuits,23,2733.8818852215386,581.7553629336716,318.125,12.0,34.0,31.0,25.0,24.0,30,43.0,22.875,6,5
2024,10,41,Snacks,Parle,Parle-G Biscuits,24,2416.840133363493,403.2336104796872,321.42857142857144,23.0,12.0,34.0,23.25,40.0,30,31.0,23.375,6,5
2024,10,42,Snacks,Parle,Parle-G Biscuits,40,5380.916243997651,978.0954708591062,275.4,24.0,23.0,12.0,24.75,40.0,30,34.0,28.0,6,5
2024,10,43,Snacks,Parle,Parle-G Biscuits,40,3794.264713727217,796.6397386298667,268.15384615384613,40.0,24.0,23.0,31.75,15.0,30,12.0,30.875,6,5
2024,10,44,Snacks,Parle,Parle-G Biscuits,15,2574.7945831594234,492.1724708164023,279.5,40.0,40.0,24.0,29.75,14.0,30,23.0,27.375,6,5
2024,11,44,Snacks,Parle,Parle-G Biscuits,14,1178.0187454905913,197.21023210247841,268.5,15.0,40.0,40.0,27.25,20.0,30,24.0,25.25,6,5
2024,11,45,Snacks,Parle,Parle-G Biscuits,20,3010.5842714410846,558.6821246343441,312.0,14.0,15.0,40.0,22.25,29.0,30,40.0,23.5,6,5
2024,11,46,Snacks,Parle,Parle-G Biscuits,29,4129.731785331077,694.0648514755234,266.1,20.0,14.0,15.0,19.5,34.0,30,40.0,25.625,6,5
2024,11,47,Snacks,Parle,Parle-G Biscuits,34,4122.715704833719,854.4416048228964,244.2,29.0,20.0,14.0,24.25,28.0,30,15.0,27.0,6,5
2024,11,48,Snacks,Parle,Parle-G Biscuits,28,3810.9516887074788,755.5100913238648,229.44444444444446,34.0,29.0,20.0,27.75,42.0,30,14.0,27.5,6,5
2024,12,49,Snacks,Parle,Parle-G Biscuits,42,5794.292561088522,1046.8330937994979,324.5,28.0,34.0,29.0,33.25,34.0,30,20.0,27.75,6,5
2024,12,50,Snacks,Parle,Parle-G Biscuits,34,5371.7081799811,1033.9173267793458,187.0,42.0,28.0,34.0,34.5,17.0,30,29.0,27.0,6,5
2024,12,51,Snacks,Parle,Parle-G Biscuits,17,2093.011747977669,308.1863879439171,272.85714285714283,34.0,42.0,28.0,30.25,29.0,30,34.0,27.25,6,5
2024,2,9,Beverages,PepsiCo,Pepsi 750ml,29,3907.8248119707496,748.0527271966612,240.72727272727272,23.0,46.0,15.0,28.25,10.0,31,11.0,22.0,0,6
2024,3,9,Beverages,PepsiCo,Pepsi 750ml,10,938.0220530971953,164.18231252838825,315.6666666666667,29.0,23.0,46.0,27.0,32.0,31,15.0,20.25,0,6
2024,3,10,Beverages,PepsiCo,Pepsi 750ml,32,3893.311205959443,804.4936464257125,238.91666666666666,10.0,29.0,23.0,23.5,14.0,31,46.0,22.125,0,6
2024,3,11,Beverages,PepsiCo,Pepsi 750ml,14,1288.5057254143433,234.4113003555742,150.5,32.0,10.0,29.0,21.25,23.0,31,23.0,22.5,0,6
2024,3,12,Beverages,PepsiCo,Pepsi 750ml,23,2913.117889253826,681.2394940025717,343.375,14.0,32.0,10.0,19.75,45.0,31,29.0,24.0,0,6
2024,3,13,Beverages,PepsiCo,Pepsi 750ml,45,6386.669007159843,1422.4451310155891,222.92307692307693,23.0,14.0,32.0,28.5,19.0,31,10.0,27.75,0,6
2024,4,14,Beverages,PepsiCo,Pepsi 750ml,19,3323.5727253151244,811.2969971156648,276.125,45.0,23.0,14.0,25.25,21.0,31,32.0,24.375,0,6
2024,4,15,Beverages,PepsiCo,Pepsi 750ml,21,2506.2527950878225,481.46891890143166,232.5,19.0,45.0,23.0,27.0,41.0,31,14.0,24.125,0,6
2024,4,16,Beverages,PepsiCo,Pepsi 750ml,41,4786.196460746945,823.2522248293882,226.0,21.0,19.0,45.0,31.5,37.0,31,23.0,25.625,0,6
2024,4,17,Beverages,PepsiCo,Pepsi 750ml,37,4130.693180072234,979.0139590452096,253.0,41.0,21.0,19.0,29.5,34.0,31,45.0,29.0,0,6
2024,5,18,Beverages,PepsiCo,Pepsi 750ml,34,3494.416198191802,802.7805704760051,269.2,37.0,41.0,21.0,33.25,26.0,31,19.0,29.25,0,6
2024,5,19,Beverages,PepsiCo,Pepsi 750ml,26,3918.463292772943,755.217390468501,226.2,34.0,37.0,41.0,34.5,24.0,31,21.0,30.75,0,6
2024,5,20,Beverages,PepsiCo,Pepsi 750ml,24,3947.1802261043217,980.3966531376016,257.7142857142857,26.0,34.0,37.0,30.25,25.0,31,41.0,30.875,0,6
2024,5,21,Beverages,PepsiCo,Pepsi 750ml,25,3539.6758808461173,748.9506117018711,260.6,24.0,26.0,34.0,27.25,37.0,31,37.0,28.375,0,6
2024,5,22,Beverages,PepsiCo,Pepsi 750ml,37,5209.419522683351,1144.3171553049565,251.5,25.0,24.0,26.0,28.0,10.0,31,34.0,30.625,0,6
2024,6,22,Beverages,PepsiCo,Pepsi 750ml,10,681.5788344432334,92.83772645350798,258.5,37.0,25.0,24.0,24.0,48.0,31,26.0,29.25,0,6
2024,6,23,Beverages,PepsiCo,Pepsi 750ml,48,5627.829493881607,1054.6873893461634,262.92857142857144,10.0,37.0,25.0,30.0,17.0,31,24.0,30.125,0,6
2024,6,24,Beverages,PepsiCo,Pepsi 750ml,17,3450.3182155321074,638.3742040130481,393.42857142857144,48.0,10.0,37.0,28.0,34.0,31,25.0,27.625,0,6
2024,6,25,Beverages,PepsiCo,Pepsi 750ml,34,3861.937029720047,786.4047984119973,224.4,17.0,48.0,10.0,27.25,40.0,31,37.0,27.625,0,6
2024,6,26,Beverages,PepsiCo,Pepsi 750ml,40,4874.726527556548,1044.237102628716,288.0,34.0,17.0,48.0,34.75,10.0,31,10.0,29.375,0,6
2024,7,27,Beverages,PepsiCo,Pepsi 750ml,10,1422.295650154,279.86467633216637,247.25,40.0,34.0,17.0,25.25,40.0,31,48.0,27.625,0,6
2024,7,28,Beverages,PepsiCo,Pepsi 750ml,40,5614.002094324844,1096.3406341398288,308.8333333333333,10.0,40.0,34.0,31.0,33.0,31,17.0,29.5,0,6
2024,7,29,Beverages,PepsiCo,Pepsi 750ml,33,3934.8490958763414,789.625957235826,258.15384615384613,40.0,10.0,40.0,30.75,18.0,31,34.0,29.0,0,6
2024,7,30,Beverages,PepsiCo,Pepsi 750ml,18,2949.0398267526634,698.2824728358173,385.8,33.0,40.0,10.0,25.25,13.0,31,40.0,30.0,0,6
2024,7,31,Beverages,PepsiCo,Pepsi 750ml,13,2116.6089339073656,425.2493507662403,243.0,18.0,33.0,40.0,26.0,9.0,31,10.0,25.625,0,6
2024,8,31,Beverages,PepsiCo,Pepsi 750ml,9,996.8872926726892,136.39320880753706,251.75,13.0,18.0,33.0,18.25,16.0,31,40.0,24.625,0,6
2024,8,32,Beverages,PepsiCo,Pepsi 750ml,16,1895.4405189078632,245.050046181846,251.5,9.0,13.0,18.0,14.0,36.0,31,33.0,22.375,0,6
2024,8,33,Beverages,PepsiCo,Pepsi 750ml,36,4784.943358991703,711.8416179152381,264.27272727272725,16.0,9.0,13.0,18.5,16.0,31,18.0,21.875,0,6
2024,8,34,Beverages,PepsiCo,Pepsi 750ml,16,1460.3186402418146,282.82010471625523,268.3333333333333,36.0,16.0,9.0,19.25,51.0,31,13.0,22.625,0,6
2024,8,35,Beverages,PepsiCo,Pepsi 750ml,51,6389.745542598714,1435.6418871507137,305.25,16.0,36.0,16.0,29.75,7.0,31,9.0,24.0,0,6
2024,9,35,Beverages,PepsiCo,Pepsi 750ml,7,856.0068225597166,170.22023125048315,457.5,51.0,16.0,36.0,27.5,36.0,31,16.0,20.75,0,6
2024,9,36,Beverages,PepsiCo,Pepsi 750ml,36,6407.41497922812,1259.1331779390448,254.46153846153845,7.0,51.0,16.0,27.5,22.0,31,36.0,23.0,0,6
2024,9,37,Beverages,PepsiCo,Pepsi 750ml,22,1813.6484667184548,359.2396756605367,274.85714285714283,36.0,7.0,51.0,29.0,23.0,31,16.0,24.125,0,6
2024,9,38,Beverages,PepsiCo,Pepsi 750ml,23,3406.491433460612,468.275520913629,341.77777777777777,22.0,36.0,7.0,22.0,24.0,31,51.0,25.875,0,6
2024,9,39,Beverages,PepsiCo,Pepsi 750ml,24,1707.6164417406517,391.4871588011983,262.0,23.0,22.0,36.0,26.25,6.0,31,7.0,26.875,0,6
2024,9,40,Beverages,PepsiCo,Pepsi 750ml,6,293.23504994319444,22.967790152965136,342.0,24.0,23.0,22.0,18.75,20.0,31,36.0,23.125,0,6
2024,10,40,Beverages,PepsiCo,Pepsi 750ml,20,2982.729654413518,617.8626011267036,271.25,6.0,24.0,23.0,18.25,31.0,31,22.0,23.625,0,6
2024,10,41,Beverages,PepsiCo,Pepsi 750ml,31,3719.711136777914,697.9837465079308,325.54545454545456,20.0,6.0,24.0,20.25,40.0,31,23.0,21.125,0,6
2024,10,42,Beverages,PepsiCo,Pepsi 750ml,40,7132.987831937149,1452.2421334841167,307.64285714285717,31.0,20.0,6.0,24.25,18.0,31,24.0,25.25,0,6
2024,10,43,Beverages,PepsiCo,Pepsi 750ml,18,2239.9417854818653,467.6797161140292,274.2857142857143,40.0,31.0,20.0,27.25,35.0,31,6.0,23.0,0,6
2024,10,44,Beverages,PepsiCo,Pepsi 750ml,35,4093.6474206836747,904.1762170075233,255.53846153846155,18.0,40.0,31.0,31.0,5.0,31,20.0,24.625,0,6
2024,11,44,Beverages,PepsiCo,Pepsi 750ml,5,213.83355044261884,15.018400878998818,181.0,35.0,18.0,40.0,24.5,19.0,31,31.0,22.375,0,6
2024,11,45,Beverages,PepsiCo,Pepsi 750ml,19,1266.030874125926,179.1244072983854,209.4,5.0,35.0,18.0,19.25,31.0,31,40.0,21.75,0,6
2024,11,46,Beverages,PepsiCo,Pepsi 750ml,31,2825.7216489030584,383.65360590144144,283.1,19.0,5.0,35.0,22.5,21.0,31,18.0,24.875,0,6
2024,11,47,Beverages,PepsiCo,Pepsi 750ml,21,2828.4184746266264,599.2370005466339,252.44444444444446,31.0,19.0,5.0,19.0,20.0,31,35.0,25.0,0,6
2024,11,48,Beverages,PepsiCo,Pepsi 750ml,20,1825.106289002188,323.4861893315751,296.3333333333333,21.0,31.0,19.0,22.75,53.0,31,5.0,23.625,0,6
2024,12,49,Beverages,PepsiCo,Pepsi 750ml,53,6914.312259509873,1287.444159595359,262.9375,20.0,21.0,31.0,31.25,14.0,31,19.0,25.25,0,6
2024,12,50,Beverages,PepsiCo,Pepsi 750ml,14,2375.708702411277,596.5274407315703,368.8,53.0,20.0,21.0,27.0,35.0,31,31.0,24.75,0,6
2024,12,51,Beverages,PepsiCo,Pepsi 750ml,35,5097.042255173158,1157.035893259831,316.6363636363636,14.0,53.0,20.0,30.5,41.0,31,21.0,24.75,0,6
2024,2,9,Vegetables,Tata,Potato Pack,14,1601.851008478394,248.29676564302562,172.5,33.0,24.0,37.0,27.0,18.0,32,5.0,24.25,7,7
2024,3,9,Vegetables,Tata,Potato Pack,18,1773.972714280749,349.6939192395014,209.5,14.0,33.0,24.0,22.25,29.0,32,37.0,22.375,7,7
2024,3,10,Vegetables,Tata,Potato Pack,29,3339.9706602210845,678.3032435232266,312.44444444444446,18.0,14.0,33.0,23.5,25.0,32,24.0,20.75,7,7
2024,3,11,Vegetables,Tata,Potato Pack,25,3861.6596365480204,669.3404613324354,373.14285714285717,29.0,18.0,14.0,21.5,16.0,32,33.0,23.125,7,7
2024,3,12,Vegetables,Tata,Potato Pack,16,1492.2561796779637,262.34169929280165,287.0,25.0,29.0,18.0,22.0,36.0,32,14.0,24.5,7,7
2024,3,13,Vegetables,Tata,Potato Pack,36,5624.755938554219,1282.3748006236908,362.0833333333333,16.0,25.0,29.0,26.5,23.0,32,18.0,24.375,7,7
2024,4,14,Vegetables,Tata,Potato Pack,23,3532.976921911563,843.5447150736741,271.85714285714283,36.0,16.0,25.0,25.0,14.0,32,29.0,24.25,7,7
2024,4,15,Vegetables,Tata,Potato Pack,14,1551.5714677334681,353.49750660107344,324.6666666666667,23.0,36.0,16.0,22.25,42.0,32,25.0,21.875,7,7
2024,4,16,Vegetables,Tata,Potato Pack,42,5969.919148851064,992.9918319922181,285.8125,14.0,23.0,36.0,28.75,47.0,32,16.0,25.375,7,7
2024,4,17,Vegetables,Tata,Potato Pack,47,4298.932876407619,717.4566701839134,247.2,42.0,14.0,23.0,31.5,6.0,32,36.0,29.0,7,7
2024,4,18,Vegetables,Tata,Potato Pack,6,1156.6593471677638,298.7240949028656,262.0,47.0,42.0,14.0,27.25,1.0,32,23.0,26.125,7,7
2024,5,18,Vegetables,Tata,Potato Pack,1,56.114081302344346,12.060948693158053,220.0,6.0,47.0,42.0,24.0,24.0,32,14.0,23.125,7,7
2024,5,19,Vegetables,Tata,Potato Pack,24,2396.299246878385,516.0196864291408,298.25,1.0,6.0,47.0,19.5,23.0,32,42.0,24.125,7,7
2024,5,20,Vegetables,Tata,Potato Pack,23,1793.1887421606752,422.1954292255177,248.6,24.0,1.0,6.0,13.5,38.0,32,47.0,22.5,7,7
2024,5,21,Vegetables,Tata,Potato Pack,38,4640.57392829191,993.096111583086,294.3636363636364,23.0,24.0,1.0,21.5,29.0,32,6.0,24.375,7,7
2024,5,22,Vegetables,Tata,Potato Pack,29,2724.5240023365704,338.5491926046248,320.6666666666667,38.0,23.0,24.0,28.5,8.0,32,1.0,26.25,7,7
2024,6,22,Vegetables,Tata,Potato Pack,8,1450.1594034035202,302.1277476853734,225.0,29.0,38.0,23.0,24.5,36.0,32,24.0,22.0,7,7
2024,6,23,Vegetables,Tata,Potato Pack,36,2967.992493801116,518.2674534896321,215.27272727272728,8.0,29.0,38.0,27.75,30.0,32,23.0,20.625,7,7
2024,6,24,Vegetables,Tata,Potato Pack,30,3320.4692146809857,616.1130593349222,327.2,36.0,8.0,29.0,25.75,43.0,32,38.0,23.625,7,7
2024,6,25,Vegetables,Tata,Potato Pack,43,6239.7978142867105,1115.5719705405545,209.45454545454547,30.0,36.0,8.0,29.25,36.0,32,29.0,28.875,7,7
2024,6,26,Vegetables,Tata,Potato Pack,36,5511.6223098061355,1047.434531788916,242.57142857142858,43.0,30.0,36.0,36.25,13.0,32,8.0,30.375,7,7
2024,7,27,Vegetables,Tata,Potato Pack,13,2116.578165660597,490.3406764355658,298.5,36.0,43.0,30.0,30.5,24.0,32,36.0,29.125,7,7
2024,7,28,Vegetables,Tata,Potato Pack,24,1315.694202529253,281.8535935809237,219.5,13.0,36.0,43.0,29.0,25.0,32,30.0,27.375,7,7
2024,7,29,Vegetables,Tata,Potato Pack,25,4233.206345715752,878.5451947182787,286.7142857142857,24.0,13.0,36.0,24.5,14.0,32,43.0,26.875,7,7
2024,7,30,Vegetables,Tata,Potato Pack,14,1553.9441606692283,417.91134521876404,291.1666666666667,25.0,24.0,13.0,19.0,4.0,32,36.0,27.625,7,7
2024,7,31,Vegetables,Tata,Potato Pack,4,312.0027075937312,76.25426781008176,317.0,14.0,25.0,24.0,16.75,13.0,32,13.0,23.625,7,7
2024,8,31,Vegetables,Tata,Potato Pack,13,1768.2762625306923,226.96850872196578,270.0,4.0,14.0,25.0,14.0,19.0,32,24.0,21.5,7,7
2024,8,32,Vegetables,Tata,Potato Pack,19,1532.3107607606942,261.9499246761019,242.66666666666666,13.0,4.0,14.0,12.5,21.0,32,25.0,18.5,7,7
2024,8,33,Vegetables,Tata,Potato Pack,21,2469.7118292690857,542.6351041132634,290.57142857142856,19.0,13.0,4.0,14.25,21.0,32,14.0,16.625,7,7
2024,8,34,Vegetables,Tata,Potato Pack,21,3303.851226798613,761.8939107281456,284.85714285714283,21.0,19.0,13.0,18.5,35.0,32,4.0,17.625,7,7
2024,8,35,Vegetables,Tata,Potato Pack,35,4108.007002014354,793.985629196922,254.58333333333334,21.0,21.0,19.0,24.0,10.0,32,13.0,19.0,7,7
2024,9,35,Vegetables,Tata,Potato Pack,10,2154.2539066008385,375.08900394679483,239.5,35.0,21.0,21.0,21.75,32.0,32,19.0,17.125,7,7
2024,9,36,Vegetables,Tata,Potato Pack,32,3451.0351295158025,517.7720046753773,258.6,10.0,35.0,21.0,24.5,16.0,32,21.0,19.375,7,7
2024,9,37,Vegetables,Tata,Potato Pack,16,1836.2088581033543,383.7065505800489,277.1666666666667,32.0,10.0,35.0,23.25,32.0,32,21.0,20.875,7,7
2024,9,38,Vegetables,Tata,Potato Pack,32,4812.683630910427,1127.9053353729728,338.1818181818182,16.0,32.0,10.0,22.5,12.0,32,35.0,23.25,7,7
2024,9,39,Vegetables,Tata,Potato Pack,12,1813.9200424261835,436.634518681619,288.8,32.0,16.0,32.0,23.0,19.0,32,10.0,22.375,7,7
2024,10,40,Vegetables,Tata,Potato Pack,19,2086.997125699203,309.99773753015734,267.57142857142856,12.0,32.0,16.0,19.75,31.0,32,32.0,22.125,7,7
2024,10,41,Vegetables,Tata,Potato Pack,31,4496.517750810741,778.7267939798951,335.54545454545456,19.0,12.0,32.0,23.5,40.0,32,16.0,23.375,7,7
2024,10,42,Vegetables,Tata,Potato Pack,40,4112.559391336893,773.1875240629012,242.25,31.0,19.0,12.0,25.5,13.0,32,32.0,24.0,7,7
2024,10,43,Vegetables,Tata,Potato Pack,13,1687.9069703396906,281.654578318052,271.4,40.0,31.0,19.0,25.75,16.0,32,12.0,24.375,7,7
2024,10,44,Vegetables,Tata,Potato Pack,16,2609.0377357820394,576.4709165097653,363.0,13.0,40.0,31.0,25.0,6.0,32,19.0,22.375,7,7
2024,11,44,Vegetables,Tata,Potato Pack,6,543.9820197235579,53.80090993305808,138.66666666666666,16.0,13.0,40.0,18.75,27.0,32,31.0,21.125,7,7
2024,11,45,Vegetables,Tata,Potato Pack,27,3904.391615189179,746.9743687875498,296.14285714285717,6.0,16.0,13.0,15.5,34.0,32,40.0,20.5,7,7
2024,11,46,Vegetables,Tata,Potato Pack,34,3903.4722733734307,830.6539024196647,238.07692307692307,27.0,6.0,16.0,20.75,28.0,32,13.0,23.25,7,7
2024,11,47,Vegetables,Tata,Potato Pack,28,4174.401498353389,766.5610059765861,300.75,34.0,27.0,6.0,23.75,22.0,32,16.0,24.375,7,7
2024,11,48,Vegetables,Tata,Potato Pack,22,2380.4932466213463,267.6056689897062,298.875,28.0,34.0,27.0,27.75,30.0,32,6.0,23.25,7,7
2024,12,49,Vegetables,Tata,Potato Pack,30,4069.4644918612466,887.4547504580066,183.36363636363637,22.0,28.0,34.0,28.5,27.0,32,27.0,22.0,7,7
2024,12,50,Vegetables,Tata,Potato Pack,27,2889.143991525066,449.73395040545495,267.25,30.0,22.0,28.0,26.75,15.0,32,34.0,23.75,7,7
2024,12,51,Vegetables,Tata,Potato Pack,15,2924.9113482728635,627.5981952355963,109.25,27.0,30.0,22.0,23.5,15.0,32,28.0,23.625,7,7
2024,2,9,Snacks,ITC,Sunfeast Biscuits,24,3161.9738324894256,554.5450644138828,280.42857142857144,19.0,20.0,31.0,23.5,34.0,33,11.0,23.25,6,3
2024,3,9,Snacks,ITC,Sunfeast Biscuits,34,4811.537111995378,965.6075378573063,204.33333333333334,24.0,19.0,20.0,24.25,50.0,33,31.0,23.125,6,3
2024,3,10,Snacks,ITC,Sunfeast Biscuits,50,5724.001040991191,1272.202811110433,248.86666666666667,34.0,24.0,19.0,31.75,35.0,33,20.0,25.625,6,3
2024,3,11,Snacks,ITC,Sunfeast Biscuits,35,4853.995999835377,739.9424816005478,245.0,50.0,34.0,24.0,35.75,41.0,33,19.0,28.0,6,3
2024,3,12,Snacks,ITC,Sunfeast Biscuits,41,7407.625141126241,2042.4407887412517,269.6666666666667,35.0,50.0,34.0,40.0,32.0,33,24.0,31.75,6,3
2024,3,13,Snacks,ITC,Sunfeast Biscuits,32,3088.8693699592154,705.9669824737748,226.7,41.0,35.0,50.0,39.5,44.0,33,34.0,31.875,6,3
2024,4,14,Snacks,ITC,Sunfeast Biscuits,44,5724.400771733057,1169.6492602243716,236.07142857142858,32.0,41.0,35.0,38.0,29.0,33,50.0,34.875,6,3
2024,4,15,Snacks,ITC,Sunfeast Biscuits,29,4149.057643929895,865.6618019564764,260.4,44.0,32.0,41.0,36.5,19.0,33,35.0,36.125,6,3
2024,4,16,Snacks,ITC,Sunfeast Biscuits,19,2933.9859297941725,719.4335132575478,274.8333333333333,29.0,44.0,32.0,31.0,23.0,33,41.0,35.5,6,3
2024,4,17,Snacks,ITC,Sunfeast Biscuits,23,2106.0634064283136,451.0220905106656,243.0,19.0,29.0,44.0,28.75,1.0,33,32.0,34.125,6,3
2024,4,18,Snacks,ITC,Sunfeast Biscuits,1,196.15345621134583,37.07814952555776,65.0,23.0,19.0,29.0,18.0,8.0,33,44.0,28.0,6,3
2024,5,18,Snacks,ITC,Sunfeast Biscuits,8,855.2224677325553,160.12413183849162,345.0,1.0,23.0,19.0,12.75,33.0,33,29.0,24.625,6,3
2024,5,19,Snacks,ITC,Sunfeast Biscuits,33,4754.843883571472,843.336997684771,262.45454545454544,8.0,1.0,23.0,16.25,36.0,33,19.0,23.625,6,3
2024,5,20,Snacks,ITC,Sunfeast Biscuits,36,5423.491612292522,1321.7611246412112,237.0,33.0,8.0,1.0,19.5,32.0,33,23.0,24.125,6,3
2024,5,21,Snacks,ITC,Sunfeast Biscuits,32,5062.5605736597245,1155.7914968206023,278.6363636363636,36.0,33.0,8.0,27.25,25.0,33,1.0,22.625,6,3
2024,5,22,Snacks,ITC,Sunfeast Biscuits,25,3650.6731086960745,961.6213362919227,297.0,32.0,36.0,33.0,31.5,1.0,33,8.0,22.125,6,3
2024,6,22,Snacks,ITC,Sunfeast Biscuits,1,110.65506396568864,33.72933460325437,257.0,25.0,32.0,36.0,23.5,35.0,33,33.0,19.875,6,3
2024,6,23,Snacks,ITC,Sunfeast Biscuits,35,4518.663679603723,962.2414222148284,301.3636363636364,1.0,25.0,32.0,23.25,11.0,33,36.0,21.375,6,3
2024,6,24,Snacks,ITC,Sunfeast Biscuits,11,1617.0374897836934,242.7160399003247,321.4,35.0,1.0,25.0,18.0,31.0,33,32.0,22.625,6,3
2024,6,25,Snacks,ITC,Sunfeast Biscuits,31,4791.552867930178,1083.92155104312,256.4,11.0,35.0,1.0,19.5,22.0,33,25.0,25.5,6,3
2024,6,26,Snacks,ITC,Sunfeast Biscuits,22,3039.718670341524,793.343417750083,321.875,31.0,11.0,35.0,24.75,26.0,33,1.0,24.125,6,3
2024,7,27,Snacks,ITC,Sunfeast Biscuits,26,3772.955498937225,808.9761873503961,240.77777777777777,22.0,31.0,11.0,22.5,36.0,33,35.0,22.875,6,3
2024,7,28,Snacks,ITC,Sunfeast Biscuits,36,4230.754174638763,837.1008124983783,287.3636363636364,26.0,22.0,31.0,28.75,33.0,33,11.0,23.375,6,3
2024,7,29,Snacks,ITC,Sunfeast Biscuits,33,3613.571478151337,706.4056288975435,312.2857142857143,36.0,26.0,22.0,29.25,35.0,33,31.0,24.375,6,3
2024,7,30,Snacks,ITC,Sunfeast Biscuits,35,5237.72107269676,1196.0457747617058,165.8,33.0,36.0,26.0,32.5,6.0,33,22.0,28.625,6,3
2024,7,31,Snacks,ITC,Sunfeast Biscuits,6,610.1354754361105,138.2202736182903,288.0,35.0,33.0,36.0,27.5,6.0,33,26.0,25.0,6,3
2024,8,31,Snacks,ITC,Sunfeast Biscuits,6,906.5845358849265,171.38859343174158,304.5,6.0,35.0,33.0,20.0,43.0,33,36.0,24.375,6,3
2024,8,32,Snacks,ITC,Sunfeast Biscuits,43,6367.675031054045,1253.7803194332607,315.3636363636364,6.0,6.0,35.0,22.5,33.0,33,33.0,25.875,6,3
2024,8,33,Snacks,ITC,Sunfeast Biscuits,33,4959.531479823657,825.3619076900707,275.0,43.0,6.0,6.0,22.0,30.0,33,35.0,27.25,6,3
2024,8,34,Snacks,ITC,Sunfeast Biscuits,30,4403.692354986305,806.1321361627213,231.4,33.0,43.0,6.0,28.0,18.0,33,6.0,27.75,6,3
2024,8,35,Snacks,ITC,Sunfeast Biscuits,18,2072.174898512203,473.14066071080015,208.33333333333334,30.0,33.0,43.0,31.0,8.0,33,6.0,25.5,6,3
2024,9,35,Snacks,ITC,Sunfeast Biscuits,8,815.3037714132178,166.27344489369366,304.0,18.0,30.0,33.0,22.25,26.0,33,43.0,22.375,6,3
2024,9,36,Snacks,ITC,Sunfeast Biscuits,26,3700.8991350229635,785.2614787863426,279.8888888888889,8.0,18.0,30.0,20.5,34.0,33,33.0,21.25,6,3
2024,9,37,Snacks,ITC,Sunfeast Biscuits,34,2733.706164451059,661.9985678339393,286.0,26.0,8.0,18.0,21.5,34.0,33,30.0,24.75,6,3
2024,9,38,Snacks,ITC,Sunfeast Biscuits,34,5702.322765280229,1072.6883518280238,273.90909090909093,34.0,26.0,8.0,25.5,15.0,33,18.0,28.25,6,3
2024,9,39,Snacks,ITC,Sunfeast Biscuits,15,945.3893377004125,165.03597974511374,349.4,34.0,34.0,26.0,27.25,5.0,33,8.0,24.75,6,3
2024,9,40,Snacks,ITC,Sunfeast Biscuits,5,641.2122234369376,103.32133391746765,414.0,15.0,34.0,34.0,22.0,14.0,33,26.0,21.25,6,3
2024,10,40,Snacks,ITC,Sunfeast Biscuits,14,1444.1884151825504,193.19350131776557,311.8333333333333,5.0,15.0,34.0,17.0,24.0,33,34.0,19.25,6,3
2024,10,41,Snacks,ITC,Sunfeast Biscuits,24,2949.7203304671043,706.0148213107786,310.25,14.0,5.0,15.0,14.5,44.0,33,34.0,20.0,6,3
2024,10,42,Snacks,ITC,Sunfeast Biscuits,44,6865.5086736507,1272.2404203080346,282.09090909090907,24.0,14.0,5.0,21.75,36.0,33,15.0,24.5,6,3
2024,10,43,Snacks,ITC,Sunfeast Biscuits,36,6165.700678547902,1183.9419951644647,277.25,44.0,24.0,14.0,29.5,26.0,33,5.0,25.75,6,3
2024,10,44,Snacks,ITC,Sunfeast Biscuits,26,2028.126684941234,375.95704788915026,178.11111111111111,36.0,44.0,24.0,32.5,17.0,33,14.0,24.75,6,3
2024,11,44,Snacks,ITC,Sunfeast Biscuits,17,2082.460389686964,432.8761718669633,239.625,26.0,36.0,44.0,30.75,34.0,33,24.0,22.625,6,3
2024,11,45,Snacks,ITC,Sunfeast Biscuits,34,5970.818871062089,1176.800633357944,300.0769230769231,17.0,26.0,36.0,28.25,51.0,33,44.0,25.0,6,3
2024,11,46,Snacks,ITC,Sunfeast Biscuits,51,7837.460201358128,1467.3127934878296,236.5,34.0,17.0,26.0,32.0,31.0,33,36.0,30.75,6,3
2024,11,47,Snacks,ITC,Sunfeast Biscuits,31,3804.6745232812655,644.9616712727222,260.3333333333333,51.0,34.0,17.0,33.25,30.0,33,26.0,32.875,6,3
2024,11,48,Snacks,ITC,Sunfeast Biscuits,30,4329.558075995888,765.757623639513,268.5,31.0,51.0,34.0,36.5,21.0,33,17.0,33.625,6,3
2024,12,49,Snacks,ITC,Sunfeast Biscuits,21,2528.886257267431,451.37406370289204,197.0,30.0,31.0,51.0,33.25,23.0,33,34.0,30.75,6,3
2024,12,50,Snacks,ITC,Sunfeast Biscuits,23,2864.283270510247,579.3199370249598,376.125,21.0,30.0,31.0,26.25,40.0,33,51.0,29.125,6,3
2024,12,51,Snacks,ITC,Sunfeast Biscuits,40,6909.37750204647,1495.2383287528462,218.84615384615384,23.0,21.0,30.0,28.5,31.0,33,31.0,30.875,6,3
2024,2,9,Grocery,ITC,Sunfeast Pasta,21,2825.527556273526,806.7538498037839,283.14285714285717,52.0,42.0,41.0,39.0,24.0,34,39.0,41.0,3,3
2024,3,9,Grocery,ITC,Sunfeast Pasta,24,4177.117464214612,902.3385472911614,368.25,21.0,52.0,42.0,34.75,44.0,34,41.0,37.875,3,3
2024,3,10,Grocery,ITC,Sunfeast Pasta,44,4262.105493631556,874.3210785022532,295.1875,24.0,21.0,52.0,35.25,13.0,34,42.0,37.75,3,3
2024,3,11,Grocery,ITC,Sunfeast Pasta,13,2270.5894338940107,628.8075086052561,228.5,44.0,24.0,21.0,25.5,48.0,34,52.0,34.5,3,3
2024,3,12,Grocery,ITC,Sunfeast Pasta,48,5929.252286681593,1097.9708460511915,195.13333333333333,13.0,44.0,24.0,32.25,46.0,34,21.0,35.625,3,3
2024,3,13,Grocery,ITC,Sunfeast Pasta,46,6003.89700416998,875.2094380427405,302.5625,48.0,13.0,44.0,37.75,49.0,34,24.0,36.25,3,3
2024,4,14,Grocery,ITC,Sunfeast Pasta,49,5842.08604286705,1229.1935830982763,315.75,46.0,48.0,13.0,39.0,41.0,34,44.0,37.125,3,3
2024,4,15,Grocery,ITC,Sunfeast Pasta,41,6743.642674540312,1542.0649323323594,293.5,49.0,46.0,48.0,46.0,59.0,34,13.0,35.75,3,3
2024,4,16,Grocery,ITC,Sunfeast Pasta,59,6683.147214889003,1066.492793336384,280.5882352941176,41.0,49.0,46.0,48.75,39.0,34,48.0,40.5,3,3
2024,4,17,Grocery,ITC,Sunfeast Pasta,39,5803.9175563447225,1228.2441336560973,259.8333333333333,59.0,41.0,49.0,47.0,10.0,34,46.0,42.375,3,3
2024,4,18,Grocery,ITC,Sunfeast Pasta,10,1188.619131360209,241.46128615471608,291.0,39.0,59.0,41.0,37.25,17.0,34,49.0,38.125,3,3
2024,5,18,Grocery,ITC,Sunfeast Pasta,17,1632.823726124337,330.81338833298685,278.625,10.0,39.0,59.0,31.25,55.0,34,41.0,38.625,3,3
2024,5,19,Grocery,ITC,Sunfeast Pasta,55,8783.93007495715,1986.598531590632,257.26666666666665,17.0,10.0,39.0,30.25,49.0,34,59.0,39.5,3,3
2024,5,20,Grocery,ITC,Sunfeast Pasta,49,6391.463958511711,1322.967045258495,241.23529411764707,55.0,17.0,10.0,32.75,50.0,34,39.0,39.875,3,3
2024,5,21,Grocery,ITC,Sunfeast Pasta,50,7183.213493837092,1363.177680789561,240.8235294117647,49.0,55.0,17.0,42.75,70.0,34,10.0,40.0,3,3
2024,5,22,Grocery,ITC,Sunfeast Pasta,70,9538.127108427963,2266.9242252639433,306.8095238095238,50.0,49.0,55.0,56.0,5.0,34,17.0,43.625,3,3
2024,6,22,Grocery,ITC,Sunfeast Pasta,5,405.8940295026321,77.51209097449339,236.0,70.0,50.0,49.0,43.5,42.0,34,55.0,36.875,3,3
2024,6,23,Grocery,ITC,Sunfeast Pasta,42,5994.721506072634,1120.5958397608515,268.6923076923077,5.0,70.0,50.0,41.75,60.0,34,49.0,37.25,3,3
2024,6,24,Grocery,ITC,Sunfeast Pasta,60,9405.150411667704,1795.1173582142242,262.55555555555554,42.0,5.0,70.0,44.25,39.0,34,50.0,43.5,3,3
2024,6,25,Grocery,ITC,Sunfeast Pasta,39,4620.508880245912,733.0496456890224,261.0,60.0,42.0,5.0,36.5,35.0,34,70.0,46.25,3,3
2024,6,26,Grocery,ITC,Sunfeast Pasta,35,4699.828387069867,612.0623466360241,245.0,39.0,60.0,42.0,44.0,43.0,34,5.0,43.75,3,3
2024,7,27,Grocery,ITC,Sunfeast Pasta,43,5240.541353911661,829.5217555243007,236.0,35.0,39.0,60.0,44.25,49.0,34,42.0,43.0,3,3
2024,7,28,Grocery,ITC,Sunfeast Pasta,49,6234.967491781228,1352.2699275844204,254.3,43.0,35.0,39.0,41.5,20.0,34,60.0,42.875,3,3
2024,7,29,Grocery,ITC,Sunfeast Pasta,20,3326.0331598994735,654.7723065659987,287.0,49.0,43.0,35.0,36.75,25.0,34,39.0,36.625,3,3
2024,7,30,Grocery,ITC,Sunfeast Pasta,25,3269.0849230843187,629.1051004819147,253.55555555555554,20.0,49.0,43.0,34.25,12.0,34,35.0,39.125,3,3
2024,7,31,Grocery,ITC,Sunfeast Pasta,12,1385.9592706986746,284.3611056712132,317.5,25.0,20.0,49.0,26.5,29.0,34,43.0,35.375,3,3
2024,8,31,Grocery,ITC,Sunfeast Pasta,29,4025.917114565399,832.9067448300775,265.6666666666667,12.0,25.0,20.0,21.5,65.0,34,49.0,31.5,3,3
2024,8,32,Grocery,ITC,Sunfeast Pasta,65,7774.213647454978,1695.2300931312338,295.6666666666667,29.0,12.0,25.0,32.75,45.0,34,20.0,34.75,3,3
2024,8,33,Grocery,ITC,Sunfeast Pasta,45,6841.516852146375,1373.8823885408249,237.625,65.0,29.0,12.0,37.75,60.0,34,25.0,36.0,3,3
2024,8,34,Grocery,ITC,Sunfeast Pasta,60,7974.342219342317,1283.8182529690139,281.1904761904762,45.0,65.0,29.0,49.75,36.0,34,12.0,38.125,3,3
2024,8,35,Grocery,ITC,Sunfeast Pasta,36,4844.694448626018,944.4396859890447,232.16666666666666,60.0,45.0,65.0,51.5,42.0,34,29.0,36.5,3,3
2024,9,36,Grocery,ITC,Sunfeast Pasta,42,6221.572119990145,1256.895417917075,240.42857142857142,36.0,60.0,45.0,45.75,61.0,34,65.0,39.25,3,3
2024,9,37,Grocery,ITC,Sunfeast Pasta,61,6477.122655707035,1308.5126895804633,249.9,42.0,36.0,60.0,49.75,50.0,34,45.0,43.75,3,3
2024,9,38,Grocery,ITC,Sunfeast Pasta,50,6269.852107047337,1368.160920696498,249.73333333333332,61.0,42.0,36.0,47.25,61.0,34,60.0,48.5,3,3
2024,9,39,Grocery,ITC,Sunfeast Pasta,61,7402.711250357621,1838.5789373393168,286.8333333333333,50.0,61.0,42.0,53.5,20.0,34,36.0,52.5,3,3
2024,10,40,Grocery,ITC,Sunfeast Pasta,20,2334.105926635864,489.07172874516044,327.42857142857144,61.0,50.0,61.0,48.0,38.0,34,42.0,46.875,3,3
2024,10,41,Grocery,ITC,Sunfeast Pasta,38,4564.0829640739585,850.5042427871542,308.375,20.0,61.0,50.0,42.25,32.0,34,61.0,46.0,3,3
2024,10,42,Grocery,ITC,Sunfeast Pasta,32,2824.2157489225606,476.8617779100518,289.6363636363636,38.0,20.0,61.0,37.75,39.0,34,50.0,42.5,3,3
2024,10,43,Grocery,ITC,Sunfeast Pasta,39,3469.365788296404,721.2804421594859,308.3076923076923,32.0,38.0,20.0,32.25,14.0,34,61.0,42.875,3,3
2024,10,44,Grocery,ITC,Sunfeast Pasta,14,2127.2041550638723,312.22619293529107,170.83333333333334,39.0,32.0,38.0,30.75,13.0,34,20.0,39.375,3,3
2024,11,44,Grocery,ITC,Sunfeast Pasta,13,2083.761977821259,374.2650431260871,250.0,14.0,39.0,32.0,24.5,20.0,34,38.0,33.375,3,3
2024,11,45,Grocery,ITC,Sunfeast Pasta,20,2756.1431269413356,728.7733175925899,288.125,13.0,14.0,39.0,21.5,32.0,34,32.0,29.625,3,3
2024,11,46,Grocery,ITC,Sunfeast Pasta,32,3448.9010912444205,794.667995660322,271.0,20.0,13.0,14.0,19.75,62.0,34,39.0,26.0,3,3
2024,11,47,Grocery,ITC,Sunfeast Pasta,62,8984.714326814546,1832.9562346212774,279.5625,32.0,20.0,13.0,31.75,33.0,34,14.0,31.25,3,3
2024,11,48,Grocery,ITC,Sunfeast Pasta,33,3477.033695979095,719.8076835827667,274.8333333333333,62.0,32.0,20.0,36.75,11.0,34,13.0,30.625,3,3
2024,12,48,Grocery,ITC,Sunfeast Pasta,11,1468.3897012310847,392.7355669961843,309.3333333333333,33.0,62.0,32.0,34.5,40.0,34,20.0,28.0,3,3
2024,12,49,Grocery,ITC,Sunfeast Pasta,40,4601.541574190545,950.4467966207601,274.15384615384613,11.0,33.0,62.0,36.5,54.0,34,32.0,28.125,3,3
2024,12,50,Grocery,ITC,Sunfeast Pasta,54,8676.58199678054,1509.2049859739268,231.16666666666666,40.0,11.0,33.0,34.5,35.0,34,62.0,33.125,3,3
2024,12,51,Grocery,ITC,Sunfeast Pasta,35,3984.753943082208,688.0303581145065,350.4,54.0,40.0,11.0,35.0,55.0,34,33.0,35.875,3,3
2024,3,9,Home Care,HUL,Surf Excel,5,74.5102742056711,12.778060279474616,220.0,20.0,16.0,24.0,16.25,38.0,35,33.0,19.25,4,2
2024,3,10,Home Care,HUL,Surf Excel,38,3930.774234122771,940.4589967004518,304.09090909090907,5.0,20.0,16.0,19.75,41.0,35,24.0,20.625,4,2
2024,3,11,Home Care,HUL,Surf Excel,41,5001.602810005832,1118.5327612188257,201.76923076923077,38.0,5.0,20.0,26.0,36.0,35,16.0,22.75,4,2
2024,3,12,Home Care,HUL,Surf Excel,36,5932.48698557565,1374.1315287259717,260.1666666666667,41.0,38.0,5.0,30.0,51.0,35,20.0,26.625,4,2
2024,3,13,Home Care,HUL,Surf Excel,51,7167.55550201411,1232.29249100788,261.57142857142856,36.0,41.0,38.0,41.5,51.0,35,5.0,28.875,4,2
2024,4,14,Home Care,HUL,Surf Excel,51,6355.87004937187,1467.039304789389,212.13333333333333,51.0,36.0,41.0,44.75,28.0,35,38.0,32.25,4,2
2024,4,15,Home Care,HUL,Surf Excel,28,3811.0934523221727,685.2680070502431,267.3,51.0,51.0,36.0,41.5,35.0,35,41.0,33.75,4,2
2024,4,16,Home Care,HUL,Surf Excel,35,4522.766781365558,905.8873449442996,216.7,28.0,51.0,51.0,41.25,33.0,35,36.0,35.625,4,2
2024,4,17,Home Care,HUL,Surf Excel,33,4599.9042672734795,894.7455487040461,282.0,35.0,28.0,51.0,36.75,4.0,35,51.0,39.125,4,2
2024,4,18,Home Care,HUL,Surf Excel,4,712.0069159508199,182.09858186410014,103.5,33.0,35.0,28.0,25.0,20.0,35,51.0,34.875,4,2
2024,5,18,Home Care,HUL,Surf Excel,20,3406.3652210751707,602.3456218625721,354.0,4.0,33.0,35.0,23.0,31.0,35,28.0,32.25,4,2
2024,5,19,Home Care,HUL,Surf Excel,31,3730.3495891093507,905.6571807628761,312.5,20.0,4.0,33.0,22.0,29.0,35,35.0,31.625,4,2
2024,5,20,Home Care,HUL,Surf Excel,29,3742.4088106940844,672.614548389969,298.1,31.0,20.0,4.0,21.0,38.0,35,33.0,28.875,4,2
2024,5,21,Home Care,HUL,Surf Excel,38,3551.61681450667,760.4354150209549,290.25,29.0,31.0,20.0,29.5,30.0,35,4.0,27.25,4,2
2024,5,22,Home Care,HUL,Surf Excel,30,4226.118302015314,921.1238996693742,325.4166666666667,38.0,29.0,31.0,32.0,4.0,35,20.0,27.5,4,2
2024,6,22,Home Care,HUL,Surf Excel,4,618.1044183533879,130.76349659142605,223.5,30.0,38.0,29.0,25.25,29.0,35,31.0,23.625,4,2
2024,6,23,Home Care,HUL,Surf Excel,29,4159.678552513045,828.6001863665124,249.55555555555554,4.0,30.0,38.0,25.25,33.0,35,29.0,23.125,4,2
2024,6,24,Home Care,HUL,Surf Excel,33,4820.740876016568,876.7163425631037,260.38461538461536,29.0,4.0,30.0,24.0,30.0,35,38.0,26.75,4,2
2024,6,25,Home Care,HUL,Surf Excel,30,4462.292423261977,703.9647386953376,217.7,33.0,29.0,4.0,24.0,39.0,35,30.0,28.0,4,2
2024,6,26,Home Care,HUL,Surf Excel,39,4457.080656136321,1103.2679952456388,238.64285714285714,30.0,33.0,29.0,32.75,32.0,35,4.0,29.0,4,2
2024,7,27,Home Care,HUL,Surf Excel,32,3521.096139994607,626.154314390668,288.2307692307692,39.0,30.0,33.0,33.5,38.0,35,29.0,29.375,4,2
2024,7,28,Home Care,HUL,Surf Excel,38,4130.623116417719,668.7622421944442,309.3636363636364,32.0,39.0,30.0,34.75,30.0,35,33.0,29.375,4,2
2024,7,29,Home Care,HUL,Surf Excel,30,3946.692921575401,757.8312197501555,228.22222222222223,38.0,32.0,39.0,34.75,49.0,35,30.0,29.375,4,2
2024,7,30,Home Care,HUL,Surf Excel,49,5272.528162479644,995.1113182110962,245.57142857142858,30.0,38.0,32.0,37.25,18.0,35,39.0,35.0,4,2
2024,7,31,Home Care,HUL,Surf Excel,18,1703.8864329222574,182.618046682816,281.6,49.0,30.0,38.0,33.75,9.0,35,32.0,33.625,4,2
2024,8,31,Home Care,HUL,Surf Excel,9,1894.8070461023283,344.9085895175985,220.66666666666666,18.0,49.0,30.0,26.5,23.0,35,38.0,30.625,4,2
2024,8,32,Home Care,HUL,Surf Excel,23,2372.1793441173304,446.68304458571953,282.25,9.0,18.0,49.0,24.75,39.0,35,30.0,29.75,4,2
2024,8,33,Home Care,HUL,Surf Excel,39,5207.403899651939,997.8299081183515,306.6,23.0,9.0,18.0,22.25,42.0,35,49.0,29.75,4,2
2024,8,34,Home Care,HUL,Surf Excel,42,5728.988432446048,1360.1493888112077,323.0833333333333,39.0,23.0,9.0,28.25,19.0,35,18.0,31.0,4,2
2024,8,35,Home Care,HUL,Surf Excel,19,1267.1578359988553,220.87367641846015,363.2,42.0,39.0,23.0,30.75,6.0,35,9.0,28.625,4,2
2024,9,36,Home Care,HUL,Surf Excel,6,734.9745497358016,152.25719460734916,259.5,19.0,42.0,39.0,26.5,17.0,35,23.0,25.625,4,2
2024,9,37,Home Care,HUL,Surf Excel,17,3065.091219896063,673.7331602064667,249.16666666666666,6.0,19.0,42.0,21.0,31.0,35,39.0,21.625,4,2
2024,9,38,Home Care,HUL,Surf Excel,31,3622.970508163852,732.6966861954043,287.9,17.0,6.0,19.0,18.25,32.0,35,42.0,23.25,4,2
2024,9,39,Home Care,HUL,Surf Excel,32,3669.051183097286,712.5742528513889,243.46153846153845,31.0,17.0,6.0,21.5,1.0,35,19.0,26.125,4,2
2024,9,40,Home Care,HUL,Surf Excel,1,112.41289610457744,18.613736252343486,127.0,32.0,31.0,17.0,20.25,31.0,35,6.0,23.375,4,2
2024,10,40,Home Care,HUL,Surf Excel,31,3655.5198154712953,743.6794299520992,205.66666666666666,1.0,32.0,31.0,23.75,39.0,35,17.0,22.375,4,2
2024,10,41,Home Care,HUL,Surf Excel,39,5180.957506072647,1128.7247029440225,291.53846153846155,31.0,1.0,32.0,25.75,26.0,35,31.0,22.0,4,2
2024,10,42,Home Care,HUL,Surf Excel,26,3557.36658904834,837.0283119173779,286.09090909090907,39.0,31.0,1.0,24.25,29.0,35,32.0,22.875,4,2
2024,10,43,Home Care,HUL,Surf Excel,29,5288.5516619423315,1054.0747064423297,348.1,26.0,39.0,31.0,31.25,38.0,35,1.0,25.75,4,2
2024,10,44,Home Care,HUL,Surf Excel,38,6061.0959364492155,1423.986566684005,282.53846153846155,29.0,26.0,39.0,33.0,11.0,35,31.0,28.375,4,2
2024,11,44,Home Care,HUL,Surf Excel,11,2126.216434044858,511.98004926052823,328.6666666666667,38.0,29.0,26.0,26.0,36.0,35,39.0,25.875,4,2
2024,11,45,Home Care,HUL,Surf Excel,36,4950.218374017832,903.7424696161938,350.6923076923077,11.0,38.0,29.0,28.5,37.0,35,26.0,26.375,4,2
2024,11,46,Home Care,HUL,Surf Excel,37,4709.69352946352,1211.3165361553504,292.0769230769231,36.0,11.0,38.0,30.5,14.0,35,29.0,30.875,4,2
2024,11,47,Home Care,HUL,Surf Excel,14,1039.044453097783,159.70728983026214,294.1666666666667,37.0,36.0,11.0,24.5,25.0,35,38.0,28.75,4,2
2024,11,48,Home Care,HUL,Surf Excel,25,1970.15438715866,278.73949411523563,268.6666666666667,14.0,37.0,36.0,28.0,8.0,35,11.0,27.0,4,2
2024,12,48,Home Care,HUL,Surf Excel,8,957.822569832611,119.90176112879445,321.0,25.0,14.0,37.0,21.0,24.0,35,36.0,24.75,4,2
2024,12,49,Home Care,HUL,Surf Excel,24,2985.429977176093,677.7776311539081,258.625,8.0,25.0,14.0,17.75,27.0,35,37.0,24.125,4,2
2024,12,50,Home Care,HUL,Surf Excel,27,4262.186467033604,947.5587769545006,254.27272727272728,24.0,8.0,25.0,21.0,31.0,35,14.0,22.75,4,2
2024,12,51,Home Care,HUL,Surf Excel,31,2910.3353036327567,488.6960949795892,267.0833333333333,27.0,24.0,8.0,22.5,11.0,35,25.0,25.25,4,2
2024,2,9,Home Care,Tata,Tata Cleaning Powder,58,7677.248390722187,1613.2089588086128,267.29411764705884,57.0,78.0,70.0,65.75,18.0,36,43.0,66.25,4,7
2024,3,9,Home Care,Tata,Tata Cleaning Powder,18,3297.3978649858827,530.256424912108,271.14285714285717,58.0,57.0,78.0,52.75,87.0,36,70.0,56.375,4,7
2024,3,10,Home Care,Tata,Tata Cleaning Powder,87,10907.59664738182,2187.3621985495665,255.0,18.0,58.0,57.0,55.0,69.0,36,78.0,55.0,4,7
2024,3,11,Home Care,Tata,Tata Cleaning Powder,69,9167.480566792367,1969.9061313712718,330.8095238095238,87.0,18.0,58.0,58.0,81.0,36,57.0,60.0,4,7
2024,3,12,Home Care,Tata,Tata Cleaning Powder,81,9624.050164583517,2168.8204983862083,331.03846153846155,69.0,87.0,18.0,63.75,109.0,36,58.0,64.75,4,7
2024,3,13,Home Care,Tata,Tata Cleaning Powder,109,16026.593320716662,3329.4525873070706,282.0810810810811,81.0,69.0,87.0,86.5,99.0,36,18.0,69.625,4,7
2024,4,14,Home Care,Tata,Tata Cleaning Powder,99,10875.095541363366,1974.8140006075366,274.8235294117647,109.0,81.0,69.0,89.5,101.0,36,87.0,72.25,4,7
2024,4,15,Home Care,Tata,Tata Cleaning Powder,101,10764.871995872643,1883.0512626460945,271.59375,99.0,109.0,81.0,97.5,59.0,36,69.0,77.75,4,7
2024,4,16,Home Care,Tata,Tata Cleaning Powder,59,8378.48078203407,1774.1704270191917,274.2608695652174,101.0,99.0,109.0,92.0,68.0,36,81.0,77.875,4,7
2024,4,17,Home Care,Tata,Tata Cleaning Powder,68,8758.933000049414,1650.18573407276,281.85714285714283,59.0,101.0,99.0,81.75,21.0,36,109.0,84.125,4,7
2024,4,18,Home Care,Tata,Tata Cleaning Powder,21,2151.6603851908526,322.34773063675743,252.5,68.0,59.0,101.0,62.25,65.0,36,99.0,75.875,4,7
2024,5,18,Home Care,Tata,Tata Cleaning Powder,65,8817.465188724285,1645.6965933101908,335.5,21.0,68.0,59.0,53.25,92.0,36,101.0,75.375,4,7
2024,5,19,Home Care,Tata,Tata Cleaning Powder,92,10913.667171943995,2220.1517555641003,262.17857142857144,65.0,21.0,68.0,61.5,123.0,36,59.0,76.75,4,7
2024,5,20,Home Care,Tata,Tata Cleaning Powder,123,14056.672762039443,3031.3966959139752,260.95454545454544,92.0,65.0,21.0,75.25,54.0,36,68.0,78.5,4,7
2024,5,21,Home Care,Tata,Tata Cleaning Powder,54,6737.15821499287,1137.558694031005,311.1818181818182,123.0,92.0,65.0,83.5,73.0,36,21.0,72.875,4,7
2024,5,22,Home Care,Tata,Tata Cleaning Powder,73,11131.830089281933,2253.282737840717,310.0869565217391,54.0,123.0,92.0,85.5,23.0,36,65.0,69.375,4,7
2024,6,22,Home Care,Tata,Tata Cleaning Powder,23,2237.93038751739,436.4536859003407,306.125,73.0,54.0,123.0,68.25,100.0,36,92.0,64.875,4,7
2024,6,23,Home Care,Tata,Tata Cleaning Powder,100,11049.115451267295,2245.2977285233546,291.4848484848485,23.0,73.0,54.0,62.5,112.0,36,123.0,68.875,4,7
2024,6,24,Home Care,Tata,Tata Cleaning Powder,112,14362.476347224752,2935.3518697830546,295.6470588235294,100.0,23.0,73.0,77.0,111.0,36,54.0,80.25,4,7
2024,6,25,Home Care,Tata,Tata Cleaning Powder,111,15418.718229081815,2744.275936615878,274.5135135135135,112.0,100.0,23.0,86.5,79.0,36,73.0,86.0,4,7
2024,6,26,Home Care,Tata,Tata Cleaning Powder,79,12110.585808166623,2384.1146089103295,302.2142857142857,111.0,112.0,100.0,100.5,89.0,36,23.0,84.375,4,7
2024,7,27,Home Care,Tata,Tata Cleaning Powder,89,12007.943245123255,2324.3271675072974,271.2121212121212,79.0,111.0,112.0,97.75,84.0,36,100.0,80.125,4,7
2024,7,28,Home Care,Tata,Tata Cleaning Powder,84,9625.022946867057,2103.20828532233,269.06060606060606,89.0,79.0,111.0,90.75,106.0,36,112.0,83.875,4,7
2024,7,29,Home Care,Tata,Tata Cleaning Powder,106,15449.292591225621,3194.9841196456373,289.7878787878788,84.0,89.0,79.0,89.5,60.0,36,111.0,88.0,4,7
2024,7,30,Home Care,Tata,Tata Cleaning Powder,60,6760.300485414573,1459.6679624233354,286.4,106.0,84.0,89.0,84.75,21.0,36,79.0,92.625,4,7
2024,7,31,Home Care,Tata,Tata Cleaning Powder,21,3230.248976839535,533.7172665216586,240.14285714285714,60.0,106.0,84.0,67.75,45.0,36,89.0,82.75,4,7
2024,8,31,Home Care,Tata,Tata Cleaning Powder,45,7069.928083706896,1623.5507397287695,270.2857142857143,21.0,60.0,106.0,58.0,116.0,36,84.0,74.375,4,7
2024,8,32,Home Care,Tata,Tata Cleaning Powder,116,13969.533249892263,2549.585379439252,243.175,45.0,21.0,60.0,60.5,80.0,36,106.0,75.0,4,7
2024,8,33,Home Care,Tata,Tata Cleaning Powder,80,8229.279500998822,1571.9612738130033,254.40740740740742,116.0,45.0,21.0,65.5,98.0,36,60.0,75.125,4,7
2024,8,34,Home Care,Tata,Tata Cleaning Powder,98,11486.867628517548,2055.6738943607893,278.6551724137931,80.0,116.0,45.0,84.75,60.0,36,21.0,76.25,4,7
2024,8,35,Home Care,Tata,Tata Cleaning Powder,60,7514.925710252214,1673.9414105540338,276.0625,98.0,80.0,116.0,88.5,101.0,36,45.0,73.25,4,7
2024,9,36,Home Care,Tata,Tata Cleaning Powder,101,12281.24757841939,2774.4731186153376,290.22857142857146,60.0,98.0,80.0,84.75,92.0,36,116.0,72.625,4,7
2024,9,37,Home Care,Tata,Tata Cleaning Powder,92,14137.21622759514,2841.3383948249157,299.375,101.0,60.0,98.0,87.75,91.0,36,80.0,76.625,4,7
2024,9,38,Home Care,Tata,Tata Cleaning Powder,91,12351.944616474384,2357.709525024785,260.7931034482759,92.0,101.0,60.0,86.0,101.0,36,98.0,85.375,4,7
2024,9,39,Home Care,Tata,Tata Cleaning Powder,101,12279.862773320587,2199.860043394831,307.875,91.0,92.0,101.0,96.25,8.0,36,60.0,92.375,4,7
2024,9,40,Home Care,Tata,Tata Cleaning Powder,8,1156.744306261146,258.66627615342054,168.0,101.0,91.0,92.0,73.0,73.0,36,101.0,78.875,4,7
2024,10,40,Home Care,Tata,Tata Cleaning Powder,73,7594.492814147502,1439.6072515496785,267.96,8.0,101.0,91.0,68.25,99.0,36,92.0,78.0,4,7
2024,10,41,Home Care,Tata,Tata Cleaning Powder,99,12019.307455793336,2623.0296641100513,255.6875,73.0,8.0,101.0,70.25,77.0,36,91.0,78.125,4,7
2024,10,42,Home Care,Tata,Tata Cleaning Powder,77,11348.431684925528,2660.807360026276,257.11538461538464,99.0,73.0,8.0,64.25,92.0,36,101.0,80.25,4,7
2024,10,43,Home Care,Tata,Tata Cleaning Powder,92,10902.291443908229,1712.345535923158,311.6333333333333,77.0,99.0,73.0,85.25,41.0,36,8.0,79.125,4,7
2024,10,44,Home Care,Tata,Tata Cleaning Powder,41,5373.1139678848285,1267.540793025452,292.3333333333333,92.0,77.0,99.0,77.25,35.0,36,73.0,72.75,4,7
2024,11,44,Home Care,Tata,Tata Cleaning Powder,35,6441.5466384629835,1526.7492044665892,335.90909090909093,41.0,92.0,77.0,61.25,75.0,36,99.0,65.75,4,7
2024,11,45,Home Care,Tata,Tata Cleaning Powder,75,9384.583284203525,2058.2678189289018,202.91304347826087,35.0,41.0,92.0,60.75,109.0,36,77.0,62.5,4,7
2024,11,46,Home Care,Tata,Tata Cleaning Powder,109,15937.647096166793,3231.3343965847303,272.93939393939394,75.0,35.0,41.0,65.0,104.0,36,92.0,75.125,4,7
2024,11,47,Home Care,Tata,Tata Cleaning Powder,104,13379.939121531635,2636.1337083814956,273.38235294117646,109.0,75.0,35.0,80.75,66.0,36,41.0,79.0,4,7
2024,11,48,Home Care,Tata,Tata Cleaning Powder,66,8069.144685775085,1503.0477028801604,256.6666666666667,104.0,109.0,75.0,88.5,15.0,36,35.0,74.875,4,7
2024,12,48,Home Care,Tata,Tata Cleaning Powder,15,2038.8356946573995,507.87275705618674,317.2,66.0,104.0,109.0,73.5,97.0,36,75.0,67.125,4,7
2024,12,49,Home Care,Tata,Tata Cleaning Powder,97,13428.429928649206,2730.704655804537,273.4516129032258,15.0,66.0,104.0,70.5,101.0,36,109.0,67.75,4,7
2024,12,50,Home Care,Tata,Tata Cleaning Powder,101,12524.892343799402,2255.8553058630205,284.4871794871795,97.0,15.0,66.0,69.75,127.0,36,104.0,75.25,4,7
2024,12,51,Home Care,Tata,Tata Cleaning Powder,127,15371.088956111233,3010.291691601282,288.0,101.0,97.0,15.0,85.0,116.0,36,66.0,86.75,4,7
2024,2,9,Beverages,Tata,Tata Coffee,25,2641.2088528925487,393.86040915620293,263.125,44.0,59.0,41.0,42.25,15.0,37,24.0,35.125,0,7
2024,3,9,Beverages,Tata,Tata Coffee,15,2082.225511367154,348.8981497893094,228.5,25.0,44.0,59.0,35.75,65.0,37,41.0,31.375,0,7
2024,3,10,Beverages,Tata,Tata Coffee,65,7938.7957300971,1731.2544791915689,253.55,15.0,25.0,44.0,37.25,34.0,37,59.0,35.625,0,7
2024,3,11,Beverages,Tata,Tata Coffee,34,2726.332917197319,475.3187900592973,306.9230769230769,65.0,15.0,25.0,34.75,59.0,37,44.0,38.375,0,7
2024,3,12,Beverages,Tata,Tata Coffee,59,8065.096880369868,1541.5927894086767,269.7368421052632,34.0,65.0,15.0,43.25,32.0,37,25.0,42.75,0,7
2024,3,13,Beverages,Tata,Tata Coffee,32,4423.172129086559,763.5370425050617,266.45454545454544,59.0,34.0,65.0,47.5,65.0,37,15.0,41.625,0,7
2024,4,14,Beverages,Tata,Tata Coffee,65,9120.788460789718,1971.1433684729668,289.9047619047619,32.0,59.0,34.0,47.5,60.0,37,65.0,42.375,0,7
2024,4,15,Beverages,Tata,Tata Coffee,60,10002.08151657605,2541.887708866354,264.10526315789474,65.0,32.0,59.0,54.0,36.0,37,34.0,44.375,0,7
2024,4,16,Beverages,Tata,Tata Coffee,36,3925.992480824433,854.8003028177759,268.5,60.0,65.0,32.0,48.25,55.0,37,59.0,45.75,0,7
2024,4,17,Beverages,Tata,Tata Coffee,55,6664.213444852635,1098.326249471885,275.1111111111111,36.0,60.0,65.0,54.0,10.0,37,32.0,50.75,0,7
2024,4,18,Beverages,Tata,Tata Coffee,10,1359.3157037443684,320.5929264034133,281.0,55.0,36.0,60.0,40.25,21.0,37,65.0,43.875,0,7
2024,5,18,Beverages,Tata,Tata Coffee,21,2018.4008199317152,356.6709509774057,247.125,10.0,55.0,36.0,30.5,42.0,37,60.0,42.25,0,7
2024,5,19,Beverages,Tata,Tata Coffee,42,6491.336238870327,1207.4548173314295,256.6,21.0,10.0,55.0,32.0,52.0,37,36.0,40.125,0,7
2024,5,20,Beverages,Tata,Tata Coffee,52,6468.369816017753,1419.1213097310238,255.11111111111111,42.0,21.0,10.0,31.25,43.0,37,55.0,42.625,0,7
2024,5,21,Beverages,Tata,Tata Coffee,43,5338.927919366833,1088.1751025109645,296.53333333333336,52.0,42.0,21.0,39.5,37.0,37,10.0,39.875,0,7
2024,5,22,Beverages,Tata,Tata Coffee,37,4620.8303224954,989.8669471740292,254.08333333333334,43.0,52.0,42.0,43.5,2.0,37,21.0,37.0,0,7
2024,6,22,Beverages,Tata,Tata Coffee,2,192.38062534761227,46.143467783655765,339.5,37.0,43.0,52.0,33.5,63.0,37,42.0,32.75,0,7
2024,6,23,Beverages,Tata,Tata Coffee,63,8432.459341443984,1934.9492243166044,323.90909090909093,2.0,37.0,43.0,36.25,37.0,37,52.0,33.75,0,7
2024,6,24,Beverages,Tata,Tata Coffee,37,4520.563805597453,946.2794548260997,265.25,63.0,2.0,37.0,34.75,59.0,37,43.0,37.125,0,7
2024,6,25,Beverages,Tata,Tata Coffee,59,6957.782172061289,1185.110148674896,259.10526315789474,37.0,63.0,2.0,40.25,36.0,37,37.0,41.875,0,7
2024,6,26,Beverages,Tata,Tata Coffee,36,4309.728914441792,851.8924718034488,273.1,59.0,37.0,63.0,48.75,53.0,37,2.0,41.125,0,7
2024,7,27,Beverages,Tata,Tata Coffee,53,7275.369046103462,1525.9290691083545,257.7894736842105,36.0,59.0,37.0,46.25,38.0,37,63.0,41.25,0,7
2024,7,28,Beverages,Tata,Tata Coffee,38,5618.2993346591065,1395.7424370520512,243.25,53.0,36.0,59.0,46.5,53.0,37,37.0,40.625,0,7
2024,7,29,Beverages,Tata,Tata Coffee,53,6978.064704859195,1216.1603407722007,243.76470588235293,38.0,53.0,36.0,45.0,41.0,37,59.0,42.625,0,7
2024,7,30,Beverages,Tata,Tata Coffee,41,5074.465611107774,1179.0037715905778,252.07142857142858,53.0,38.0,53.0,46.25,18.0,37,36.0,47.5,0,7
2024,7,31,Beverages,Tata,Tata Coffee,18,2974.88266952747,591.6965385888763,325.1666666666667,41.0,53.0,38.0,37.5,18.0,37,53.0,41.875,0,7
2024,8,31,Beverages,Tata,Tata Coffee,18,1365.5155521531112,275.40704532063353,293.42857142857144,18.0,41.0,53.0,32.5,56.0,37,38.0,39.5,0,7
2024,8,32,Beverages,Tata,Tata Coffee,56,6509.973695403858,1115.5709527433364,309.0,18.0,18.0,41.0,33.25,34.0,37,53.0,39.125,0,7
2024,8,33,Beverages,Tata,Tata Coffee,34,4489.094190504528,882.7685689928085,265.09090909090907,56.0,18.0,18.0,31.5,51.0,37,41.0,38.875,0,7
2024,8,34,Beverages,Tata,Tata Coffee,51,6890.124928602282,1619.866403317653,306.42857142857144,34.0,56.0,18.0,39.75,26.0,37,18.0,38.625,0,7
2024,8,35,Beverages,Tata,Tata Coffee,26,3641.4700267474423,608.3468724658733,314.7,51.0,34.0,56.0,41.75,14.0,37,18.0,37.125,0,7
2024,9,35,Beverages,Tata,Tata Coffee,14,3130.1049759718826,527.0281625013605,229.5,26.0,51.0,34.0,31.25,46.0,37,56.0,32.25,0,7
2024,9,36,Beverages,Tata,Tata Coffee,46,4467.392390274092,863.6083085966775,239.14285714285714,14.0,26.0,51.0,34.25,46.0,37,34.0,32.875,0,7
2024,9,37,Beverages,Tata,Tata Coffee,46,6667.07763139802,1158.2593198651123,256.75,46.0,14.0,26.0,33.0,48.0,37,51.0,36.375,0,7
2024,9,38,Beverages,Tata,Tata Coffee,48,6949.644167319816,1557.354621243889,308.5625,46.0,46.0,14.0,38.5,33.0,37,26.0,40.125,0,7
2024,9,39,Beverages,Tata,Tata Coffee,33,3538.4308873202344,732.8940213080143,243.16666666666666,48.0,46.0,46.0,43.25,10.0,37,14.0,37.25,0,7
2024,9,40,Beverages,Tata,Tata Coffee,10,1552.8276551092065,265.8177717421114,254.0,33.0,48.0,46.0,34.25,39.0,37,46.0,34.25,0,7
2024,10,40,Beverages,Tata,Tata Coffee,39,4833.101120442102,854.4750100353901,294.84615384615387,10.0,33.0,48.0,32.5,55.0,37,46.0,32.75,0,7
2024,10,41,Beverages,Tata,Tata Coffee,55,7868.283705791998,1496.0334901492959,280.0,39.0,10.0,33.0,34.25,22.0,37,48.0,36.375,0,7
2024,10,42,Beverages,Tata,Tata Coffee,22,3218.514661498831,647.111698993009,303.5,55.0,39.0,10.0,31.5,58.0,37,33.0,37.375,0,7
2024,10,43,Beverages,Tata,Tata Coffee,58,7553.624655100498,1666.5760461804098,274.90909090909093,22.0,55.0,39.0,43.5,38.0,37,10.0,38.875,0,7
2024,10,44,Beverages,Tata,Tata Coffee,38,4051.542898711514,832.4961856768599,235.9090909090909,58.0,22.0,55.0,43.25,24.0,37,39.0,37.875,0,7
2024,11,44,Beverages,Tata,Tata Coffee,24,3770.3399879326116,857.4191402438008,268.6666666666667,38.0,58.0,22.0,35.5,44.0,37,55.0,34.875,0,7
2024,11,45,Beverages,Tata,Tata Coffee,44,5953.662255713646,1164.5891066086642,249.08333333333334,24.0,38.0,58.0,41.0,40.0,37,22.0,36.25,0,7
2024,11,46,Beverages,Tata,Tata Coffee,40,5868.861647692619,1328.8077232450587,246.53846153846155,44.0,24.0,38.0,36.5,47.0,37,58.0,40.0,0,7
2024,11,47,Beverages,Tata,Tata Coffee,47,7226.799322858524,1190.898955290488,310.1764705882353,40.0,44.0,24.0,38.75,40.0,37,38.0,41.0,0,7
2024,11,48,Beverages,Tata,Tata Coffee,40,5192.642285826636,858.3457362908438,282.8125,47.0,40.0,44.0,42.75,7.0,37,24.0,39.125,0,7
2024,12,48,Beverages,Tata,Tata Coffee,7,624.9888832570646,140.75979401020837,202.0,40.0,47.0,40.0,33.5,44.0,37,44.0,37.25,0,7
2024,12,49,Beverages,Tata,Tata Coffee,44,5109.643489367589,785.8188735530853,274.0833333333333,7.0,40.0,47.0,34.5,45.0,37,40.0,35.5,0,7
2024,12,50,Beverages,Tata,Tata Coffee,45,6794.26530440594,1400.2852136348565,281.2631578947368,44.0,7.0,40.0,34.0,39.0,37,47.0,36.375,0,7
2024,12,51,Beverages,Tata,Tata Coffee,39,5009.336981294546,942.2725396423419,291.5625,45.0,44.0,7.0,33.75,42.0,37,40.0,38.25,0,7
2024,3,9,Grocery,Tata,Tata Rice,9,811.3198371454209,91.05000091428163,404.3333333333333,16.0,30.0,33.0,22.0,24.0,38,27.0,20.625,3,7
2024,3,10,Grocery,Tata,Tata Rice,24,3276.0436553326545,735.1093113688262,364.75,9.0,16.0,30.0,19.75,35.0,38,33.0,20.75,3,7
2024,3,11,Grocery,Tata,Tata Rice,35,4605.41466635661,796.1808529928534,291.15384615384613,24.0,9.0,16.0,21.0,15.0,38,30.0,24.375,3,7
2024,3,12,Grocery,Tata,Tata Rice,15,2057.777425267466,447.94803349621094,305.1666666666667,35.0,24.0,9.0,20.75,36.0,38,16.0,23.625,3,7
2024,3,13,Grocery,Tata,Tata Rice,36,4343.737636296727,849.0477160926571,269.6,15.0,35.0,24.0,27.5,15.0,38,9.0,24.75,3,7
2024,4,14,Grocery,Tata,Tata Rice,15,2356.186303389165,467.933683447746,230.5,36.0,15.0,35.0,25.25,18.0,38,24.0,22.5,3,7
2024,4,15,Grocery,Tata,Tata Rice,18,2688.8585992689063,486.7682652661723,357.8,15.0,36.0,15.0,21.0,43.0,38,35.0,21.0,3,7
2024,4,16,Grocery,Tata,Tata Rice,43,6358.622643517956,1313.8001657090504,295.9166666666667,18.0,15.0,36.0,28.0,30.0,38,15.0,24.375,3,7
2024,4,17,Grocery,Tata,Tata Rice,30,4359.932690149237,1059.2802368364487,271.375,43.0,18.0,15.0,26.5,8.0,38,36.0,27.0,3,7
2024,4,18,Grocery,Tata,Tata Rice,8,1067.9765310598498,146.16989186666078,424.3333333333333,30.0,43.0,18.0,24.75,17.0,38,15.0,25.0,3,7
2024,5,18,Grocery,Tata,Tata Rice,17,2163.07685823901,368.3179231405476,225.85714285714286,8.0,30.0,43.0,24.5,17.0,38,18.0,22.75,3,7
2024,5,19,Grocery,Tata,Tata Rice,17,2816.35157329233,464.65291319034793,194.0,17.0,8.0,30.0,18.0,29.0,38,43.0,23.0,3,7
2024,5,20,Grocery,Tata,Tata Rice,29,4623.77557815873,945.7401350588299,332.375,17.0,17.0,8.0,17.75,30.0,38,30.0,22.125,3,7
2024,5,21,Grocery,Tata,Tata Rice,30,3777.810544822484,849.1779191029061,266.6363636363636,29.0,17.0,17.0,23.25,24.0,38,8.0,24.0,3,7
2024,5,22,Grocery,Tata,Tata Rice,24,2947.297203130604,533.8889215383806,209.0,30.0,29.0,17.0,25.0,6.0,38,17.0,24.75,3,7
2024,6,22,Grocery,Tata,Tata Rice,6,1024.9356999579113,229.85869700996452,192.0,24.0,30.0,29.0,22.25,27.0,38,17.0,20.125,3,7
2024,6,23,Grocery,Tata,Tata Rice,27,4171.286571712454,933.0773011661572,252.72727272727272,6.0,24.0,30.0,21.75,25.0,38,29.0,19.75,3,7
2024,6,24,Grocery,Tata,Tata Rice,25,2403.6277444976367,367.5464472561722,290.5,27.0,6.0,24.0,20.5,27.0,38,30.0,21.875,3,7
2024,6,25,Grocery,Tata,Tata Rice,27,3880.94014478782,677.0628185779431,266.1818181818182,25.0,27.0,6.0,21.25,17.0,38,24.0,23.125,3,7
2024,6,26,Grocery,Tata,Tata Rice,17,1674.4908595823795,251.1804399232774,193.6,27.0,25.0,27.0,24.0,41.0,38,6.0,23.125,3,7
2024,7,27,Grocery,Tata,Tata Rice,41,5264.936225394589,729.1978593659309,321.0,17.0,27.0,25.0,27.5,24.0,38,27.0,24.625,3,7
2024,7,28,Grocery,Tata,Tata Rice,24,1831.947047210824,362.81761536992224,234.88888888888889,41.0,17.0,27.0,27.25,23.0,38,25.0,23.875,3,7
2024,7,29,Grocery,Tata,Tata Rice,23,3352.7051687273256,572.3053361522477,254.875,24.0,41.0,17.0,26.25,25.0,38,27.0,23.75,3,7
2024,7,30,Grocery,Tata,Tata Rice,25,2637.7077347738727,438.54581355870164,223.44444444444446,23.0,24.0,41.0,28.25,8.0,38,17.0,26.125,3,7
2024,7,31,Grocery,Tata,Tata Rice,8,785.7833008545429,50.044346383681784,251.5,25.0,23.0,24.0,20.0,43.0,38,41.0,23.75,3,7
2024,8,31,Grocery,Tata,Tata Rice,43,7390.798991051144,1502.4573541820732,293.6923076923077,8.0,25.0,23.0,24.75,43.0,38,24.0,26.0,3,7
2024,8,32,Grocery,Tata,Tata Rice,43,6081.372992631824,1103.5696299153728,325.85714285714283,43.0,8.0,25.0,29.75,29.0,38,23.0,28.0,3,7
2024,8,33,Grocery,Tata,Tata Rice,29,4427.783001511051,709.1232838852586,263.0,43.0,43.0,8.0,30.75,32.0,38,25.0,29.5,3,7
2024,8,34,Grocery,Tata,Tata Rice,32,3398.782329616002,621.1950186996663,276.5,29.0,43.0,43.0,36.75,45.0,38,8.0,28.375,3,7
2024,8,35,Grocery,Tata,Tata Rice,45,6524.365838408341,1406.8100232320314,260.2857142857143,32.0,29.0,43.0,37.25,7.0,38,43.0,31.0,3,7
2024,9,35,Grocery,Tata,Tata Rice,7,1196.7444786604954,266.4946799189062,179.0,45.0,32.0,29.0,28.25,23.0,38,43.0,29.0,3,7
2024,9,36,Grocery,Tata,Tata Rice,23,4182.587198968795,1000.202956288912,331.375,7.0,45.0,32.0,26.75,17.0,38,29.0,28.75,3,7
2024,9,37,Grocery,Tata,Tata Rice,17,2398.6782220073965,320.1608787814313,258.0,23.0,7.0,45.0,23.0,40.0,38,32.0,29.875,3,7
2024,9,38,Grocery,Tata,Tata Rice,40,4750.946103003527,869.7024832139739,265.3333333333333,17.0,23.0,7.0,21.75,45.0,38,45.0,29.5,3,7
2024,9,39,Grocery,Tata,Tata Rice,45,5543.53628542887,1042.7649673280296,275.07142857142856,40.0,17.0,23.0,31.25,18.0,38,7.0,29.75,3,7
2024,9,40,Grocery,Tata,Tata Rice,18,2962.8240033472343,565.1820517909787,213.0,45.0,40.0,17.0,30.0,16.0,38,23.0,28.375,3,7
2024,10,40,Grocery,Tata,Tata Rice,16,2710.411596256351,659.5720035870305,317.42857142857144,18.0,45.0,40.0,29.75,28.0,38,17.0,26.375,3,7
2024,10,41,Grocery,Tata,Tata Rice,28,3941.685524130578,739.3821756527908,301.90909090909093,16.0,18.0,45.0,26.75,21.0,38,40.0,24.25,3,7
2024,10,42,Grocery,Tata,Tata Rice,21,3592.3403312327987,777.3798001803203,257.0,28.0,16.0,18.0,20.75,32.0,38,45.0,26.0,3,7
2024,10,43,Grocery,Tata,Tata Rice,32,4307.295948256163,836.5801227422024,256.6666666666667,21.0,28.0,16.0,24.25,22.0,38,18.0,27.125,3,7
2024,10,44,Grocery,Tata,Tata Rice,22,3603.373504436175,773.1946763088587,205.14285714285714,32.0,21.0,28.0,25.75,17.0,38,16.0,27.75,3,7
2024,11,44,Grocery,Tata,Tata Rice,17,2589.6168715097483,586.5226480208532,251.33333333333334,22.0,32.0,21.0,23.0,31.0,38,28.0,24.875,3,7
2024,11,45,Grocery,Tata,Tata Rice,31,4089.6360332341383,886.5217386683523,255.1818181818182,17.0,22.0,32.0,25.5,33.0,38,21.0,23.125,3,7
2024,11,46,Grocery,Tata,Tata Rice,33,4896.133464831317,1233.7713446184341,302.5,31.0,17.0,22.0,25.75,43.0,38,32.0,25.0,3,7
2024,11,47,Grocery,Tata,Tata Rice,43,6960.248365229554,1511.5047658283977,288.46153846153845,33.0,31.0,17.0,31.0,26.0,38,22.0,28.375,3,7
2024,11,48,Grocery,Tata,Tata Rice,26,3445.008787397015,646.9589593410709,248.625,43.0,33.0,31.0,33.25,3.0,38,17.0,28.125,3,7
2024,12,48,Grocery,Tata,Tata Rice,3,702.6948066515774,122.95874533409619,295.0,26.0,43.0,33.0,26.25,41.0,38,31.0,25.875,3,7
2024,12,49,Grocery,Tata,Tata Rice,41,4588.104210490103,972.9939393594632,330.9230769230769,3.0,26.0,43.0,28.25,15.0,38,33.0,27.0,3,7
2024,12,50,Grocery,Tata,Tata Rice,15,1293.2021044542698,217.584581443314,239.28571428571428,41.0,3.0,26.0,21.25,30.0,38,43.0,26.125,3,7
2024,12,51,Grocery,Tata,Tata Rice,30,4717.888666580858,936.2944064027706,245.625,15.0,41.0,3.0,22.25,27.0,38,26.0,27.75,3,7
2024,2,9,Grocery,Tata,Tata Salt,24,2761.0538281837257,544.8684392129737,372.6666666666667,39.0,13.0,37.0,28.25,18.0,39,13.0,26.625,3,7
2024,3,9,Grocery,Tata,Tata Salt,18,2129.3447894979927,460.092785472828,277.375,24.0,39.0,13.0,23.5,37.0,39,37.0,23.625,3,7
2024,3,10,Grocery,Tata,Tata Salt,37,4327.287552109279,937.7192703366301,270.2307692307692,18.0,24.0,39.0,29.5,20.0,39,13.0,23.875,3,7
2024,3,11,Grocery,Tata,Tata Salt,20,2865.8746866278993,504.24731875134256,228.85714285714286,37.0,18.0,24.0,24.75,17.0,39,39.0,25.125,3,7
2024,3,12,Grocery,Tata,Tata Salt,17,2490.1027087542116,556.9030165488055,343.5,20.0,37.0,18.0,23.0,42.0,39,24.0,25.625,3,7
2024,3,13,Grocery,Tata,Tata Salt,42,5448.932662502205,1150.2254879872264,248.42857142857142,17.0,20.0,37.0,29.0,21.0,39,18.0,26.25,3,7
2024,4,14,Grocery,Tata,Tata Salt,21,3718.8419379808442,733.7305781106536,313.0,42.0,17.0,20.0,25.0,20.0,39,37.0,27.25,3,7
2024,4,15,Grocery,Tata,Tata Salt,20,2990.384734154067,604.0711699583543,331.1,21.0,42.0,17.0,25.0,24.0,39,20.0,24.875,3,7
2024,4,16,Grocery,Tata,Tata Salt,24,3069.5374722353,719.4205162077112,234.77777777777777,20.0,21.0,42.0,26.75,27.0,39,17.0,24.875,3,7
2024,4,17,Grocery,Tata,Tata Salt,27,3676.178399954216,742.1402583809744,283.9166666666667,24.0,20.0,21.0,23.0,4.0,39,42.0,26.0,3,7
2024,4,18,Grocery,Tata,Tata Salt,4,512.4898649220117,123.97724206985725,178.5,27.0,24.0,20.0,18.75,17.0,39,21.0,21.875,3,7
2024,5,18,Grocery,Tata,Tata Salt,17,2006.4828145635624,287.16293675014845,196.0,4.0,27.0,24.0,18.0,9.0,39,20.0,21.5,3,7
2024,5,19,Grocery,Tata,Tata Salt,9,1620.351654148905,380.15316278469135,254.5,17.0,4.0,27.0,14.25,43.0,39,24.0,20.5,3,7
2024,5,20,Grocery,Tata,Tata Salt,43,7092.733478658748,1198.445712993404,314.0,9.0,17.0,4.0,18.25,20.0,39,27.0,20.625,3,7
2024,5,21,Grocery,Tata,Tata Salt,20,3485.0491075576642,791.4377752031749,344.375,43.0,9.0,17.0,22.25,11.0,39,4.0,20.5,3,7
2024,5,22,Grocery,Tata,Tata Salt,11,1697.3761449612216,397.58736955209787,253.8,20.0,43.0,9.0,20.75,5.0,39,17.0,19.375,3,7
2024,6,22,Grocery,Tata,Tata Salt,5,846.6533307991466,237.16721767487059,148.0,11.0,20.0,43.0,19.75,30.0,39,9.0,17.0,3,7
2024,6,23,Grocery,Tata,Tata Salt,30,3681.9407436921506,764.9941912260979,292.6666666666667,5.0,11.0,20.0,16.5,33.0,39,43.0,17.375,3,7
2024,6,24,Grocery,Tata,Tata Salt,33,4952.302693114989,912.4403987590912,313.8181818181818,30.0,5.0,11.0,19.75,24.0,39,20.0,21.0,3,7
2024,6,25,Grocery,Tata,Tata Salt,24,3830.1947449580357,751.8363352314249,174.375,33.0,30.0,5.0,23.0,19.0,39,11.0,21.875,3,7
2024,6,26,Grocery,Tata,Tata Salt,19,1829.2188249842766,364.67051809558876,361.625,24.0,33.0,30.0,26.5,42.0,39,5.0,23.125,3,7
2024,7,27,Grocery,Tata,Tata Salt,42,4748.613493323385,1013.2204187225296,201.9090909090909,19.0,24.0,33.0,29.5,26.0,39,30.0,23.0,3,7
2024,7,28,Grocery,Tata,Tata Salt,26,3304.110120020278,543.0244032575836,246.75,42.0,19.0,24.0,27.75,24.0,39,33.0,23.75,3,7
2024,7,29,Grocery,Tata,Tata Salt,24,3985.2085606527116,822.8702651944664,287.5,26.0,42.0,19.0,27.75,18.0,39,24.0,25.375,3,7
2024,7,30,Grocery,Tata,Tata Salt,18,2236.133978970019,294.8775840635569,275.22222222222223,24.0,26.0,42.0,27.5,10.0,39,19.0,27.0,3,7
2024,7,31,Grocery,Tata,Tata Salt,10,1513.0828390759145,418.09110722363505,175.66666666666666,18.0,24.0,26.0,19.5,22.0,39,42.0,24.5,3,7
2024,8,31,Grocery,Tata,Tata Salt,22,3094.8713889850465,638.9016728352718,308.42857142857144,10.0,18.0,24.0,18.5,43.0,39,26.0,23.125,3,7
2024,8,32,Grocery,Tata,Tata Salt,43,5664.124005925548,1172.7360576551807,287.8333333333333,22.0,10.0,18.0,23.25,14.0,39,24.0,25.5,3,7
2024,8,33,Grocery,Tata,Tata Salt,14,2195.998562208164,538.1064737988015,388.75,43.0,22.0,10.0,22.25,28.0,39,18.0,24.875,3,7
2024,8,34,Grocery,Tata,Tata Salt,28,3354.5767221609294,575.523430770799,357.22222222222223,14.0,43.0,22.0,26.75,25.0,39,10.0,23.125,3,7
2024,8,35,Grocery,Tata,Tata Salt,25,2268.2505530498506,425.58780224241497,269.7142857142857,28.0,14.0,43.0,27.5,48.0,39,22.0,23.0,3,7
2024,9,36,Grocery,Tata,Tata Salt,48,5064.89506776449,946.8572674991583,331.375,25.0,28.0,14.0,28.75,33.0,39,43.0,26.0,3,7
2024,9,37,Grocery,Tata,Tata Salt,33,4373.818384691162,916.6676014835323,268.54545454545456,48.0,25.0,28.0,33.5,30.0,39,14.0,27.875,3,7
2024,9,38,Grocery,Tata,Tata Salt,30,4482.079254382368,1021.3603062966821,166.2,33.0,48.0,25.0,34.0,40.0,39,28.0,30.375,3,7
2024,9,39,Grocery,Tata,Tata Salt,40,5052.766986930034,1079.8806121867187,308.38461538461536,30.0,33.0,48.0,37.75,6.0,39,25.0,32.625,3,7
2024,9,40,Grocery,Tata,Tata Salt,6,724.4244772353956,171.02070931089423,313.5,40.0,30.0,33.0,27.25,24.0,39,48.0,28.0,3,7
2024,10,40,Grocery,Tata,Tata Salt,24,3622.688774549541,711.7258650505462,248.125,6.0,40.0,30.0,25.0,17.0,39,33.0,29.25,3,7
2024,10,41,Grocery,Tata,Tata Salt,17,1687.5927596722838,397.6769416710236,255.5,24.0,6.0,40.0,21.75,61.0,39,30.0,27.875,3,7
2024,10,42,Grocery,Tata,Tata Salt,61,6381.68897349536,1136.9721034508866,287.6842105263158,17.0,24.0,6.0,27.0,34.0,39,40.0,32.375,3,7
2024,10,43,Grocery,Tata,Tata Salt,34,4041.09498298461,851.0573978313578,261.4166666666667,61.0,17.0,24.0,34.0,15.0,39,6.0,30.625,3,7
2024,10,44,Grocery,Tata,Tata Salt,15,2198.1917096141474,401.09796169694005,360.6666666666667,34.0,61.0,17.0,31.75,21.0,39,24.0,28.375,3,7
2024,11,44,Grocery,Tata,Tata Salt,21,3483.6194053224003,909.4738778443651,283.8333333333333,15.0,34.0,61.0,32.75,33.0,39,17.0,27.25,3,7
2024,11,45,Grocery,Tata,Tata Salt,33,4556.9959886899305,1172.5862123396523,324.72727272727275,21.0,15.0,34.0,25.75,24.0,39,61.0,26.375,3,7
2024,11,46,Grocery,Tata,Tata Salt,24,3380.8652430027273,813.3730052832443,310.75,33.0,21.0,15.0,23.25,17.0,39,34.0,28.625,3,7
2024,11,47,Grocery,Tata,Tata Salt,17,2712.5913094900534,606.1073603882969,201.42857142857142,24.0,33.0,21.0,23.75,27.0,39,15.0,27.75,3,7
2024,11,48,Grocery,Tata,Tata Salt,27,3720.951093523891,799.9976722723102,286.6666666666667,17.0,24.0,33.0,25.25,9.0,39,21.0,29.0,3,7
2024,12,48,Grocery,Tata,Tata Salt,9,2119.232514088638,462.1804550381793,290.0,27.0,17.0,24.0,19.25,26.0,39,33.0,22.5,3,7
2024,12,49,Grocery,Tata,Tata Salt,26,4253.235663772648,931.0385902032342,204.875,9.0,27.0,17.0,19.75,18.0,39,24.0,21.5,3,7
2024,12,50,Grocery,Tata,Tata Salt,18,1538.5833852244323,273.98096077979943,333.6,26.0,9.0,27.0,20.0,25.0,39,17.0,21.875,3,7
2024,12,51,Grocery,Tata,Tata Salt,25,3110.5449385250386,842.0963548873491,290.5,18.0,26.0,9.0,19.5,16.0,39,27.0,22.375,3,7
2024,2,9,Grocery,Tata,Tata Sampann Dal,20,3226.4469777888116,775.3898477949667,360.7142857142857,37.0,26.0,34.0,29.25,5.0,40,23.0,26.375,3,7
2024,3,9,Grocery,Tata,Tata Sampann Dal,5,1000.9521265496452,140.29817373767665,460.5,20.0,37.0,26.0,22.0,18.0,40,34.0,25.25,3,7
2024,3,10,Grocery,Tata,Tata Sampann Dal,18,2099.462966438919,419.81931500178774,281.0,5.0,20.0,37.0,20.0,18.0,40,26.0,22.125,3,7
2024,3,11,Grocery,Tata,Tata Sampann Dal,18,1930.8261387072544,443.0569305937137,266.0,18.0,5.0,20.0,15.25,43.0,40,37.0,22.625,3,7
2024,3,12,Grocery,Tata,Tata Sampann Dal,43,4886.844798317726,1082.4368066221327,256.125,18.0,18.0,5.0,21.0,21.0,40,20.0,25.125,3,7
2024,3,13,Grocery,Tata,Tata Sampann Dal,21,2057.7431403479973,522.4726883176008,193.125,43.0,18.0,18.0,25.0,46.0,40,5.0,23.5,3,7
2024,4,14,Grocery,Tata,Tata Sampann Dal,46,5823.693351503044,1215.1175741910097,297.0,21.0,43.0,18.0,32.0,42.0,40,18.0,26.0,3,7
2024,4,15,Grocery,Tata,Tata Sampann Dal,42,5575.5047297696165,1452.2051653862854,245.33333333333334,46.0,21.0,43.0,38.0,25.0,40,18.0,26.625,3,7
2024,4,16,Grocery,Tata,Tata Sampann Dal,25,3015.429477800134,674.8654230070205,235.8181818181818,42.0,46.0,21.0,33.5,33.0,40,43.0,27.25,3,7
2024,4,17,Grocery,Tata,Tata Sampann Dal,33,3181.6703470861676,434.3463504146315,254.41666666666666,25.0,42.0,46.0,36.5,2.0,40,21.0,30.75,3,7
2024,4,18,Grocery,Tata,Tata Sampann Dal,2,354.80954407425077,97.98143944207844,139.5,33.0,25.0,42.0,25.5,6.0,40,46.0,28.75,3,7
2024,5,18,Grocery,Tata,Tata Sampann Dal,6,626.363048039887,185.93712278103138,290.0,2.0,33.0,25.0,16.5,35.0,40,42.0,27.25,3,7
2024,5,19,Grocery,Tata,Tata Sampann Dal,35,4414.25667247005,756.4614614124632,309.0,6.0,2.0,33.0,19.0,19.0,40,25.0,26.25,3,7
2024,5,20,Grocery,Tata,Tata Sampann Dal,19,2679.918849490591,343.7713235958036,361.8333333333333,35.0,6.0,2.0,15.5,40.0,40,33.0,26.0,3,7
2024,5,21,Grocery,Tata,Tata Sampann Dal,40,5628.150025436382,996.596984582687,245.71428571428572,19.0,35.0,6.0,25.0,22.0,40,2.0,25.25,3,7
2024,5,22,Grocery,Tata,Tata Sampann Dal,22,2565.850045196621,632.7112370297953,199.71428571428572,40.0,19.0,35.0,29.0,9.0,40,6.0,22.75,3,7
2024,6,22,Grocery,Tata,Tata Sampann Dal,9,1117.6929804084473,195.7969934383599,337.6666666666667,22.0,40.0,19.0,22.5,34.0,40,35.0,20.75,3,7
2024,6,23,Grocery,Tata,Tata Sampann Dal,34,4578.825609541853,1029.9241063100064,226.0,9.0,22.0,40.0,26.25,13.0,40,19.0,20.875,3,7
2024,6,24,Grocery,Tata,Tata Sampann Dal,13,1232.0994518520818,215.30540104105881,365.6666666666667,34.0,9.0,22.0,19.5,21.0,40,40.0,22.25,3,7
2024,6,25,Grocery,Tata,Tata Sampann Dal,21,3182.1412449889713,672.9208714106262,229.9090909090909,13.0,34.0,9.0,19.25,47.0,40,22.0,24.125,3,7
2024,6,26,Grocery,Tata,Tata Sampann Dal,47,7118.176035871969,1452.297582532755,301.0,21.0,13.0,34.0,28.75,30.0,40,9.0,25.625,3,7
2024,7,27,Grocery,Tata,Tata Sampann Dal,30,3521.391909537549,792.221322986739,249.7,47.0,21.0,13.0,27.75,43.0,40,34.0,27.0,3,7
2024,7,28,Grocery,Tata,Tata Sampann Dal,43,7904.464624243115,1664.445611737462,322.2307692307692,30.0,47.0,21.0,35.25,33.0,40,13.0,27.375,3,7
2024,7,29,Grocery,Tata,Tata Sampann Dal,33,4047.5028161423734,1038.8719262055806,253.9090909090909,43.0,30.0,47.0,38.25,30.0,40,21.0,28.75,3,7
2024,7,30,Grocery,Tata,Tata Sampann Dal,30,3803.20372258497,698.4185725942334,326.5,33.0,43.0,30.0,34.0,16.0,40,47.0,31.375,3,7
2024,7,31,Grocery,Tata,Tata Sampann Dal,16,1970.4037016015302,311.4298065640655,151.0,30.0,33.0,43.0,30.5,7.0,40,30.0,29.125,3,7
2024,8,31,Grocery,Tata,Tata Sampann Dal,7,1309.6082392164096,273.96604537760504,299.0,16.0,30.0,33.0,21.5,20.0,40,43.0,28.375,3,7
2024,8,32,Grocery,Tata,Tata Sampann Dal,20,3327.9786043538584,664.8773040937904,382.8333333333333,7.0,16.0,30.0,18.25,39.0,40,33.0,28.25,3,7
2024,8,33,Grocery,Tata,Tata Sampann Dal,39,6873.86483256517,1522.8077849918122,299.9230769230769,20.0,7.0,16.0,20.5,23.0,40,30.0,27.25,3,7
2024,8,34,Grocery,Tata,Tata Sampann Dal,23,2555.8171324235223,388.5953504314185,276.14285714285717,39.0,20.0,7.0,22.25,19.0,40,16.0,26.375,3,7
2024,8,35,Grocery,Tata,Tata Sampann Dal,19,3072.276379042529,579.6490309177171,261.0,23.0,39.0,20.0,25.25,20.0,40,7.0,23.375,3,7
2024,9,35,Grocery,Tata,Tata Sampann Dal,20,2544.987577947076,354.8349433216546,123.2,19.0,23.0,39.0,25.25,22.0,40,20.0,21.75,3,7
2024,9,36,Grocery,Tata,Tata Sampann Dal,22,1941.31807698753,484.3605759323921,238.66666666666666,20.0,19.0,23.0,21.0,47.0,40,39.0,20.75,3,7
2024,9,37,Grocery,Tata,Tata Sampann Dal,47,6435.38845539749,1420.7346243128557,320.1333333333333,22.0,20.0,19.0,27.0,17.0,40,23.0,24.625,3,7
2024,9,38,Grocery,Tata,Tata Sampann Dal,17,2157.6151350816035,406.86818708618955,312.5,47.0,22.0,20.0,26.5,31.0,40,19.0,25.875,3,7
2024,9,39,Grocery,Tata,Tata Sampann Dal,31,3413.5572949178963,662.1372138577459,179.54545454545453,17.0,47.0,22.0,29.25,4.0,40,20.0,27.25,3,7
2024,9,40,Grocery,Tata,Tata Sampann Dal,4,410.7635555190459,72.75746357145096,322.0,31.0,17.0,47.0,24.75,25.0,40,22.0,22.875,3,7
2024,10,40,Grocery,Tata,Tata Sampann Dal,25,2899.0221508550576,439.42614121797743,222.44444444444446,4.0,31.0,17.0,19.25,32.0,40,47.0,23.125,3,7
2024,10,41,Grocery,Tata,Tata Sampann Dal,32,5172.457194567169,867.0627410440089,251.9,25.0,4.0,31.0,23.0,36.0,40,17.0,24.75,3,7
2024,10,42,Grocery,Tata,Tata Sampann Dal,36,4735.2646042270335,783.0503322743535,283.38461538461536,32.0,25.0,4.0,24.25,43.0,40,31.0,26.75,3,7
2024,10,43,Grocery,Tata,Tata Sampann Dal,43,5552.724957499348,1084.7915835232454,360.2,36.0,32.0,25.0,34.0,14.0,40,4.0,29.375,3,7
2024,10,44,Grocery,Tata,Tata Sampann Dal,14,2461.5039383527765,530.9270959832879,256.3333333333333,43.0,36.0,32.0,31.25,21.0,40,25.0,25.25,3,7
2024,11,44,Grocery,Tata,Tata Sampann Dal,21,2162.3575576280923,323.2437312026489,348.375,14.0,43.0,36.0,28.5,19.0,40,32.0,25.75,3,7
2024,11,45,Grocery,Tata,Tata Sampann Dal,19,2881.637924928418,655.7172532412202,204.5,21.0,14.0,43.0,24.25,26.0,40,36.0,24.25,3,7
2024,11,46,Grocery,Tata,Tata Sampann Dal,26,3636.81506413503,708.7631509708776,214.0,19.0,21.0,14.0,20.0,23.0,40,43.0,27.0,3,7
2024,11,47,Grocery,Tata,Tata Sampann Dal,23,2362.5706918506403,432.6159687422396,261.0,26.0,19.0,21.0,22.25,11.0,40,14.0,26.75,3,7
2024,11,48,Grocery,Tata,Tata Sampann Dal,11,1635.1260164043492,178.08729959680426,290.4,23.0,26.0,19.0,19.75,6.0,40,21.0,24.125,3,7
2024,12,48,Grocery,Tata,Tata Sampann Dal,6,1058.580459294525,272.20108274517867,450.0,11.0,23.0,26.0,16.5,41.0,40,19.0,20.375,3,7
2024,12,49,Grocery,Tata,Tata Sampann Dal,41,7730.467643575978,1825.891288612339,274.0769230769231,6.0,11.0,23.0,20.25,21.0,40,26.0,20.125,3,7
2024,12,50,Grocery,Tata,Tata Sampann Dal,21,2395.2764816814697,551.8763478930413,303.6666666666667,41.0,6.0,11.0,19.75,17.0,40,23.0,21.0,3,7
2024,12,51,Grocery,Tata,Tata Sampann Dal,17,2075.7251661240484,395.49785897516347,255.4,21.0,41.0,6.0,21.25,36.0,40,11.0,20.5,3,7
2024,2,9,Beverages,Tata,Tata Tea,26,2411.359281544018,410.4801121623931,267.55555555555554,36.0,37.0,49.0,37.0,7.0,41,28.0,41.875,0,7
2024,3,9,Beverages,Tata,Tata Tea,7,524.2810275459094,131.59282817654145,276.0,26.0,36.0,37.0,26.5,39.0,41,49.0,37.25,0,7
2024,3,10,Beverages,Tata,Tata Tea,39,4007.324480064487,738.9365039149378,332.14285714285717,7.0,26.0,36.0,27.0,34.0,41,37.0,29.875,0,7
2024,3,11,Beverages,Tata,Tata Tea,34,3493.2293399995665,644.7873573155243,316.84615384615387,39.0,7.0,26.0,26.5,60.0,41,36.0,32.0,0,7
2024,3,12,Beverages,Tata,Tata Tea,60,7133.067376955252,1157.598994499152,286.05263157894734,34.0,39.0,7.0,35.0,34.0,41,26.0,36.0,0,7
2024,3,13,Beverages,Tata,Tata Tea,34,4502.839525025405,814.4044416344667,264.72727272727275,60.0,34.0,39.0,41.75,52.0,41,7.0,34.125,0,7
2024,4,14,Beverages,Tata,Tata Tea,52,7676.324598054801,1659.5797397551505,237.0625,34.0,60.0,34.0,45.0,26.0,41,39.0,36.0,0,7
2024,4,15,Beverages,Tata,Tata Tea,26,3410.1069397393567,765.2043538761866,246.0,52.0,34.0,60.0,43.0,45.0,41,34.0,34.75,0,7
2024,4,16,Beverages,Tata,Tata Tea,45,5483.47613795589,1239.9686947350228,290.3333333333333,26.0,52.0,34.0,39.25,76.0,41,60.0,37.125,0,7
2024,4,17,Beverages,Tata,Tata Tea,76,8762.478438876373,1775.0813224108656,276.77272727272725,45.0,26.0,52.0,49.75,21.0,41,34.0,45.75,0,7
2024,4,18,Beverages,Tata,Tata Tea,21,2894.373809421936,540.0187010867695,190.0,76.0,45.0,26.0,42.0,40.0,41,52.0,43.5,0,7
2024,5,18,Beverages,Tata,Tata Tea,40,4022.82211796882,922.4606102659452,269.0769230769231,21.0,76.0,45.0,45.5,48.0,41,26.0,44.25,0,7
2024,5,19,Beverages,Tata,Tata Tea,48,7581.449765691506,1492.8476339225433,302.15384615384613,40.0,21.0,76.0,46.25,40.0,41,45.0,42.75,0,7
2024,5,20,Beverages,Tata,Tata Tea,40,5189.727211149228,1142.3468746399149,244.5,48.0,40.0,21.0,37.25,22.0,41,76.0,43.5,0,7
2024,5,21,Beverages,Tata,Tata Tea,22,3097.1236440459043,701.8435138233212,302.25,40.0,48.0,40.0,37.5,32.0,41,21.0,39.75,0,7
2024,5,22,Beverages,Tata,Tata Tea,32,4328.077419075633,1028.9988934663434,278.6923076923077,22.0,40.0,48.0,35.5,15.0,41,40.0,40.5,0,7
2024,6,22,Beverages,Tata,Tata Tea,15,1111.1753399954318,206.50755509517197,255.2,32.0,22.0,40.0,27.25,34.0,41,48.0,36.75,0,7
2024,6,23,Beverages,Tata,Tata Tea,34,6150.5724243978675,1441.0005728936517,307.72727272727275,15.0,32.0,22.0,25.75,30.0,41,40.0,31.5,0,7
2024,6,24,Beverages,Tata,Tata Tea,30,3815.983901836568,769.941855748049,234.36363636363637,34.0,15.0,32.0,27.75,36.0,41,22.0,32.625,0,7
2024,6,25,Beverages,Tata,Tata Tea,36,3847.4813223125398,567.5294873015081,239.2,30.0,34.0,15.0,28.75,33.0,41,32.0,32.125,0,7
2024,6,26,Beverages,Tata,Tata Tea,33,4477.020415831911,554.0996719876581,232.92307692307693,36.0,30.0,34.0,33.25,34.0,41,15.0,30.25,0,7
2024,7,27,Beverages,Tata,Tata Tea,34,4303.1688762846115,814.8324304065446,238.15384615384616,33.0,36.0,30.0,33.25,38.0,41,34.0,29.5,0,7
2024,7,28,Beverages,Tata,Tata Tea,38,5717.610656558848,1281.759802110394,302.27272727272725,34.0,33.0,36.0,35.25,42.0,41,30.0,31.5,0,7
2024,7,29,Beverages,Tata,Tata Tea,42,6286.674056226793,1350.7800781763426,232.375,38.0,34.0,33.0,36.75,37.0,41,36.0,32.75,0,7
2024,7,30,Beverages,Tata,Tata Tea,37,3955.4795783498676,751.2989206366012,333.15384615384613,42.0,38.0,34.0,37.75,17.0,41,33.0,35.5,0,7
2024,7,31,Beverages,Tata,Tata Tea,17,2253.3513875642407,448.23596385340244,296.2,37.0,42.0,38.0,33.5,24.0,41,34.0,33.375,0,7
2024,8,31,Beverages,Tata,Tata Tea,24,3351.787020310458,538.5527157930724,239.625,17.0,37.0,42.0,30.0,59.0,41,38.0,32.625,0,7
2024,8,32,Beverages,Tata,Tata Tea,59,7750.070573168745,1403.57152882701,270.2105263157895,24.0,17.0,37.0,34.25,48.0,41,42.0,35.5,0,7
2024,8,33,Beverages,Tata,Tata Tea,48,7431.096444053769,1561.030795602395,254.11764705882354,59.0,24.0,17.0,37.0,46.0,41,37.0,37.375,0,7
2024,8,34,Beverages,Tata,Tata Tea,46,5454.921498228016,1258.4716219571726,290.42857142857144,48.0,59.0,24.0,44.25,45.0,41,17.0,38.875,0,7
2024,8,35,Beverages,Tata,Tata Tea,45,5267.8279863003745,1023.3793467055668,269.3076923076923,46.0,48.0,59.0,49.5,17.0,41,24.0,39.75,0,7
2024,9,36,Beverages,Tata,Tata Tea,17,2545.1701944392726,540.0034444269334,285.0,45.0,46.0,48.0,39.0,23.0,41,59.0,36.625,0,7
2024,9,37,Beverages,Tata,Tata Tea,23,2831.868568717786,479.177424090659,272.5,17.0,45.0,46.0,32.75,44.0,41,48.0,34.875,0,7
2024,9,38,Beverages,Tata,Tata Tea,44,6362.612854642839,1447.7860406878071,255.42857142857142,23.0,17.0,45.0,32.25,73.0,41,46.0,38.25,0,7
2024,9,39,Beverages,Tata,Tata Tea,73,7505.2729040910945,1728.149479662432,257.6818181818182,44.0,23.0,17.0,39.25,4.0,41,45.0,44.375,0,7
2024,9,40,Beverages,Tata,Tata Tea,4,213.629921996911,24.635846451211677,127.0,73.0,44.0,23.0,36.0,52.0,41,17.0,37.5,0,7
2024,10,40,Beverages,Tata,Tata Tea,52,7540.320059919566,1651.66692709564,322.6111111111111,4.0,73.0,44.0,43.25,43.0,41,23.0,38.0,0,7
2024,10,41,Beverages,Tata,Tata Tea,43,5984.903548398446,1131.2813590100554,316.1875,52.0,4.0,73.0,43.0,76.0,41,44.0,37.625,0,7
2024,10,42,Beverages,Tata,Tata Tea,76,12044.135266139343,2081.9279720926843,324.72727272727275,43.0,52.0,4.0,43.75,70.0,41,73.0,41.5,0,7
2024,10,43,Beverages,Tata,Tata Tea,70,9333.155707484188,2107.6699528096315,297.8,76.0,43.0,52.0,60.25,40.0,41,4.0,48.125,0,7
2024,10,44,Beverages,Tata,Tata Tea,40,4850.955894621582,576.181235919057,277.9230769230769,70.0,76.0,43.0,57.25,15.0,41,52.0,50.25,0,7
2024,11,44,Beverages,Tata,Tata Tea,15,1734.0227467778393,326.28868438925645,282.2,40.0,70.0,76.0,50.25,40.0,41,43.0,46.625,0,7
2024,11,45,Beverages,Tata,Tata Tea,40,6993.192004558487,1380.0880838893609,300.2307692307692,15.0,40.0,70.0,41.25,51.0,41,76.0,42.5,0,7
2024,11,46,Beverages,Tata,Tata Tea,51,6868.432887260223,1369.1412238881378,321.875,40.0,15.0,40.0,36.5,47.0,41,70.0,48.375,0,7
2024,11,47,Beverages,Tata,Tata Tea,47,4376.270640226151,886.3096136572797,262.5625,51.0,40.0,15.0,38.25,56.0,41,40.0,47.75,0,7
2024,11,48,Beverages,Tata,Tata Tea,56,7608.155209824963,1589.5315554911342,281.8125,47.0,51.0,40.0,48.5,7.0,41,15.0,49.375,0,7
2024,12,48,Beverages,Tata,Tata Tea,7,1107.338037475356,146.60025337092839,333.5,56.0,47.0,51.0,40.25,46.0,41,40.0,40.75,0,7
2024,12,49,Beverages,Tata,Tata Tea,46,5212.074090469206,1051.7634380718187,248.8,7.0,56.0,47.0,39.0,33.0,41,51.0,37.75,0,7
2024,12,50,Beverages,Tata,Tata Tea,33,3826.138755525375,665.4585334498006,263.64285714285717,46.0,7.0,56.0,35.5,56.0,41,47.0,36.875,0,7
2024,12,51,Beverages,Tata,Tata Tea,56,6803.412311377724,1433.3110018573584,259.1666666666667,33.0,46.0,7.0,35.5,47.0,41,56.0,42.0,0,7
2024,2,9,Vegetables,Tata,Tomato Pack,4,899.7279975643336,175.0808876185912,321.0,12.0,44.0,57.0,29.25,6.0,42,2.0,25.75,7,7
2024,3,9,Vegetables,Tata,Tomato Pack,6,949.1810501191039,234.12228490804182,286.0,4.0,12.0,44.0,16.5,26.0,42,57.0,22.75,7,7
2024,3,10,Vegetables,Tata,Tomato Pack,26,3382.3334143932307,527.1543250169449,221.44444444444446,6.0,4.0,12.0,12.0,26.0,42,44.0,20.25,7,7
2024,3,11,Vegetables,Tata,Tomato Pack,26,4610.883351604856,880.0457756105625,276.1666666666667,26.0,6.0,4.0,15.5,31.0,42,12.0,22.125,7,7
2024,3,12,Vegetables,Tata,Tomato Pack,31,3125.4274776199877,718.684510483362,209.54545454545453,26.0,26.0,6.0,22.25,12.0,42,4.0,25.75,7,7
2024,3,13,Vegetables,Tata,Tomato Pack,12,750.6115961574852,174.25008300279035,311.8,31.0,26.0,26.0,23.75,58.0,42,6.0,20.125,7,7
2024,4,14,Vegetables,Tata,Tomato Pack,58,6624.958224392477,1361.606188737731,279.88235294117646,12.0,31.0,26.0,31.75,29.0,42,26.0,21.875,7,7
2024,4,15,Vegetables,Tata,Tomato Pack,29,4192.81339759949,718.6627432884412,262.9166666666667,58.0,12.0,31.0,32.5,15.0,42,26.0,24.0,7,7
2024,4,16,Vegetables,Tata,Tomato Pack,15,2310.552924484995,581.0244036943698,274.375,29.0,58.0,12.0,28.5,21.0,42,31.0,25.375,7,7
2024,4,17,Vegetables,Tata,Tomato Pack,21,3741.9486314157775,770.0521135389121,221.66666666666666,15.0,29.0,58.0,30.75,8.0,42,12.0,27.25,7,7
2024,4,18,Vegetables,Tata,Tomato Pack,8,1345.3278057694897,221.85370165946958,306.3333333333333,21.0,15.0,29.0,18.25,17.0,42,58.0,25.0,7,7
2024,5,18,Vegetables,Tata,Tomato Pack,17,2249.5110831212282,547.7489771393556,335.375,8.0,21.0,15.0,15.25,28.0,42,29.0,23.875,7,7
2024,5,19,Vegetables,Tata,Tomato Pack,28,3056.885581865493,584.0226275845935,305.9,17.0,8.0,21.0,18.5,41.0,42,15.0,23.5,7,7
2024,5,20,Vegetables,Tata,Tomato Pack,41,5261.371930262062,1078.9478375726453,292.05882352941177,28.0,17.0,8.0,23.5,39.0,42,21.0,27.125,7,7
2024,5,21,Vegetables,Tata,Tomato Pack,39,4261.937127624198,768.1880188031784,290.38461538461536,41.0,28.0,17.0,31.25,18.0,42,8.0,24.75,7,7
2024,5,22,Vegetables,Tata,Tomato Pack,18,2203.7337532323454,529.562086447247,328.6666666666667,39.0,41.0,28.0,31.5,9.0,42,17.0,23.375,7,7
2024,6,22,Vegetables,Tata,Tomato Pack,9,240.60857970950252,24.150305398338485,377.3333333333333,18.0,39.0,41.0,26.75,21.0,42,28.0,22.625,7,7
2024,6,23,Vegetables,Tata,Tomato Pack,21,2659.851066780186,536.6390915911686,236.125,9.0,18.0,39.0,21.75,36.0,42,41.0,22.625,7,7
2024,6,24,Vegetables,Tata,Tomato Pack,36,4729.079708336852,856.3471250280866,333.8333333333333,21.0,9.0,18.0,21.0,39.0,42,39.0,26.125,7,7
2024,6,25,Vegetables,Tata,Tomato Pack,39,7413.587104154586,1820.41213115375,223.69230769230768,36.0,21.0,9.0,26.25,22.0,42,18.0,28.875,7,7
2024,6,26,Vegetables,Tata,Tomato Pack,22,3119.109061025762,657.0264299945245,260.0,39.0,36.0,21.0,29.5,33.0,42,9.0,28.125,7,7
2024,7,27,Vegetables,Tata,Tomato Pack,33,3063.25581606287,558.1040285562085,262.9,22.0,39.0,36.0,32.5,39.0,42,21.0,27.125,7,7
2024,7,28,Vegetables,Tata,Tomato Pack,39,5224.2602961329485,908.8586494663843,250.23076923076923,33.0,22.0,39.0,33.25,43.0,42,36.0,27.125,7,7
2024,7,29,Vegetables,Tata,Tomato Pack,43,5804.259810552325,1363.6663627132132,285.2142857142857,39.0,33.0,22.0,34.25,25.0,42,39.0,30.25,7,7
2024,7,30,Vegetables,Tata,Tomato Pack,25,3330.9459850239127,689.1582500968434,339.0,43.0,39.0,33.0,35.0,18.0,42,22.0,32.25,7,7
2024,7,31,Vegetables,Tata,Tomato Pack,18,3516.1003763035014,990.1880774698386,311.5,25.0,43.0,39.0,31.25,14.0,42,33.0,31.875,7,7
2024,8,31,Vegetables,Tata,Tomato Pack,14,1431.8828061980964,351.3782407045093,363.25,18.0,25.0,43.0,25.0,58.0,42,39.0,29.125,7,7
2024,8,32,Vegetables,Tata,Tomato Pack,58,6901.0328918119985,1304.8400427076076,313.8,14.0,18.0,25.0,28.75,29.0,42,43.0,31.5,7,7
2024,8,33,Vegetables,Tata,Tomato Pack,29,3138.3333561787404,438.35991931997887,279.44444444444446,58.0,14.0,18.0,29.75,34.0,42,25.0,32.375,7,7
2024,8,34,Vegetables,Tata,Tomato Pack,34,5953.13760262161,1320.2323611491124,250.1818181818182,29.0,58.0,14.0,33.75,15.0,42,18.0,32.5,7,7
2024,8,35,Vegetables,Tata,Tomato Pack,15,1869.5595868842124,390.8608682878984,235.66666666666666,34.0,29.0,58.0,34.0,7.0,42,14.0,29.5,7,7
2024,9,35,Vegetables,Tata,Tomato Pack,7,1232.3590842912101,198.2219275480729,138.66666666666666,15.0,34.0,29.0,21.25,37.0,42,58.0,25.0,7,7
2024,9,36,Vegetables,Tata,Tomato Pack,37,3695.9337044528834,649.2505821937675,289.5,7.0,15.0,34.0,23.25,27.0,42,29.0,26.5,7,7
2024,9,37,Vegetables,Tata,Tomato Pack,27,3705.3160074847046,765.0298059528889,269.7,37.0,7.0,15.0,21.5,28.0,42,34.0,27.625,7,7
2024,9,38,Vegetables,Tata,Tomato Pack,28,4045.386402753733,869.370080737592,204.9,27.0,37.0,7.0,24.75,26.0,42,15.0,29.375,7,7
2024,9,39,Vegetables,Tata,Tomato Pack,26,2868.1574028755135,630.6533951655889,288.1111111111111,28.0,27.0,37.0,29.5,26.0,42,7.0,25.375,7,7
2024,10,40,Vegetables,Tata,Tomato Pack,26,4562.337291376724,1258.156537166074,233.14285714285714,26.0,28.0,27.0,26.75,40.0,42,37.0,25.0,7,7
2024,10,41,Vegetables,Tata,Tomato Pack,40,4947.612351181956,970.066993612312,318.1666666666667,26.0,26.0,28.0,30.0,32.0,42,27.0,25.75,7,7
2024,10,42,Vegetables,Tata,Tomato Pack,32,5081.278982859024,1020.7945878275042,324.0,40.0,26.0,26.0,31.0,33.0,42,28.0,27.875,7,7
2024,10,43,Vegetables,Tata,Tomato Pack,33,4107.597359756532,669.4715190178623,294.3,32.0,40.0,26.0,32.75,24.0,42,26.0,31.125,7,7
2024,10,44,Vegetables,Tata,Tomato Pack,24,4425.885720307724,1068.166118284152,240.28571428571428,33.0,32.0,40.0,32.25,16.0,42,26.0,29.5,7,7
2024,11,44,Vegetables,Tata,Tomato Pack,16,2328.0329570240037,484.649926420665,233.75,24.0,33.0,32.0,26.25,23.0,42,40.0,28.125,7,7
2024,11,45,Vegetables,Tata,Tomato Pack,23,2606.4874031209897,602.0619060950878,272.625,16.0,24.0,33.0,24.0,31.0,42,32.0,27.5,7,7
2024,11,46,Vegetables,Tata,Tomato Pack,31,4035.5979829699663,965.599322048264,305.7,23.0,16.0,24.0,23.5,35.0,42,33.0,28.125,7,7
2024,11,47,Vegetables,Tata,Tomato Pack,35,5073.218069463635,957.0961335550863,303.45454545454544,31.0,23.0,16.0,26.25,14.0,42,24.0,29.25,7,7
2024,11,48,Vegetables,Tata,Tomato Pack,14,2092.9964221614796,464.4923741777671,260.3333333333333,35.0,31.0,23.0,25.75,7.0,42,16.0,26.0,7,7
2024,12,48,Vegetables,Tata,Tomato Pack,7,1198.0602577309505,165.81641024635263,257.5,14.0,35.0,31.0,21.75,36.0,42,23.0,22.875,7,7
2024,12,49,Vegetables,Tata,Tomato Pack,36,5232.95352258449,1140.1927412752477,231.5,7.0,14.0,35.0,23.0,25.0,42,31.0,23.25,7,7
2024,12,50,Vegetables,Tata,Tomato Pack,25,3597.0436294924407,563.8893557012478,220.07692307692307,36.0,7.0,14.0,20.5,37.0,42,35.0,23.375,7,7
2024,12,51,Vegetables,Tata,Tomato Pack,37,5388.234444834461,964.9285389503988,271.85714285714283,25.0,36.0,7.0,26.25,18.0,42,14.0,26.0,7,7
2024,3,9,Home Care,HUL,Vim Liquid,20,2164.5493878667257,334.462960456489,155.2,25.0,21.0,14.0,20.0,23.0,43,27.0,20.125,4,2
2024,3,10,Home Care,HUL,Vim Liquid,23,2460.834256663115,299.2803951563522,289.22222222222223,20.0,25.0,21.0,22.25,37.0,43,14.0,18.125,4,2
2024,3,11,Home Care,HUL,Vim Liquid,37,4232.266551601492,512.0767432084508,296.09090909090907,23.0,20.0,25.0,26.25,32.0,43,21.0,21.5,4,2
2024,3,12,Home Care,HUL,Vim Liquid,32,4234.470543648734,906.9917864675944,293.0,37.0,23.0,20.0,28.0,36.0,43,25.0,24.875,4,2
2024,3,13,Home Care,HUL,Vim Liquid,36,3264.3303018126944,675.7618015162656,279.53846153846155,32.0,37.0,23.0,32.0,38.0,43,20.0,26.0,4,2
2024,4,14,Home Care,HUL,Vim Liquid,38,3955.318621806472,708.510419520787,372.1818181818182,36.0,32.0,37.0,35.75,16.0,43,23.0,29.0,4,2
2024,4,15,Home Care,HUL,Vim Liquid,16,1515.0051159441293,402.43455078230306,235.57142857142858,38.0,36.0,32.0,30.5,24.0,43,37.0,28.375,4,2
2024,4,16,Home Care,HUL,Vim Liquid,24,2292.5515703679494,452.61067908767166,312.875,16.0,38.0,36.0,28.5,24.0,43,32.0,28.25,4,2
2024,4,17,Home Care,HUL,Vim Liquid,24,3266.892343988822,602.0932514496915,243.125,24.0,16.0,38.0,25.5,2.0,43,36.0,28.75,4,2
2024,4,18,Home Care,HUL,Vim Liquid,2,532.8423297138506,152.11234330788307,289.0,24.0,24.0,16.0,16.5,25.0,43,38.0,26.125,4,2
2024,5,18,Home Care,HUL,Vim Liquid,25,4752.154516334175,1158.0237285777548,333.44444444444446,2.0,24.0,24.0,18.75,30.0,43,16.0,24.625,4,2
2024,5,19,Home Care,HUL,Vim Liquid,30,2724.622695520865,481.6085888239799,230.125,25.0,2.0,24.0,20.25,28.0,43,24.0,24.375,4,2
2024,5,20,Home Care,HUL,Vim Liquid,28,1999.6056859942228,332.77788178686785,240.45454545454547,30.0,25.0,2.0,21.25,36.0,43,24.0,23.375,4,2
2024,5,21,Home Care,HUL,Vim Liquid,36,6191.898262330746,1425.30048471943,347.92857142857144,28.0,30.0,25.0,29.75,30.0,43,2.0,23.125,4,2
2024,5,22,Home Care,HUL,Vim Liquid,30,3861.215834080014,773.9541003658893,246.63636363636363,36.0,28.0,30.0,31.0,9.0,43,25.0,24.875,4,2
2024,6,22,Home Care,HUL,Vim Liquid,9,1223.588817701803,148.17410964796852,370.3333333333333,30.0,36.0,28.0,25.75,20.0,43,30.0,23.0,4,2
2024,6,23,Home Care,HUL,Vim Liquid,20,1975.3915861487312,369.7859919936757,381.0,9.0,30.0,36.0,23.75,29.0,43,28.0,22.5,4,2
2024,6,24,Home Care,HUL,Vim Liquid,29,5217.202696625315,1042.046231739045,249.7,20.0,9.0,30.0,22.0,41.0,43,36.0,25.875,4,2
2024,6,25,Home Care,HUL,Vim Liquid,41,4229.269370922531,707.479004520163,315.0,29.0,20.0,9.0,24.75,23.0,43,30.0,27.875,4,2
2024,6,26,Home Care,HUL,Vim Liquid,23,3064.3820855546087,497.2767439981159,332.375,41.0,29.0,20.0,28.25,22.0,43,9.0,27.0,4,2
2024,7,27,Home Care,HUL,Vim Liquid,22,2483.1639982696875,464.22994582966766,272.77777777777777,23.0,41.0,29.0,28.75,30.0,43,20.0,26.25,4,2
2024,7,28,Home Care,HUL,Vim Liquid,30,4514.000855202387,1153.137529110068,296.1111111111111,22.0,23.0,41.0,29.0,37.0,43,29.0,25.5,4,2
2024,7,29,Home Care,HUL,Vim Liquid,37,3248.311132108266,751.9003002935085,213.9090909090909,30.0,22.0,23.0,28.0,25.0,43,41.0,26.375,4,2
2024,7,30,Home Care,HUL,Vim Liquid,25,3617.8052069302507,704.0221197003922,302.3333333333333,37.0,30.0,22.0,28.5,9.0,43,23.0,28.375,4,2
2024,7,31,Home Care,HUL,Vim Liquid,9,1240.8701797651893,256.1543379922026,346.3333333333333,25.0,37.0,30.0,25.25,34.0,43,22.0,27.0,4,2
2024,8,31,Home Care,HUL,Vim Liquid,34,4861.000051278466,892.0123941975819,187.55555555555554,9.0,25.0,37.0,26.25,51.0,43,30.0,27.625,4,2
2024,8,32,Home Care,HUL,Vim Liquid,51,5930.389175835657,1245.6748677198937,273.57142857142856,34.0,9.0,25.0,29.75,20.0,43,37.0,28.875,4,2
2024,8,33,Home Care,HUL,Vim Liquid,20,3099.5048955322463,795.1087244667979,259.125,51.0,34.0,9.0,28.5,17.0,43,25.0,28.5,4,2
2024,8,34,Home Care,HUL,Vim Liquid,17,2675.330796529504,531.5067995667252,282.14285714285717,20.0,51.0,34.0,30.5,19.0,43,9.0,27.875,4,2
2024,8,35,Home Care,HUL,Vim Liquid,19,3123.3176516790386,670.1309601425373,224.0,17.0,20.0,51.0,26.75,2.0,43,34.0,26.5,4,2
2024,9,35,Home Care,HUL,Vim Liquid,2,199.30938535890016,27.869217433544918,51.0,19.0,17.0,20.0,14.5,22.0,43,51.0,22.125,4,2
2024,9,36,Home Care,HUL,Vim Liquid,22,2711.656655760469,578.1029572240144,289.125,2.0,19.0,17.0,15.0,28.0,43,20.0,21.75,4,2
2024,9,37,Home Care,HUL,Vim Liquid,28,3982.208488448874,801.0247554013412,331.44444444444446,22.0,2.0,19.0,17.75,57.0,43,17.0,24.125,4,2
2024,9,38,Home Care,HUL,Vim Liquid,57,5955.915383066467,1166.460452484144,239.33333333333334,28.0,22.0,2.0,27.25,35.0,43,19.0,27.0,4,2
2024,9,39,Home Care,HUL,Vim Liquid,35,5189.421457447871,1054.3189839406893,245.45454545454547,57.0,28.0,22.0,35.5,7.0,43,2.0,25.0,4,2
2024,9,40,Home Care,HUL,Vim Liquid,7,911.5146227679588,83.68919914771573,197.0,35.0,57.0,28.0,31.75,32.0,43,22.0,23.375,4,2
2024,10,40,Home Care,HUL,Vim Liquid,32,4582.829760959653,939.9161057254097,328.8181818181818,7.0,35.0,57.0,32.75,38.0,43,28.0,25.25,4,2
2024,10,41,Home Care,HUL,Vim Liquid,38,5733.547035101648,1080.0310161742664,271.3076923076923,32.0,7.0,35.0,28.0,28.0,43,57.0,27.625,4,2
2024,10,42,Home Care,HUL,Vim Liquid,28,3098.617266969712,457.88835545693746,249.42857142857142,38.0,32.0,7.0,26.25,33.0,43,35.0,30.875,4,2
2024,10,43,Home Care,HUL,Vim Liquid,33,4098.967828906052,920.0571816257271,196.92307692307693,28.0,38.0,32.0,32.75,4.0,43,7.0,32.25,4,2
2024,10,44,Home Care,HUL,Vim Liquid,4,206.85561659569524,53.49518058814138,320.0,33.0,28.0,38.0,25.75,19.0,43,32.0,29.25,4,2
2024,11,44,Home Care,HUL,Vim Liquid,19,3027.439833499534,668.913369927865,250.66666666666666,4.0,33.0,28.0,21.0,53.0,43,38.0,24.5,4,2
2024,11,45,Home Care,HUL,Vim Liquid,53,7085.366140646032,1618.4689489446073,307.25,19.0,4.0,33.0,27.25,24.0,43,28.0,26.75,4,2
2024,11,46,Home Care,HUL,Vim Liquid,24,3816.274799306423,854.3641492860286,333.3333333333333,53.0,19.0,4.0,25.0,52.0,43,33.0,28.875,4,2
2024,11,47,Home Care,HUL,Vim Liquid,52,6443.455945437923,1196.8772916806297,266.64285714285717,24.0,53.0,19.0,37.0,38.0,43,4.0,31.375,4,2
2024,11,48,Home Care,HUL,Vim Liquid,38,5373.38916064026,1281.6992689280135,294.4,52.0,24.0,53.0,41.75,24.0,43,19.0,31.375,4,2
2024,12,49,Home Care,HUL,Vim Liquid,24,2815.4536668990872,491.7891127151144,310.125,38.0,52.0,24.0,34.5,53.0,43,53.0,30.875,4,2
2024,12,50,Home Care,HUL,Vim Liquid,53,7941.097111573685,1430.6626887788168,251.13333333333333,24.0,38.0,52.0,41.75,32.0,43,24.0,33.375,4,2
2024,12,51,Home Care,HUL,Vim Liquid,32,3897.170317524307,679.6998384002528,296.3333333333333,53.0,24.0,38.0,36.75,41.0,43,52.0,36.875,4,2
2024,2,9,Snacks,ITC,Yippee Noodles,21,1181.5208904137096,257.625958518067,237.71428571428572,21.0,22.0,48.0,28.0,18.0,44,24.0,27.75,6,3
2024,3,9,Snacks,ITC,Yippee Noodles,18,2069.0907365312255,383.9729640578471,250.0,21.0,21.0,22.0,20.5,20.0,44,48.0,26.5,6,3
2024,3,10,Snacks,ITC,Yippee Noodles,20,2660.4430361554646,531.9628881350908,230.0,18.0,21.0,21.0,20.0,18.0,44,22.0,24.125,6,3
2024,3,11,Snacks,ITC,Yippee Noodles,18,1204.152221164287,139.63268208728442,142.16666666666666,20.0,18.0,21.0,19.25,45.0,44,21.0,24.0,6,3
2024,3,12,Snacks,ITC,Yippee Noodles,45,5036.421614977539,843.3684427296472,277.7142857142857,18.0,20.0,18.0,25.25,27.0,44,21.0,26.625,6,3
2024,3,13,Snacks,ITC,Yippee Noodles,27,2634.6475560785284,468.3148450725031,226.54545454545453,45.0,18.0,20.0,27.5,47.0,44,18.0,24.0,6,3
2024,4,14,Snacks,ITC,Yippee Noodles,47,5147.314353903824,1012.9607794033675,263.53846153846155,27.0,45.0,18.0,34.25,24.0,44,20.0,27.125,6,3
2024,4,15,Snacks,ITC,Yippee Noodles,24,2924.8393111162104,488.3358362572729,296.25,47.0,27.0,45.0,35.75,27.0,44,18.0,27.5,6,3
2024,4,16,Snacks,ITC,Yippee Noodles,27,4283.522905384426,843.4375526811849,308.0,24.0,47.0,27.0,31.25,44.0,44,45.0,28.25,6,3
2024,4,17,Snacks,ITC,Yippee Noodles,44,4027.419303847646,720.18265144964,226.9090909090909,27.0,24.0,47.0,35.5,13.0,44,27.0,31.5,6,3
2024,4,18,Snacks,ITC,Yippee Noodles,13,2128.7773970362955,472.93034619966994,177.2,44.0,27.0,24.0,27.0,29.0,44,47.0,30.625,6,3
2024,5,18,Snacks,ITC,Yippee Noodles,29,3795.9923149523934,863.8509926897406,289.75,13.0,44.0,27.0,28.25,29.0,44,24.0,32.0,6,3
2024,5,19,Snacks,ITC,Yippee Noodles,29,4315.06323718308,894.7863493698369,244.8181818181818,29.0,13.0,44.0,28.75,43.0,44,27.0,30.0,6,3
2024,5,20,Snacks,ITC,Yippee Noodles,43,4399.122687278328,675.4721108168412,202.13333333333333,29.0,29.0,13.0,28.5,39.0,44,44.0,32.0,6,3
2024,5,21,Snacks,ITC,Yippee Noodles,39,5042.3311671700485,898.3483464149397,314.6666666666667,43.0,29.0,29.0,35.0,41.0,44,13.0,31.0,6,3
2024,5,22,Snacks,ITC,Yippee Noodles,41,5812.843854935204,1209.8005512404873,283.1818181818182,39.0,43.0,29.0,38.0,17.0,44,29.0,33.125,6,3
2024,6,22,Snacks,ITC,Yippee Noodles,17,2570.384082570014,561.4689274148757,243.83333333333334,41.0,39.0,43.0,35.0,22.0,44,29.0,31.875,6,3
2024,6,23,Snacks,ITC,Yippee Noodles,22,2257.1861411934483,492.42636982914894,263.8181818181818,17.0,41.0,39.0,29.75,40.0,44,43.0,29.125,6,3
2024,6,24,Snacks,ITC,Yippee Noodles,40,5527.064077900069,1055.1844645175124,302.90909090909093,22.0,17.0,41.0,30.0,36.0,44,39.0,32.5,6,3
2024,6,25,Snacks,ITC,Yippee Noodles,36,4985.119498196147,1056.5144398996324,223.33333333333334,40.0,22.0,17.0,28.75,44.0,44,41.0,33.375,6,3
2024,6,26,Snacks,ITC,Yippee Noodles,44,5117.680560007638,1210.0603618570435,265.84615384615387,36.0,40.0,22.0,35.5,20.0,44,17.0,35.25,6,3
2024,7,27,Snacks,ITC,Yippee Noodles,20,3209.7709116701067,668.2412861480066,214.33333333333334,44.0,36.0,40.0,35.0,9.0,44,22.0,32.375,6,3
2024,7,28,Snacks,ITC,Yippee Noodles,9,730.9566853831413,82.21690843116825,349.0,20.0,44.0,36.0,27.25,22.0,44,40.0,28.625,6,3
2024,7,29,Snacks,ITC,Yippee Noodles,22,3396.181171851739,710.8003456593343,285.42857142857144,9.0,20.0,44.0,23.75,26.0,44,36.0,26.25,6,3
2024,7,30,Snacks,ITC,Yippee Noodles,26,2738.847191941965,664.9775116690721,357.7142857142857,22.0,9.0,20.0,19.25,12.0,44,44.0,27.375,6,3
2024,7,31,Snacks,ITC,Yippee Noodles,12,1876.1329492764366,505.2856354174214,271.5,26.0,22.0,9.0,17.25,23.0,44,20.0,26.125,6,3
2024,8,31,Snacks,ITC,Yippee Noodles,23,3173.146560850626,610.609088950614,256.375,12.0,26.0,22.0,20.75,35.0,44,9.0,24.0,6,3
2024,8,32,Snacks,ITC,Yippee Noodles,35,3592.0792075714103,658.814349969837,320.15384615384613,23.0,12.0,26.0,24.0,36.0,44,22.0,23.875,6,3
2024,8,33,Snacks,ITC,Yippee Noodles,36,2740.415064994143,551.4159027113619,278.85714285714283,35.0,23.0,12.0,26.5,55.0,44,26.0,22.875,6,3
2024,8,34,Snacks,ITC,Yippee Noodles,55,7166.685793450102,1631.0954081759378,292.11764705882354,36.0,35.0,23.0,37.25,22.0,44,12.0,27.25,6,3
2024,8,35,Snacks,ITC,Yippee Noodles,22,3922.443312596261,873.5126347497002,220.16666666666666,55.0,36.0,35.0,37.0,21.0,44,23.0,28.875,6,3
2024,9,35,Snacks,ITC,Yippee Noodles,21,2818.601885776321,492.7179699542598,302.8,22.0,55.0,36.0,33.5,51.0,44,35.0,28.75,6,3
2024,9,36,Snacks,ITC,Yippee Noodles,51,6378.094684315,1125.0442099176616,302.5,21.0,22.0,55.0,37.25,37.0,44,36.0,31.875,6,3
2024,9,37,Snacks,ITC,Yippee Noodles,37,3866.7951465606593,591.2410446105393,262.84615384615387,51.0,21.0,22.0,32.75,18.0,44,55.0,35.0,6,3
2024,9,38,Snacks,ITC,Yippee Noodles,18,2071.8402171207767,310.5724782045917,257.77777777777777,37.0,51.0,21.0,31.75,35.0,44,22.0,34.375,6,3
2024,9,39,Snacks,ITC,Yippee Noodles,35,5180.498354729411,1155.7169923220997,287.0,18.0,37.0,51.0,35.25,9.0,44,21.0,34.375,6,3
2024,9,40,Snacks,ITC,Yippee Noodles,9,815.2110175836164,116.74647713071022,316.6666666666667,35.0,18.0,37.0,24.75,29.0,44,51.0,31.0,6,3
2024,10,40,Snacks,ITC,Yippee Noodles,29,2793.727097664124,513.0449512727594,361.27272727272725,9.0,35.0,18.0,22.75,28.0,44,37.0,27.75,6,3
2024,10,41,Snacks,ITC,Yippee Noodles,28,3081.702918173111,556.4041940224022,214.44444444444446,29.0,9.0,35.0,25.25,40.0,44,18.0,28.5,6,3
2024,10,42,Snacks,ITC,Yippee Noodles,40,4696.829297341502,851.739686425039,306.1818181818182,28.0,29.0,9.0,26.5,35.0,44,35.0,30.875,6,3
2024,10,43,Snacks,ITC,Yippee Noodles,35,4545.867021113465,746.2644580738225,270.2307692307692,40.0,28.0,29.0,33.0,6.0,44,9.0,28.875,6,3
2024,10,44,Snacks,ITC,Yippee Noodles,6,1048.4932689184543,234.74681593852085,274.6666666666667,35.0,40.0,28.0,27.25,14.0,44,29.0,25.0,6,3
2024,11,44,Snacks,ITC,Yippee Noodles,14,2711.607004436199,779.8703800903668,301.0,6.0,35.0,40.0,23.75,50.0,44,28.0,24.5,6,3
2024,11,45,Snacks,ITC,Yippee Noodles,50,5700.229171830634,845.6757383793528,237.53846153846155,14.0,6.0,35.0,26.25,58.0,44,40.0,26.375,6,3
2024,11,46,Snacks,ITC,Yippee Noodles,58,9252.241429859947,2004.2540604264377,256.8421052631579,50.0,14.0,6.0,32.0,32.0,44,35.0,32.5,6,3
2024,11,47,Snacks,ITC,Yippee Noodles,32,3125.420125922198,474.64221187264616,278.0,58.0,50.0,14.0,38.5,17.0,44,6.0,32.875,6,3
2024,11,48,Snacks,ITC,Yippee Noodles,17,1829.630457809019,458.5844574982033,241.0,32.0,58.0,50.0,39.25,27.0,44,14.0,31.5,6,3
2024,12,49,Snacks,ITC,Yippee Noodles,27,4015.983711850846,905.7427072338986,284.0,17.0,32.0,58.0,33.5,34.0,44,50.0,29.875,6,3
2024,12,50,Snacks,ITC,Yippee Noodles,34,4000.234734786285,723.9004699541015,331.64285714285717,27.0,17.0,32.0,27.5,38.0,44,58.0,29.75,6,3
2024,12,51,Snacks,ITC,Yippee Noodles,38,4273.816081399959,780.597961968212,237.42857142857142,34.0,27.0,17.0,29.0,40.0,44,32.0,33.75,6,3
