Year,Week,Category,Brand,Product_Name,Weekly_Units_Sold,Weekly_Revenue,Weekly_Margin,Average_Stock,Month,Lag_1,Lag_2,Lag_3,Lag_4,Rolling_4_Week_Avg,Rolling_8_Week_Avg,Target
2024,8,Beverages,PepsiCo,7UP Bottle,26,3809.5841203214645,781.2798859880979,267.1,2,57.0,21.0,29.0,21.0,33.25,28.75,21.0
2024,9,Beverages,PepsiCo,7UP Bottle,21,1461.8631144417693,312.69744095070126,319.0,2,26.0,57.0,21.0,29.0,31.25,27.625,36.0
2024,10,Beverages,PepsiCo,7UP Bottle,36,3756.7019084479552,605.1121892431062,263.85714285714283,3,21.0,26.0,57.0,21.0,35.0,28.625,13.0
2024,11,Beverages,PepsiCo,7UP Bottle,13,1708.4529879274842,292.16438836197864,211.4,3,36.0,21.0,26.0,57.0,24.0,28.0,14.0
2024,12,Beverages,PepsiCo,7UP Bottle,14,1287.5099810114402,285.44421039485763,339.4,3,13.0,36.0,21.0,26.0,21.0,27.125,36.0
2024,13,Beverages,PepsiCo,7UP Bottle,36,4359.024315503964,892.9504381960587,236.27272727272728,3,14.0,13.0,36.0,21.0,24.75,28.0,30.0
2024,14,Beverages,PepsiCo,7UP Bottle,30,4521.432386016305,879.0229361723772,266.1818181818182,4,36.0,14.0,13.0,36.0,23.25,29.125,29.0
2024,15,Beverages,PepsiCo,7UP Bottle,29,4052.2222048398894,872.4764544272838,262.55555555555554,4,30.0,36.0,14.0,13.0,27.25,25.625,38.0
2024,16,Beverages,PepsiCo,7UP Bottle,38,4468.943955493034,971.6142174852093,247.25,4,29.0,30.0,36.0,14.0,33.25,27.125,41.0
2024,17,Beverages,PepsiCo,7UP Bottle,41,6143.805277696641,1617.0305678830387,257.2857142857143,4,38.0,29.0,30.0,36.0,34.5,29.625,26.0
2024,18,Beverages,PepsiCo,7UP Bottle,26,2374.096961808931,593.1648254013342,330.125,5,41.0,38.0,29.0,30.0,33.5,28.375,24.0
2024,19,Beverages,PepsiCo,7UP Bottle,24,3800.230483178626,741.538563939787,266.1,5,26.0,41.0,38.0,29.0,32.25,29.75,30.0
2024,20,Beverages,PepsiCo,7UP Bottle,30,5452.462577938865,1376.3502415635653,225.7,5,24.0,26.0,41.0,38.0,30.25,31.75,42.0
2024,21,Beverages,PepsiCo,7UP Bottle,42,4211.96979537398,864.2010984276772,246.73333333333332,5,30.0,24.0,26.0,41.0,30.5,32.5,41.0
2024,22,Beverages,PepsiCo,7UP Bottle,41,6813.24959881466,1594.1087523661565,256.5833333333333,5,42.0,30.0,24.0,26.0,34.25,33.875,29.0
2024,23,Beverages,PepsiCo,7UP Bottle,29,2865.322996722569,466.19103322767893,257.57142857142856,6,41.0,42.0,30.0,24.0,35.5,33.875,26.0
2024,24,Beverages,PepsiCo,7UP Bottle,26,3256.9717293112894,515.8177467786636,272.55555555555554,6,29.0,41.0,42.0,30.0,34.5,32.375,21.0
2024,25,Beverages,PepsiCo,7UP Bottle,21,1704.8930262470706,341.178032865516,301.22222222222223,6,26.0,29.0,41.0,42.0,29.25,29.875,36.0
2024,26,Beverages,PepsiCo,7UP Bottle,36,5462.381634215672,1335.3352928264196,279.0833333333333,6,21.0,26.0,29.0,41.0,28.0,31.125,15.0
2024,27,Beverages,PepsiCo,7UP Bottle,15,1814.551024286937,493.86929466541187,334.75,7,36.0,21.0,26.0,29.0,24.5,30.0,27.0
2024,28,Beverages,PepsiCo,7UP Bottle,27,3703.7820270451216,778.242295063967,285.625,7,15.0,36.0,21.0,26.0,24.75,29.625,40.0
2024,29,Beverages,PepsiCo,7UP Bottle,40,4670.967297309268,951.4714068654557,243.76923076923077,7,27.0,15.0,36.0,21.0,29.5,29.375,23.0
2024,30,Beverages,PepsiCo,7UP Bottle,23,2631.203825635622,465.6191296108115,290.75,7,40.0,27.0,15.0,36.0,26.25,27.125,13.0
2024,31,Beverages,PepsiCo,7UP Bottle,13,1824.1402729169956,312.3795816743126,253.0,8,23.0,40.0,27.0,15.0,25.75,25.125,31.0
2024,32,Beverages,PepsiCo,7UP Bottle,31,2977.9889228376705,618.9604366407884,263.0,8,13.0,23.0,40.0,27.0,26.75,25.75,21.0
2024,33,Beverages,PepsiCo,7UP Bottle,21,2907.3347506716186,491.0651863117353,218.0,8,31.0,13.0,23.0,40.0,22.0,25.75,28.0
2024,34,Beverages,PepsiCo,7UP Bottle,28,3977.0029661843946,873.6092095295039,233.5,8,21.0,31.0,13.0,23.0,23.25,24.75,42.0
2024,35,Beverages,PepsiCo,7UP Bottle,42,5495.929582863345,1209.0923314199088,254.0,8,28.0,21.0,31.0,13.0,30.5,28.125,39.0
2024,36,Beverages,PepsiCo,7UP Bottle,39,5699.086974759337,1244.7758768484157,296.3333333333333,9,42.0,28.0,21.0,31.0,32.5,29.625,21.0
2024,37,Beverages,PepsiCo,7UP Bottle,21,2805.146753772338,549.1505112910979,317.7142857142857,9,39.0,42.0,28.0,21.0,32.5,27.25,32.0
2024,38,Beverages,PepsiCo,7UP Bottle,32,5312.648190799324,965.5356503630895,286.15384615384613,9,21.0,39.0,42.0,28.0,33.5,28.375,35.0
2024,39,Beverages,PepsiCo,7UP Bottle,35,3901.0172666727112,643.4947309720005,276.1666666666667,9,32.0,21.0,39.0,42.0,31.75,31.125,38.0
2024,40,Beverages,PepsiCo,7UP Bottle,38,4970.045794167725,1011.8948930893238,269.6666666666667,10,35.0,32.0,21.0,39.0,31.5,32.0,37.0
2024,41,Beverages,PepsiCo,7UP Bottle,37,5431.523000391008,1106.623451899588,282.9166666666667,10,38.0,35.0,32.0,21.0,35.5,34.0,54.0
2024,42,Beverages,PepsiCo,7UP Bottle,54,9428.040528956528,1861.1038019674977,337.2352941176471,10,37.0,38.0,35.0,32.0,41.0,37.25,19.0
2024,43,Beverages,PepsiCo,7UP Bottle,19,2456.9004372401723,400.2791829873121,243.8,10,54.0,37.0,38.0,35.0,37.0,34.375,28.0
2024,44,Beverages,PepsiCo,7UP Bottle,28,2313.870374272221,529.1919915786929,268.6666666666667,10,19.0,54.0,37.0,38.0,34.5,33.0,42.0
2024,45,Beverages,PepsiCo,7UP Bottle,42,4245.109367106497,880.77709655071,229.9090909090909,11,28.0,19.0,54.0,37.0,35.75,35.625,30.0
2024,46,Beverages,PepsiCo,7UP Bottle,30,4034.882458860401,751.605300661734,283.7,11,42.0,28.0,19.0,54.0,29.75,35.375,19.0
2024,47,Beverages,PepsiCo,7UP Bottle,19,2300.729757111992,399.809594858824,242.83333333333334,11,30.0,42.0,28.0,19.0,29.75,33.375,35.0
2024,48,Beverages,PepsiCo,7UP Bottle,35,4465.510523466176,990.310811951546,283.46153846153845,11,19.0,30.0,42.0,28.0,31.5,33.0,49.0
2024,49,Beverages,PepsiCo,7UP Bottle,49,5738.496790775685,995.8683071148879,308.5625,12,35.0,19.0,30.0,42.0,33.25,34.5,32.0
2024,50,Beverages,PepsiCo,7UP Bottle,32,3294.661305177522,784.4820763223531,306.0,12,49.0,35.0,19.0,30.0,33.75,31.75,52.0
2024,51,Beverages,PepsiCo,7UP Bottle,52,6993.405564006218,1344.0210551038172,253.38888888888889,12,32.0,49.0,35.0,19.0,42.0,35.875,33.0
2024,8,Dairy,Amul,Amul Butter,14,1658.7666585069537,405.59103185416967,344.1666666666667,2,19.0,26.0,22.0,27.0,20.25,24.5,18.0
2024,9,Dairy,Amul,Amul Butter,18,2161.8596292021693,448.92067769406196,285.0,3,14.0,19.0,26.0,22.0,19.25,21.25,36.0
2024,10,Dairy,Amul,Amul Butter,36,5973.585064961641,1105.430404685252,281.2857142857143,3,18.0,14.0,19.0,26.0,21.75,23.0,32.0
2024,11,Dairy,Amul,Amul Butter,32,3640.524501087843,711.2115364129158,250.6,3,36.0,18.0,14.0,19.0,25.0,24.25,20.0
2024,12,Dairy,Amul,Amul Butter,20,2871.2507907513036,471.579733286223,244.16666666666666,3,32.0,36.0,18.0,14.0,26.5,23.375,15.0
2024,13,Dairy,Amul,Amul Butter,15,1187.5841998710093,149.29283950381384,208.875,3,20.0,32.0,36.0,18.0,25.75,22.5,18.0
2024,14,Dairy,Amul,Amul Butter,18,2751.523493445949,500.0135217908796,253.16666666666666,4,15.0,20.0,32.0,36.0,21.25,21.5,31.0
2024,15,Dairy,Amul,Amul Butter,31,3203.2694043785505,519.3593734675953,297.0,4,18.0,15.0,20.0,32.0,21.0,23.0,21.0
2024,16,Dairy,Amul,Amul Butter,21,2661.3340710410553,476.02593402618146,302.6666666666667,4,31.0,18.0,15.0,20.0,21.25,23.875,29.0
2024,17,Dairy,Amul,Amul Butter,29,3832.1693513534456,744.57043259915,318.27272727272725,4,21.0,31.0,18.0,15.0,24.75,25.25,31.0
2024,18,Dairy,Amul,Amul Butter,31,3393.528011778076,561.2094167951633,269.25,5,29.0,21.0,31.0,18.0,28.0,24.625,14.0
2024,19,Dairy,Amul,Amul Butter,14,2316.850532419463,466.48562802405814,363.6666666666667,5,31.0,29.0,21.0,31.0,23.75,22.375,7.0
2024,20,Dairy,Amul,Amul Butter,7,835.2931476262996,120.0897131020987,283.3333333333333,5,14.0,31.0,29.0,21.0,20.25,20.75,15.0
2024,21,Dairy,Amul,Amul Butter,15,2112.9887495241474,386.5022045058835,256.8,5,7.0,14.0,31.0,29.0,16.75,20.75,17.0
2024,22,Dairy,Amul,Amul Butter,17,1787.0427479074137,432.90458651268136,287.5,6,15.0,7.0,14.0,31.0,13.25,20.625,18.0
2024,23,Dairy,Amul,Amul Butter,18,3060.1765395905563,542.576160011513,269.0,6,17.0,15.0,7.0,14.0,14.25,19.0,15.0
2024,24,Dairy,Amul,Amul Butter,15,2057.673859173649,298.1358455110834,160.5,6,18.0,17.0,15.0,7.0,16.25,18.25,23.0
2024,25,Dairy,Amul,Amul Butter,23,2244.9919032057724,630.1355099044661,193.0,6,15.0,18.0,17.0,15.0,18.25,17.5,26.0
2024,26,Dairy,Amul,Amul Butter,26,1782.9754212379546,354.84932693652587,201.875,6,23.0,15.0,18.0,17.0,20.5,16.875,11.0
2024,27,Dairy,Amul,Amul Butter,11,895.0301668324353,146.521823207136,301.5,7,26.0,23.0,15.0,18.0,18.75,16.5,26.0
2024,28,Dairy,Amul,Amul Butter,26,2803.773144105724,532.7937190999811,239.375,7,11.0,26.0,23.0,15.0,21.5,18.875,10.0
2024,29,Dairy,Amul,Amul Butter,10,832.1534875746929,203.38385552966758,164.0,7,26.0,11.0,26.0,23.0,18.25,18.25,22.0
2024,30,Dairy,Amul,Amul Butter,22,3086.0217395500686,558.1688758891185,185.0,7,10.0,26.0,11.0,26.0,17.25,18.875,15.0
2024,31,Dairy,Amul,Amul Butter,15,1535.1010812456,366.5613166256418,306.2,8,22.0,10.0,26.0,11.0,18.25,18.5,24.0
2024,32,Dairy,Amul,Amul Butter,24,3545.5208315714235,599.6012733028115,373.75,8,15.0,22.0,10.0,26.0,17.75,19.625,60.0
2024,33,Dairy,Amul,Amul Butter,60,8277.024727985441,1553.0642644760294,219.0,8,24.0,15.0,22.0,10.0,30.25,24.25,38.0
2024,34,Dairy,Amul,Amul Butter,38,5329.641507118445,1122.1998646592176,326.3333333333333,8,60.0,24.0,15.0,22.0,34.25,25.75,17.0
2024,35,Dairy,Amul,Amul Butter,17,2621.294560176755,677.1486571227597,322.5,8,38.0,60.0,24.0,15.0,34.75,26.5,12.0
2024,36,Dairy,Amul,Amul Butter,12,2249.775040413202,646.2004981605081,333.5,9,17.0,38.0,60.0,24.0,31.75,24.75,42.0
2024,37,Dairy,Amul,Amul Butter,42,4252.425633010059,838.0007046621035,265.85714285714283,9,12.0,17.0,38.0,60.0,27.25,28.75,22.0
2024,38,Dairy,Amul,Amul Butter,22,3378.8234322801836,586.1988373790858,254.71428571428572,9,42.0,12.0,17.0,38.0,23.25,28.75,32.0
2024,39,Dairy,Amul,Amul Butter,32,4762.28242531441,1245.010810749675,344.3636363636364,9,22.0,42.0,12.0,17.0,27.0,30.875,20.0
2024,40,Dairy,Amul,Amul Butter,20,2520.7055081621857,414.453298776864,219.0,10,32.0,22.0,42.0,12.0,29.0,30.375,12.0
2024,41,Dairy,Amul,Amul Butter,12,2141.5131279981706,317.03229667171905,298.42857142857144,10,20.0,32.0,22.0,42.0,21.5,24.375,33.0
2024,42,Dairy,Amul,Amul Butter,33,2753.235360046305,552.9726586793004,338.09090909090907,10,12.0,20.0,32.0,22.0,24.25,23.75,24.0
2024,43,Dairy,Amul,Amul Butter,24,2460.7032049780664,316.89680690925815,221.66666666666666,10,33.0,12.0,20.0,32.0,22.25,24.625,27.0
2024,44,Dairy,Amul,Amul Butter,27,3502.8157544333335,734.6561111709199,265.44444444444446,10,24.0,33.0,12.0,20.0,24.0,26.5,39.0
2024,45,Dairy,Amul,Amul Butter,39,6149.732650554316,893.294031504352,261.6,11,27.0,24.0,33.0,12.0,30.75,26.125,16.0
2024,46,Dairy,Amul,Amul Butter,16,2165.3228584740946,427.36317794462013,300.8,11,39.0,27.0,24.0,33.0,26.5,25.375,27.0
2024,47,Dairy,Amul,Amul Butter,27,2067.28181281611,290.5029607362706,266.7142857142857,11,16.0,39.0,27.0,24.0,27.25,24.75,29.0
2024,48,Dairy,Amul,Amul Butter,29,4548.482278247342,1089.3650999439735,268.0,11,27.0,16.0,39.0,27.0,27.75,25.875,41.0
2024,49,Dairy,Amul,Amul Butter,41,4670.415892576763,637.1938979372532,305.3333333333333,12,29.0,27.0,16.0,39.0,28.25,29.5,30.0
2024,50,Dairy,Amul,Amul Butter,30,3620.7166336193095,798.2419526057328,302.55555555555554,12,41.0,29.0,27.0,16.0,31.75,29.125,25.0
2024,51,Dairy,Amul,Amul Butter,25,3900.825777817811,681.4985427431654,220.875,12,30.0,41.0,29.0,27.0,31.25,29.25,10.0
2024,8,Dairy,Amul,Amul Cheese,22,2570.1637573313524,494.84968854767425,326.2857142857143,2,13.0,19.0,12.0,9.0,16.5,16.5,5.0
2024,9,Dairy,Amul,Amul Cheese,5,301.34349205925287,73.27739626526574,273.3333333333333,3,22.0,13.0,19.0,12.0,14.75,13.125,19.0
2024,10,Dairy,Amul,Amul Cheese,19,2342.008739031585,365.15054076323963,249.57142857142858,3,5.0,22.0,13.0,19.0,14.75,14.0,38.0
2024,11,Dairy,Amul,Amul Cheese,38,4882.382980971825,965.4791732587072,291.3636363636364,3,19.0,5.0,22.0,13.0,21.0,17.125,22.0
2024,12,Dairy,Amul,Amul Cheese,22,2774.093280958787,744.0678101183322,265.85714285714283,3,38.0,19.0,5.0,22.0,21.0,18.75,23.0
2024,13,Dairy,Amul,Amul Cheese,23,3146.2831332877804,733.111102121379,281.3333333333333,3,22.0,38.0,19.0,5.0,25.5,20.125,51.0
2024,14,Dairy,Amul,Amul Cheese,51,5898.891311692947,1138.3157557176598,227.1764705882353,4,23.0,22.0,38.0,19.0,33.5,24.125,34.0
2024,15,Dairy,Amul,Amul Cheese,34,4687.774557156005,977.8222558205163,339.09090909090907,4,51.0,23.0,22.0,38.0,32.5,26.75,17.0
2024,16,Dairy,Amul,Amul Cheese,17,2268.9251722785048,411.7085601326103,233.0,4,34.0,51.0,23.0,22.0,31.25,26.125,21.0
2024,17,Dairy,Amul,Amul Cheese,21,2531.6169265354365,479.07010832407434,257.57142857142856,4,17.0,34.0,51.0,23.0,30.75,28.125,30.0
2024,18,Dairy,Amul,Amul Cheese,30,3245.6423824258222,507.35946189333464,259.8,5,21.0,17.0,34.0,51.0,25.5,29.5,23.0
2024,19,Dairy,Amul,Amul Cheese,23,3250.5606585499795,785.0791421065071,340.1111111111111,5,30.0,21.0,17.0,34.0,22.75,27.625,11.0
2024,20,Dairy,Amul,Amul Cheese,11,1999.936436631734,269.9380844051739,209.25,5,23.0,30.0,21.0,17.0,21.25,26.25,25.0
2024,21,Dairy,Amul,Amul Cheese,25,2724.776557846815,495.3481813469667,319.44444444444446,5,11.0,23.0,30.0,21.0,22.25,26.5,35.0
2024,22,Dairy,Amul,Amul Cheese,35,3753.1499274764064,808.4697130962412,330.44444444444446,5,25.0,11.0,23.0,30.0,23.5,24.5,21.0
2024,23,Dairy,Amul,Amul Cheese,21,2559.5005405396664,663.41398811721,266.6,6,35.0,25.0,11.0,23.0,23.0,22.875,16.0
2024,24,Dairy,Amul,Amul Cheese,16,1854.8110236795496,262.7157691833495,240.0,6,21.0,35.0,25.0,11.0,24.25,22.75,14.0
2024,25,Dairy,Amul,Amul Cheese,14,1413.1480003366962,264.4532206029281,312.8333333333333,6,16.0,21.0,35.0,25.0,21.5,21.875,17.0
2024,26,Dairy,Amul,Amul Cheese,17,2763.3927847430905,596.0252131798993,237.375,6,14.0,16.0,21.0,35.0,17.0,20.25,27.0
2024,27,Dairy,Amul,Amul Cheese,27,3511.7712812610084,747.0843261046724,252.0,7,17.0,14.0,16.0,21.0,18.5,20.75,32.0
2024,28,Dairy,Amul,Amul Cheese,32,3110.153655467938,556.4655014326165,268.1111111111111,7,27.0,17.0,14.0,16.0,22.5,23.375,14.0
2024,29,Dairy,Amul,Amul Cheese,14,2072.0026051402056,392.03298334586617,374.5,7,32.0,27.0,17.0,14.0,22.5,22.0,8.0
2024,30,Dairy,Amul,Amul Cheese,8,1041.3608127032883,282.53504727098857,229.66666666666666,7,14.0,32.0,27.0,17.0,20.25,18.625,21.0
2024,31,Dairy,Amul,Amul Cheese,21,3269.1945996919653,799.40030898956,423.0,8,8.0,14.0,32.0,27.0,18.75,18.625,27.0
2024,32,Dairy,Amul,Amul Cheese,27,3550.4248990332385,770.0641428209384,252.7,8,21.0,8.0,14.0,32.0,17.5,20.0,26.0
2024,33,Dairy,Amul,Amul Cheese,26,3773.50112898549,1002.810779339454,286.14285714285717,8,27.0,21.0,8.0,14.0,20.5,21.5,27.0
2024,34,Dairy,Amul,Amul Cheese,27,4814.861155549025,1029.172511033659,259.55555555555554,8,26.0,27.0,21.0,8.0,25.25,22.75,17.0
2024,35,Dairy,Amul,Amul Cheese,17,2567.3037431971175,437.06742745071494,167.66666666666666,8,27.0,26.0,27.0,21.0,24.25,21.5,26.0
2024,36,Dairy,Amul,Amul Cheese,26,3343.5313387385913,828.1466679521197,246.2,9,17.0,27.0,26.0,27.0,24.0,20.75,20.0
2024,37,Dairy,Amul,Amul Cheese,20,2000.626242181624,393.10555172019286,226.28571428571428,9,26.0,17.0,27.0,26.0,22.5,21.5,28.0
2024,38,Dairy,Amul,Amul Cheese,28,4093.093962210024,779.1352884568206,227.75,9,20.0,26.0,17.0,27.0,22.75,24.0,23.0
2024,39,Dairy,Amul,Amul Cheese,23,2791.604128457095,428.0522012396446,248.28571428571428,9,28.0,20.0,26.0,17.0,24.25,24.25,37.0
2024,40,Dairy,Amul,Amul Cheese,37,3782.986786304972,690.2865845531561,225.9090909090909,10,23.0,28.0,20.0,26.0,27.0,25.5,19.0
2024,41,Dairy,Amul,Amul Cheese,19,2239.181556120096,608.6531418767656,247.14285714285714,10,37.0,23.0,28.0,20.0,26.75,24.625,23.0
2024,42,Dairy,Amul,Amul Cheese,23,2726.79599557446,439.5557013424764,223.5,10,19.0,37.0,23.0,28.0,25.5,24.125,12.0
2024,43,Dairy,Amul,Amul Cheese,12,1561.2852480305073,328.42153188684335,309.3333333333333,10,23.0,19.0,37.0,23.0,22.75,23.5,16.0
2024,44,Dairy,Amul,Amul Cheese,16,2869.472267738587,389.6205991209497,374.6,11,12.0,23.0,19.0,37.0,17.5,22.25,28.0
2024,45,Dairy,Amul,Amul Cheese,28,3665.314291132459,729.197609973577,257.625,11,16.0,12.0,23.0,19.0,19.75,23.25,21.0
2024,46,Dairy,Amul,Amul Cheese,21,2829.929811685432,570.4316696119076,334.875,11,28.0,16.0,12.0,23.0,19.25,22.375,33.0
2024,47,Dairy,Amul,Amul Cheese,33,3443.1036497188925,624.041960240451,273.44444444444446,11,21.0,28.0,16.0,12.0,24.5,23.625,27.0
2024,48,Dairy,Amul,Amul Cheese,27,4114.499513943008,811.3958041161512,291.8888888888889,11,33.0,21.0,28.0,16.0,27.25,22.375,30.0
2024,49,Dairy,Amul,Amul Cheese,30,4292.227907802065,837.8970517071432,288.2857142857143,12,27.0,33.0,21.0,28.0,27.75,23.75,15.0
2024,50,Dairy,Amul,Amul Cheese,15,2180.9232885615265,313.43315660469284,283.2,12,30.0,27.0,33.0,21.0,26.25,22.75,10.0
2024,51,Dairy,Amul,Amul Cheese,10,571.6825821165064,117.4982908120178,306.8,12,15.0,30.0,27.0,33.0,20.5,22.5,21.0
2024,8,Dairy,Amul,Amul Curd,25,2645.5228068176766,685.5960080329373,253.16666666666666,2,29.0,15.0,12.0,21.0,20.25,21.375,37.0
2024,9,Dairy,Amul,Amul Curd,37,5125.392774469631,1030.1623463617739,256.1111111111111,3,25.0,29.0,15.0,12.0,26.5,23.875,42.0
2024,10,Dairy,Amul,Amul Curd,42,4752.381201066174,831.6859759951525,305.8333333333333,3,37.0,25.0,29.0,15.0,33.25,25.875,27.0
2024,11,Dairy,Amul,Amul Curd,27,4646.635199147178,1008.5866684723333,295.6666666666667,3,42.0,37.0,25.0,29.0,32.75,26.0,18.0
2024,12,Dairy,Amul,Amul Curd,18,2372.3593469230873,474.241527716811,229.33333333333334,3,27.0,42.0,37.0,25.0,31.0,25.625,7.0
2024,13,Dairy,Amul,Amul Curd,7,1367.2494753412639,307.4903577690348,381.3333333333333,3,18.0,27.0,42.0,37.0,23.5,25.0,11.0
2024,14,Dairy,Amul,Amul Curd,11,2224.2449350299325,503.0184650711644,364.4,4,7.0,18.0,27.0,42.0,15.75,24.5,10.0
2024,15,Dairy,Amul,Amul Curd,10,1313.0782601488631,289.02444348530526,171.5,4,11.0,7.0,18.0,27.0,11.5,22.125,19.0
2024,16,Dairy,Amul,Amul Curd,19,2792.072113670238,602.1313193525892,382.0,4,10.0,11.0,7.0,18.0,11.75,21.375,18.0
2024,17,Dairy,Amul,Amul Curd,18,1808.637936674538,485.8297806023712,253.83333333333334,4,19.0,10.0,11.0,7.0,14.5,19.0,18.0
2024,18,Dairy,Amul,Amul Curd,18,3157.6460483799797,792.7340232568355,320.57142857142856,5,18.0,19.0,10.0,11.0,16.25,16.0,51.0
2024,19,Dairy,Amul,Amul Curd,51,6903.344812159819,1361.9399710436408,289.94736842105266,5,18.0,18.0,19.0,10.0,26.5,19.0,22.0
2024,20,Dairy,Amul,Amul Curd,22,3471.1069931947272,827.2026124416499,208.16666666666666,5,51.0,18.0,18.0,19.0,27.25,19.5,7.0
2024,21,Dairy,Amul,Amul Curd,7,726.7493099779712,96.99214002160663,400.3333333333333,5,22.0,51.0,18.0,18.0,24.5,19.5,18.0
2024,22,Dairy,Amul,Amul Curd,18,1979.3562242778914,346.4583524900892,288.0,5,7.0,22.0,51.0,18.0,24.5,20.375,12.0
2024,23,Dairy,Amul,Amul Curd,12,2307.989467969131,617.3844931516503,292.4,6,18.0,7.0,22.0,51.0,14.75,20.625,12.0
2024,24,Dairy,Amul,Amul Curd,12,2193.1508051488318,579.1094402395047,175.75,6,12.0,18.0,7.0,22.0,12.25,19.75,26.0
2024,25,Dairy,Amul,Amul Curd,26,3130.694042860061,529.5865340652061,250.75,6,12.0,12.0,18.0,7.0,17.0,20.75,8.0
2024,26,Dairy,Amul,Amul Curd,8,711.4841310859689,142.14244205140406,307.6666666666667,6,26.0,12.0,12.0,18.0,14.5,19.5,19.0
2024,27,Dairy,Amul,Amul Curd,19,3426.719575521692,682.1981359979534,326.3333333333333,7,8.0,26.0,12.0,12.0,16.25,15.5,34.0
2024,28,Dairy,Amul,Amul Curd,34,6120.34722785352,1101.1042923477498,249.0,7,19.0,8.0,26.0,12.0,21.75,17.0,14.0
2024,29,Dairy,Amul,Amul Curd,14,1857.8658415924701,304.21193682051614,295.3333333333333,7,34.0,19.0,8.0,26.0,18.75,17.875,20.0
2024,30,Dairy,Amul,Amul Curd,20,2534.0261650885222,452.15657470748704,327.4,7,14.0,34.0,19.0,8.0,21.75,18.125,24.0
2024,31,Dairy,Amul,Amul Curd,24,2554.1220439650956,547.322067199066,291.3333333333333,8,20.0,14.0,34.0,19.0,23.0,19.625,19.0
2024,32,Dairy,Amul,Amul Curd,19,2963.399575241192,522.6288930015327,243.0,8,24.0,20.0,14.0,34.0,19.25,20.5,32.0
2024,33,Dairy,Amul,Amul Curd,32,4024.815964000467,843.482960326304,242.0,8,19.0,24.0,20.0,14.0,23.75,21.25,22.0
2024,34,Dairy,Amul,Amul Curd,22,2877.0390060981563,579.9374827234968,326.42857142857144,8,32.0,19.0,24.0,20.0,24.25,23.0,13.0
2024,35,Dairy,Amul,Amul Curd,13,1707.372507876003,449.6205364979582,221.8,8,22.0,32.0,19.0,24.0,21.5,22.25,29.0
2024,36,Dairy,Amul,Amul Curd,29,4940.059320852566,1127.8940254487309,237.0,9,13.0,22.0,32.0,19.0,24.0,21.625,25.0
2024,37,Dairy,Amul,Amul Curd,25,3272.140346225138,713.9571310674322,270.85714285714283,9,29.0,13.0,22.0,32.0,22.25,23.0,29.0
2024,38,Dairy,Amul,Amul Curd,29,3512.603134559812,730.905483735557,329.1111111111111,9,25.0,29.0,13.0,22.0,24.0,24.125,24.0
2024,39,Dairy,Amul,Amul Curd,24,2966.9620997865,585.3864968146174,279.125,9,29.0,25.0,29.0,13.0,26.75,24.125,26.0
2024,40,Dairy,Amul,Amul Curd,26,3922.585746800577,953.4374282447917,345.5833333333333,10,24.0,29.0,25.0,29.0,26.0,25.0,26.0
2024,41,Dairy,Amul,Amul Curd,26,3775.1106833596195,674.6255878940749,257.57142857142856,10,26.0,24.0,29.0,25.0,26.25,24.25,23.0
2024,42,Dairy,Amul,Amul Curd,23,1769.1650352803133,382.3822148330105,238.375,10,26.0,26.0,24.0,29.0,24.75,24.375,22.0
2024,43,Dairy,Amul,Amul Curd,22,3550.6481463745736,576.7393717270558,286.3333333333333,10,23.0,26.0,26.0,24.0,24.25,25.5,36.0
2024,44,Dairy,Amul,Amul Curd,36,4901.483704125612,891.778545742793,314.8,10,22.0,23.0,26.0,26.0,26.75,26.375,29.0
2024,45,Dairy,Amul,Amul Curd,29,3220.4131505784317,644.9141278330543,273.0,11,36.0,22.0,23.0,26.0,27.5,26.875,33.0
2024,46,Dairy,Amul,Amul Curd,33,4522.198335289651,911.4880257089796,238.7,11,29.0,36.0,22.0,23.0,30.0,27.375,13.0
2024,47,Dairy,Amul,Amul Curd,13,1584.932852705817,252.14844896981114,296.2,11,33.0,29.0,36.0,22.0,27.75,26.0,13.0
2024,48,Dairy,Amul,Amul Curd,13,1907.6456905884445,430.51456821615324,266.2,11,13.0,33.0,29.0,36.0,22.0,24.375,19.0
2024,49,Dairy,Amul,Amul Curd,19,3307.9734196171175,863.3920214467541,217.75,12,13.0,13.0,33.0,29.0,19.5,23.5,32.0
2024,50,Dairy,Amul,Amul Curd,32,4045.407190894273,876.4025213441503,211.5,12,19.0,13.0,13.0,33.0,19.25,24.625,25.0
2024,51,Dairy,Amul,Amul Curd,25,3496.5398658372656,630.6537637228489,208.875,12,32.0,19.0,13.0,13.0,22.25,25.0,33.0
2024,8,Dairy,Amul,Amul Milk,13,1397.8128947029152,207.6182630783356,239.33333333333334,2,16.0,20.0,19.0,18.0,17.0,16.875,21.0
2024,9,Dairy,Amul,Amul Milk,21,2438.4423589097237,264.3361403348933,319.625,3,13.0,16.0,20.0,19.0,17.5,16.75,13.0
2024,10,Dairy,Amul,Amul Milk,13,2634.328779698934,478.49944674658263,308.0,3,21.0,13.0,16.0,20.0,15.75,17.0,29.0
2024,11,Dairy,Amul,Amul Milk,29,3847.897394417906,716.6890929667056,222.75,3,13.0,21.0,13.0,16.0,19.0,18.625,38.0
2024,12,Dairy,Amul,Amul Milk,38,3282.0766972819,607.8123110831004,370.8333333333333,3,29.0,13.0,21.0,13.0,25.25,21.125,13.0
2024,13,Dairy,Amul,Amul Milk,13,1643.629058519225,322.3110833375574,383.8,3,38.0,29.0,13.0,21.0,23.25,20.375,50.0
2024,14,Dairy,Amul,Amul Milk,50,6222.034522259367,1126.3136030275305,281.57142857142856,4,13.0,38.0,29.0,13.0,32.5,24.125,18.0
2024,15,Dairy,Amul,Amul Milk,18,1648.3504468687597,370.175957983103,349.8,4,50.0,13.0,38.0,29.0,29.75,24.375,27.0
2024,16,Dairy,Amul,Amul Milk,27,3631.294003810506,626.7906781859537,196.0,4,18.0,50.0,13.0,38.0,27.0,26.125,35.0
2024,17,Dairy,Amul,Amul Milk,35,5031.426328910611,858.8156734230148,267.7,4,27.0,18.0,50.0,13.0,32.5,27.875,19.0
2024,18,Dairy,Amul,Amul Milk,19,1407.5588612427318,239.06788229457294,254.14285714285714,4,35.0,27.0,18.0,50.0,24.75,28.625,18.0
2024,19,Dairy,Amul,Amul Milk,18,1929.1659928528754,449.06590909136406,326.0,5,19.0,35.0,27.0,18.0,24.75,27.25,22.0
2024,20,Dairy,Amul,Amul Milk,22,3228.6422560541705,634.6286803046238,350.0,5,18.0,19.0,35.0,27.0,23.5,25.25,18.0
2024,21,Dairy,Amul,Amul Milk,18,2160.6305030389494,378.156642344997,248.5,5,22.0,18.0,19.0,35.0,19.25,25.875,14.0
2024,22,Dairy,Amul,Amul Milk,14,1224.794645697221,351.0383020268838,264.0,6,18.0,22.0,18.0,19.0,18.0,21.375,26.0
2024,23,Dairy,Amul,Amul Milk,26,3412.782792543765,650.2319310086081,360.0,6,14.0,18.0,22.0,18.0,20.0,22.375,7.0
2024,24,Dairy,Amul,Amul Milk,7,1209.6247480134934,295.82383684434717,330.6666666666667,6,26.0,14.0,18.0,22.0,16.25,19.875,24.0
2024,25,Dairy,Amul,Amul Milk,24,2299.684486437539,411.1038554417953,232.71428571428572,6,7.0,26.0,14.0,18.0,17.75,18.5,17.0
2024,26,Dairy,Amul,Amul Milk,17,2104.3332822074494,455.4106119071574,187.0,6,24.0,7.0,26.0,14.0,18.5,18.25,14.0
2024,27,Dairy,Amul,Amul Milk,14,1265.8190026515026,222.0315448237636,266.6,7,17.0,24.0,7.0,26.0,15.5,17.75,22.0
2024,28,Dairy,Amul,Amul Milk,22,3270.9342763264126,662.2504321521835,286.57142857142856,7,14.0,17.0,24.0,7.0,19.25,17.75,44.0
2024,29,Dairy,Amul,Amul Milk,44,6583.164552137197,1205.670893375847,299.0,7,22.0,14.0,17.0,24.0,24.25,21.0,22.0
2024,30,Dairy,Amul,Amul Milk,22,2980.9435171669465,711.0172222179685,273.875,7,44.0,22.0,14.0,17.0,25.5,22.0,16.0
2024,31,Dairy,Amul,Amul Milk,16,2994.690538037736,601.8553832346364,282.2857142857143,8,22.0,44.0,22.0,14.0,26.0,20.75,15.0
2024,32,Dairy,Amul,Amul Milk,15,1396.051746647189,254.07937160743316,351.6,8,16.0,22.0,44.0,22.0,24.25,21.75,35.0
2024,33,Dairy,Amul,Amul Milk,35,4516.524478019954,878.8627919672844,243.3,8,15.0,16.0,22.0,44.0,22.0,23.125,21.0
2024,34,Dairy,Amul,Amul Milk,21,3407.1901328930103,607.4071887942032,352.75,8,35.0,15.0,16.0,22.0,21.75,23.625,23.0
2024,35,Dairy,Amul,Amul Milk,23,2441.193020694849,485.25842292096513,307.5,8,21.0,35.0,15.0,16.0,23.5,24.75,26.0
2024,36,Dairy,Amul,Amul Milk,26,3830.959215446571,808.9342170613484,286.54545454545456,9,23.0,21.0,35.0,15.0,26.25,25.25,9.0
2024,37,Dairy,Amul,Amul Milk,9,1354.4641211997014,208.70128418945177,273.25,9,26.0,23.0,21.0,35.0,19.75,20.875,23.0
2024,38,Dairy,Amul,Amul Milk,23,3218.6136381840224,683.5650676052121,286.1666666666667,9,9.0,26.0,23.0,21.0,20.25,21.0,18.0
2024,39,Dairy,Amul,Amul Milk,18,1992.13945260888,485.9186681552352,288.6,9,23.0,9.0,26.0,23.0,19.0,21.25,12.0
2024,40,Dairy,Amul,Amul Milk,12,1587.873587551087,283.29859235936755,315.75,9,18.0,23.0,9.0,26.0,15.5,20.875,18.0
2024,41,Dairy,Amul,Amul Milk,18,2677.4520624084707,556.9122334477952,306.2857142857143,10,12.0,18.0,23.0,9.0,17.75,18.75,22.0
2024,42,Dairy,Amul,Amul Milk,22,3024.6217015343877,595.6736692633312,207.44444444444446,10,18.0,12.0,18.0,23.0,17.5,18.875,14.0
2024,43,Dairy,Amul,Amul Milk,14,1171.1248699876924,253.47701131605172,215.66666666666666,10,22.0,18.0,12.0,18.0,16.5,17.75,30.0
2024,44,Dairy,Amul,Amul Milk,30,4032.250304253369,915.1923375622085,394.3333333333333,10,14.0,22.0,18.0,12.0,21.0,18.25,35.0
2024,45,Dairy,Amul,Amul Milk,35,3354.9950814768104,588.1352602062774,313.3076923076923,11,30.0,14.0,22.0,18.0,25.25,21.5,23.0
2024,46,Dairy,Amul,Amul Milk,23,2938.5534291767485,538.1903027865407,215.0,11,35.0,30.0,14.0,22.0,25.5,21.5,25.0
2024,47,Dairy,Amul,Amul Milk,25,2998.1310436122226,582.2525996217678,299.6,11,23.0,35.0,30.0,14.0,28.25,22.375,16.0
2024,48,Dairy,Amul,Amul Milk,16,2367.9283858741633,332.4965227596349,305.14285714285717,12,25.0,23.0,35.0,30.0,24.75,22.875,20.0
2024,49,Dairy,Amul,Amul Milk,20,2278.5684116768393,483.8860134852289,337.0,12,16.0,25.0,23.0,35.0,21.0,23.125,14.0
2024,50,Dairy,Amul,Amul Milk,14,1662.7148797629504,269.8867245542951,183.0,12,20.0,16.0,25.0,23.0,18.75,22.125,26.0
2024,51,Dairy,Amul,Amul Milk,26,3410.165140252673,571.1824486639446,254.375,12,14.0,20.0,16.0,25.0,19.0,23.625,26.0
2024,8,Beverages,Amul,Amul_Beverages_product,96,11339.655046170303,2234.5684270305205,234.36666666666667,2,107.0,98.0,88.0,79.0,97.25,94.875,105.0
2024,9,Beverages,Amul,Amul_Beverages_product,105,13465.19178695596,2460.847921079385,269.8529411764706,3,96.0,107.0,98.0,88.0,101.5,92.625,113.0
2024,10,Beverages,Amul,Amul_Beverages_product,113,15497.618159311409,3069.120852486796,266.44444444444446,3,105.0,96.0,107.0,98.0,105.25,96.5,76.0
2024,11,Beverages,Amul,Amul_Beverages_product,76,9694.219732197214,1875.693155355445,247.67857142857142,3,113.0,105.0,96.0,107.0,97.5,95.25,90.0
2024,12,Beverages,Amul,Amul_Beverages_product,90,12147.46698155776,2318.1168731434905,280.78125,3,76.0,113.0,105.0,96.0,96.0,96.625,82.0
2024,13,Beverages,Amul,Amul_Beverages_product,82,11662.422179016607,2322.9261677773343,302.82142857142856,3,90.0,76.0,113.0,105.0,90.25,95.875,73.0
2024,14,Beverages,Amul,Amul_Beverages_product,73,9297.446515308722,1411.9858572076623,311.8,4,82.0,90.0,76.0,113.0,80.25,92.75,84.0
2024,15,Beverages,Amul,Amul_Beverages_product,84,11221.07317674957,2344.508641373515,298.40625,4,73.0,82.0,90.0,76.0,82.25,89.875,119.0
2024,16,Beverages,Amul,Amul_Beverages_product,119,15016.225561612531,2877.945797084225,247.84615384615384,4,84.0,73.0,82.0,90.0,89.5,92.75,72.0
2024,17,Beverages,Amul,Amul_Beverages_product,72,10227.038668320716,1879.477180603904,282.0,4,119.0,84.0,73.0,82.0,87.0,88.625,132.0
2024,18,Beverages,Amul,Amul_Beverages_product,132,18308.28822873993,3674.913417260039,275.7567567567568,5,72.0,119.0,84.0,73.0,101.75,91.0,83.0
2024,19,Beverages,Amul,Amul_Beverages_product,83,8249.89497753801,1603.3453697931768,266.46666666666664,5,132.0,72.0,119.0,84.0,101.5,91.875,101.0
2024,20,Beverages,Amul,Amul_Beverages_product,101,13983.314952081708,2687.0283038958646,255.8,5,83.0,132.0,72.0,119.0,97.0,93.25,85.0
2024,21,Beverages,Amul,Amul_Beverages_product,85,10570.970032922593,2030.6968006137818,275.12,5,101.0,83.0,132.0,72.0,100.25,93.625,94.0
2024,22,Beverages,Amul,Amul_Beverages_product,94,13449.262017553034,2921.640656383849,245.59375,6,85.0,101.0,83.0,132.0,90.75,96.25,79.0
2024,23,Beverages,Amul,Amul_Beverages_product,79,9641.522488156683,1538.8036461388979,304.60714285714283,6,94.0,85.0,101.0,83.0,89.75,95.625,76.0
2024,24,Beverages,Amul,Amul_Beverages_product,76,11672.711902879919,2598.091090251557,277.0,6,79.0,94.0,85.0,101.0,83.5,90.25,122.0
2024,25,Beverages,Amul,Amul_Beverages_product,122,17326.599345086106,3598.082654216881,270.22222222222223,6,76.0,79.0,94.0,85.0,92.75,96.5,117.0
2024,26,Beverages,Amul,Amul_Beverages_product,117,15427.620129221943,3119.951778160529,314.0285714285714,6,122.0,76.0,79.0,94.0,98.5,94.625,79.0
2024,27,Beverages,Amul,Amul_Beverages_product,79,9520.848497301871,1795.3991556178798,307.16,7,117.0,122.0,76.0,79.0,98.5,94.125,115.0
2024,28,Beverages,Amul,Amul_Beverages_product,115,16788.347109894523,3376.882914159315,285.3333333333333,7,79.0,117.0,122.0,76.0,108.25,95.875,122.0
2024,29,Beverages,Amul,Amul_Beverages_product,122,16596.41942244406,3714.5922831238818,297.0,7,115.0,79.0,117.0,122.0,108.25,100.5,77.0
2024,30,Beverages,Amul,Amul_Beverages_product,77,9174.154615713474,2105.5092674897915,260.11538461538464,7,122.0,115.0,79.0,117.0,98.25,98.375,71.0
2024,31,Beverages,Amul,Amul_Beverages_product,71,8370.945882878279,1934.1206412179563,199.8095238095238,8,77.0,122.0,115.0,79.0,96.25,97.375,102.0
2024,32,Beverages,Amul,Amul_Beverages_product,102,10154.360397828104,1773.3694534945698,273.67857142857144,8,71.0,77.0,122.0,115.0,93.0,100.625,104.0
2024,33,Beverages,Amul,Amul_Beverages_product,104,10735.446800330248,2194.7646757886855,259.258064516129,8,102.0,71.0,77.0,122.0,88.5,98.375,96.0
2024,34,Beverages,Amul,Amul_Beverages_product,96,12418.359732760538,2668.680509435339,289.28125,8,104.0,102.0,71.0,77.0,93.25,95.75,101.0
2024,35,Beverages,Amul,Amul_Beverages_product,101,11852.761206558844,2285.2806111785267,253.4375,8,96.0,104.0,102.0,71.0,100.75,98.5,90.0
2024,36,Beverages,Amul,Amul_Beverages_product,90,10347.33226553887,2087.7876870182554,245.59259259259258,9,101.0,96.0,104.0,102.0,97.75,95.375,87.0
2024,37,Beverages,Amul,Amul_Beverages_product,87,10682.762572991556,2095.0188659142073,229.68965517241378,9,90.0,101.0,96.0,104.0,93.5,91.0,74.0
2024,38,Beverages,Amul,Amul_Beverages_product,74,10053.861695311414,2375.2373085616955,264.0,9,87.0,90.0,101.0,96.0,88.0,90.625,106.0
2024,39,Beverages,Amul,Amul_Beverages_product,106,13517.141223834673,2693.2512723108925,282.0625,9,74.0,87.0,90.0,101.0,89.25,95.0,81.0
2024,40,Beverages,Amul,Amul_Beverages_product,81,9582.318834699865,1872.6297392452057,286.7692307692308,10,106.0,74.0,87.0,90.0,87.0,92.375,68.0
2024,41,Beverages,Amul,Amul_Beverages_product,68,10598.857258069074,1794.9569635985936,252.5,10,81.0,106.0,74.0,87.0,82.25,87.875,85.0
2024,42,Beverages,Amul,Amul_Beverages_product,85,10517.964046672876,1877.8772542053146,233.25,10,68.0,81.0,106.0,74.0,85.0,86.5,111.0
2024,43,Beverages,Amul,Amul_Beverages_product,111,15468.292361324488,3294.088248178405,277.37142857142857,10,85.0,68.0,81.0,106.0,86.25,87.75,122.0
2024,44,Beverages,Amul,Amul_Beverages_product,122,18793.47779520781,3965.354971131669,220.6578947368421,10,111.0,85.0,68.0,81.0,96.5,91.75,70.0
2024,45,Beverages,Amul,Amul_Beverages_product,70,10962.494281803818,2187.6517060906435,249.8181818181818,11,122.0,111.0,85.0,68.0,97.0,89.625,88.0
2024,46,Beverages,Amul,Amul_Beverages_product,88,11798.425014255508,2372.6131526124964,282.14285714285717,11,70.0,122.0,111.0,85.0,97.75,91.375,93.0
2024,47,Beverages,Amul,Amul_Beverages_product,93,11420.50669292151,2813.2223263641868,281.39285714285717,11,88.0,70.0,122.0,111.0,93.25,89.75,97.0
2024,48,Beverages,Amul,Amul_Beverages_product,97,10137.517899094437,2038.9215217554652,259.44117647058823,11,93.0,88.0,70.0,122.0,87.0,91.75,97.0
2024,49,Beverages,Amul,Amul_Beverages_product,97,13641.215943883984,2647.1580831748033,251.6875,12,97.0,93.0,88.0,70.0,93.75,95.375,86.0
2024,50,Beverages,Amul,Amul_Beverages_product,86,9963.144702351898,1727.7873801745288,272.40625,12,97.0,97.0,93.0,88.0,93.25,95.5,106.0
2024,51,Beverages,Amul,Amul_Beverages_product,106,13995.365080852971,2759.623063737848,267.55882352941177,12,86.0,97.0,97.0,93.0,96.5,94.875,89.0
2024,8,Fruits,Amul,Amul_Fruits_product,87,11920.753452253608,2425.997670215744,277.18518518518516,2,68.0,78.0,90.0,115.0,80.75,85.5,93.0
2024,9,Fruits,Amul,Amul_Fruits_product,93,13483.636509063686,2965.76358324783,295.5483870967742,3,87.0,68.0,78.0,90.0,81.5,85.0,68.0
2024,10,Fruits,Amul,Amul_Fruits_product,68,10626.758683604534,2425.622475987363,257.0,3,93.0,87.0,68.0,78.0,79.0,83.0,71.0
2024,11,Fruits,Amul,Amul_Fruits_product,71,8538.663038923765,1696.0449699480057,285.41379310344826,3,68.0,93.0,87.0,68.0,79.75,83.75,74.0
2024,12,Fruits,Amul,Amul_Fruits_product,74,9170.544426398212,1801.4081301182282,285.62068965517244,3,71.0,68.0,93.0,87.0,76.5,78.625,48.0
2024,13,Fruits,Amul,Amul_Fruits_product,48,6367.036522670961,1416.5550582680414,286.36842105263156,3,74.0,71.0,68.0,93.0,65.25,73.375,65.0
2024,14,Fruits,Amul,Amul_Fruits_product,65,10316.939836971227,2040.818560113109,276.03846153846155,4,48.0,74.0,71.0,68.0,64.5,71.75,59.0
2024,15,Fruits,Amul,Amul_Fruits_product,59,7719.133548338069,1646.6767926773418,281.27777777777777,4,65.0,48.0,74.0,71.0,61.5,70.625,82.0
2024,16,Fruits,Amul,Amul_Fruits_product,82,9793.800427978218,2007.8225470863806,286.7857142857143,4,59.0,65.0,48.0,74.0,63.5,70.0,65.0
2024,17,Fruits,Amul,Amul_Fruits_product,65,9494.898418553992,1821.0927213674556,270.6521739130435,4,82.0,59.0,65.0,48.0,67.75,66.5,91.0
2024,18,Fruits,Amul,Amul_Fruits_product,91,12069.69595932665,2405.3393103964063,273.47058823529414,5,65.0,82.0,59.0,65.0,74.25,69.375,95.0
2024,19,Fruits,Amul,Amul_Fruits_product,95,13637.11016306161,2741.643068264887,271.59375,5,91.0,65.0,82.0,59.0,83.25,72.375,106.0
2024,20,Fruits,Amul,Amul_Fruits_product,106,17046.70897613967,3748.413422299495,284.4375,5,95.0,91.0,65.0,82.0,89.25,76.375,71.0
2024,21,Fruits,Amul,Amul_Fruits_product,71,8756.772017828123,1645.7993882228188,271.375,5,106.0,95.0,91.0,65.0,90.75,79.25,89.0
2024,22,Fruits,Amul,Amul_Fruits_product,89,12664.58627788689,2697.7547567309603,270.57142857142856,6,71.0,106.0,95.0,91.0,90.25,82.25,99.0
2024,23,Fruits,Amul,Amul_Fruits_product,99,11262.269303234945,2357.893685833327,303.0357142857143,6,89.0,71.0,106.0,95.0,91.25,87.25,90.0
2024,24,Fruits,Amul,Amul_Fruits_product,90,11734.848437485814,2316.3809294015186,289.34375,6,99.0,89.0,71.0,106.0,87.25,88.25,122.0
2024,25,Fruits,Amul,Amul_Fruits_product,122,14950.936381617086,3038.545590551792,303.56410256410254,6,90.0,99.0,89.0,71.0,100.0,95.375,79.0
2024,26,Fruits,Amul,Amul_Fruits_product,79,11853.83282116021,2431.2909551749326,261.5,6,122.0,90.0,99.0,89.0,97.5,93.875,103.0
2024,27,Fruits,Amul,Amul_Fruits_product,103,13173.798660380126,2785.5625418393197,283.2857142857143,7,79.0,122.0,90.0,99.0,98.5,94.875,83.0
2024,28,Fruits,Amul,Amul_Fruits_product,83,12806.54063717474,2535.264025147733,251.23076923076923,7,103.0,79.0,122.0,90.0,96.75,92.0,101.0
2024,29,Fruits,Amul,Amul_Fruits_product,101,14061.583821501117,3015.680563563941,289.0,7,83.0,103.0,79.0,122.0,91.5,95.75,72.0
2024,30,Fruits,Amul,Amul_Fruits_product,72,11773.732941426142,2507.1971896435875,259.2916666666667,7,101.0,83.0,103.0,79.0,89.75,93.625,65.0
2024,31,Fruits,Amul,Amul_Fruits_product,65,9217.659440335166,1693.5203727671458,253.54545454545453,7,72.0,101.0,83.0,103.0,80.25,89.375,83.0
2024,32,Fruits,Amul,Amul_Fruits_product,83,10124.148401976194,2367.8221347537365,303.72,8,65.0,72.0,101.0,83.0,80.25,88.5,105.0
2024,33,Fruits,Amul,Amul_Fruits_product,105,13839.310393516855,2808.579213804764,274.4193548387097,8,83.0,65.0,72.0,101.0,81.25,86.375,82.0
2024,34,Fruits,Amul,Amul_Fruits_product,82,10652.676766757817,1960.7065126553764,295.4230769230769,8,105.0,83.0,65.0,72.0,83.75,86.75,103.0
2024,35,Fruits,Amul,Amul_Fruits_product,103,13543.68393152997,2508.395559753825,245.54285714285714,8,82.0,105.0,83.0,65.0,93.25,86.75,131.0
2024,36,Fruits,Amul,Amul_Fruits_product,131,17848.0534160391,4075.9431010319386,249.925,9,103.0,82.0,105.0,83.0,105.25,92.75,107.0
2024,37,Fruits,Amul,Amul_Fruits_product,107,12918.898661517253,2369.9515396547094,286.9428571428571,9,131.0,103.0,82.0,105.0,105.75,93.5,74.0
2024,38,Fruits,Amul,Amul_Fruits_product,74,8787.634394747794,1688.4645735158886,248.1851851851852,9,107.0,131.0,103.0,82.0,103.75,93.75,91.0
2024,39,Fruits,Amul,Amul_Fruits_product,91,11313.89663716983,1884.5672677838998,303.6060606060606,9,74.0,107.0,131.0,103.0,100.75,97.0,66.0
2024,40,Fruits,Amul,Amul_Fruits_product,66,10356.630560875676,2018.5058992567465,272.3076923076923,10,91.0,74.0,107.0,131.0,84.5,94.875,92.0
2024,41,Fruits,Amul,Amul_Fruits_product,92,11820.517039349026,2273.871506667283,279.5483870967742,10,66.0,91.0,74.0,107.0,80.75,93.25,67.0
2024,42,Fruits,Amul,Amul_Fruits_product,67,7897.758445483287,1472.9648599721193,286.6363636363636,10,92.0,66.0,91.0,74.0,79.0,91.375,75.0
2024,43,Fruits,Amul,Amul_Fruits_product,75,8877.069806102729,1967.1860055589186,281.2142857142857,10,67.0,92.0,66.0,91.0,75.0,87.875,104.0
2024,44,Fruits,Amul,Amul_Fruits_product,104,13910.24013466161,2722.659975210003,263.09375,10,75.0,67.0,92.0,66.0,84.5,84.5,81.0
2024,45,Fruits,Amul,Amul_Fruits_product,81,11442.15888947489,2555.3520270969584,275.5357142857143,11,104.0,75.0,67.0,92.0,81.75,81.25,104.0
2024,46,Fruits,Amul,Amul_Fruits_product,104,13395.934901163702,2538.3400080400506,282.25,11,81.0,104.0,75.0,67.0,91.0,85.0,65.0
2024,47,Fruits,Amul,Amul_Fruits_product,65,8087.282062429992,1665.7371914139692,299.48,11,104.0,81.0,104.0,75.0,88.5,81.75,69.0
2024,48,Fruits,Amul,Amul_Fruits_product,69,9151.785586934417,1958.3442043505434,234.21428571428572,12,65.0,104.0,81.0,104.0,79.75,82.125,91.0
2024,49,Fruits,Amul,Amul_Fruits_product,91,11672.217172794926,2236.804697889769,270.8965517241379,12,69.0,65.0,104.0,81.0,82.25,82.0,92.0
2024,50,Fruits,Amul,Amul_Fruits_product,92,12924.188653787742,2117.932560466283,276.6,12,91.0,69.0,65.0,104.0,79.25,85.125,81.0
2024,51,Fruits,Amul,Amul_Fruits_product,81,7587.456554081277,1393.469987551827,292.0769230769231,12,92.0,91.0,69.0,65.0,83.25,85.875,92.0
2024,8,Grocery,Amul,Amul_Grocery_product,119,15741.858005863573,2971.154356365117,278.77777777777777,2,108.0,101.0,82.0,107.0,102.5,103.625,53.0
2024,9,Grocery,Amul,Amul_Grocery_product,53,6745.016958929996,1341.9102451170704,257.3333333333333,2,119.0,108.0,101.0,82.0,95.25,95.125,87.0
2024,10,Grocery,Amul,Amul_Grocery_product,87,11140.4577471375,1922.2520911802271,289.10714285714283,3,53.0,119.0,108.0,101.0,91.75,95.0,77.0
2024,11,Grocery,Amul,Amul_Grocery_product,77,9065.980576167209,1536.856176211693,282.14285714285717,3,87.0,53.0,119.0,108.0,84.0,91.75,103.0
2024,12,Grocery,Amul,Amul_Grocery_product,103,11162.293956976908,2038.869293347718,238.8181818181818,3,77.0,87.0,53.0,119.0,80.0,91.25,107.0
2024,13,Grocery,Amul,Amul_Grocery_product,107,14782.982474379132,3140.3846322694194,270.54285714285714,3,103.0,77.0,87.0,53.0,93.5,94.375,121.0
2024,14,Grocery,Amul,Amul_Grocery_product,121,14612.81950344375,2641.181049541484,299.7631578947368,4,107.0,103.0,77.0,87.0,102.0,96.875,78.0
2024,15,Grocery,Amul,Amul_Grocery_product,78,10931.410833925916,1947.8538143781332,275.25,4,121.0,107.0,103.0,77.0,102.25,93.125,69.0
2024,16,Grocery,Amul,Amul_Grocery_product,69,10358.764378687796,2104.091915670105,271.42857142857144,4,78.0,121.0,107.0,103.0,93.75,86.875,116.0
2024,17,Grocery,Amul,Amul_Grocery_product,116,14450.929422787924,2927.5172147256953,215.7027027027027,4,69.0,78.0,121.0,107.0,96.0,94.75,88.0
2024,18,Grocery,Amul,Amul_Grocery_product,88,10789.894079895857,2031.8500301046215,269.83870967741933,5,116.0,69.0,78.0,121.0,87.75,94.875,113.0
2024,19,Grocery,Amul,Amul_Grocery_product,113,15977.196199562564,3220.0044782828663,246.76315789473685,5,88.0,116.0,69.0,78.0,96.5,99.375,103.0
2024,20,Grocery,Amul,Amul_Grocery_product,103,16054.63392620343,3616.307742583313,299.9428571428571,5,113.0,88.0,116.0,69.0,105.0,99.375,83.0
2024,21,Grocery,Amul,Amul_Grocery_product,83,11786.867108964008,2343.921285241382,285.0,5,103.0,113.0,88.0,116.0,96.75,96.375,95.0
2024,22,Grocery,Amul,Amul_Grocery_product,95,11575.023295503972,2313.283682632489,276.4,5,83.0,103.0,113.0,88.0,98.5,93.125,91.0
2024,23,Grocery,Amul,Amul_Grocery_product,91,12925.905348934039,2260.083205786207,255.63636363636363,6,95.0,83.0,103.0,113.0,93.0,94.75,85.0
2024,24,Grocery,Amul,Amul_Grocery_product,85,8452.29894289397,1772.7342634300483,273.88461538461536,6,91.0,95.0,83.0,103.0,88.5,96.75,119.0
2024,25,Grocery,Amul,Amul_Grocery_product,119,15173.654682008297,3177.155330027423,274.13513513513516,6,85.0,91.0,95.0,83.0,97.5,97.125,84.0
2024,26,Grocery,Amul,Amul_Grocery_product,84,12809.428918218073,2502.6254774704544,319.76,6,119.0,85.0,91.0,95.0,94.75,96.625,88.0
2024,27,Grocery,Amul,Amul_Grocery_product,88,10648.163277453797,2139.667801614571,299.962962962963,7,84.0,119.0,85.0,91.0,94.0,93.5,116.0
2024,28,Grocery,Amul,Amul_Grocery_product,116,16932.019921105642,3452.333269187905,289.8780487804878,7,88.0,84.0,119.0,85.0,101.75,95.125,62.0
2024,29,Grocery,Amul,Amul_Grocery_product,62,9059.826975509026,1887.8412446091183,303.375,7,116.0,88.0,84.0,119.0,87.5,92.5,95.0
2024,30,Grocery,Amul,Amul_Grocery_product,95,13201.37026554125,2762.6248477343834,246.75757575757575,7,62.0,116.0,88.0,84.0,90.25,92.5,50.0
2024,31,Grocery,Amul,Amul_Grocery_product,50,8452.55954890549,2138.8412387917433,264.1764705882353,7,95.0,62.0,116.0,88.0,80.75,87.375,78.0
2024,32,Grocery,Amul,Amul_Grocery_product,78,8248.373047611894,1642.4374960703583,260.04347826086956,8,50.0,95.0,62.0,116.0,71.25,86.5,103.0
2024,33,Grocery,Amul,Amul_Grocery_product,103,15806.522796311028,3458.0251601280715,271.125,8,78.0,50.0,95.0,62.0,81.5,84.5,115.0
2024,34,Grocery,Amul,Amul_Grocery_product,115,14665.563988515258,2801.1750835019184,255.85365853658536,8,103.0,78.0,50.0,95.0,86.5,88.375,93.0
2024,35,Grocery,Amul,Amul_Grocery_product,93,11616.223332315856,2420.0322649174736,285.5483870967742,8,115.0,103.0,78.0,50.0,97.25,89.0,94.0
2024,36,Grocery,Amul,Amul_Grocery_product,94,12161.81078492129,2561.6419396658516,263.0,9,93.0,115.0,103.0,78.0,101.25,86.25,76.0
2024,37,Grocery,Amul,Amul_Grocery_product,76,9752.1010887275,1852.6726081144225,250.04166666666666,9,94.0,93.0,115.0,103.0,94.5,88.0,115.0
2024,38,Grocery,Amul,Amul_Grocery_product,115,15650.79250942165,2940.6874715454705,304.94736842105266,9,76.0,94.0,93.0,115.0,94.5,90.5,78.0
2024,39,Grocery,Amul,Amul_Grocery_product,78,10710.398915776324,2473.9560363773785,249.0,9,115.0,76.0,94.0,93.0,90.75,94.0,93.0
2024,40,Grocery,Amul,Amul_Grocery_product,93,12837.127027324974,2544.2377727836097,233.71875,10,78.0,115.0,76.0,94.0,90.5,95.875,103.0
2024,41,Grocery,Amul,Amul_Grocery_product,103,12107.527539604316,2458.065706892997,304.51612903225805,10,93.0,78.0,115.0,76.0,97.25,95.875,89.0
2024,42,Grocery,Amul,Amul_Grocery_product,89,10437.891209856458,2110.2966608154707,332.625,10,103.0,93.0,78.0,115.0,90.75,92.625,116.0
2024,43,Grocery,Amul,Amul_Grocery_product,116,13881.80614200174,3021.8338424350404,254.0810810810811,10,89.0,103.0,93.0,78.0,100.25,95.5,97.0
2024,44,Grocery,Amul,Amul_Grocery_product,97,11217.037410590818,2463.6080675783724,316.48387096774195,11,116.0,89.0,103.0,93.0,101.25,95.875,62.0
2024,45,Grocery,Amul,Amul_Grocery_product,62,8857.855074958889,1729.1107345311268,243.54166666666666,11,97.0,116.0,89.0,103.0,91.0,94.125,65.0
2024,46,Grocery,Amul,Amul_Grocery_product,65,9455.806613474924,2063.37492506287,284.7391304347826,11,62.0,97.0,116.0,89.0,85.0,87.875,93.0
2024,47,Grocery,Amul,Amul_Grocery_product,93,10386.58071145731,2403.6167310038295,297.51612903225805,11,65.0,62.0,97.0,116.0,79.25,89.75,92.0
2024,48,Grocery,Amul,Amul_Grocery_product,92,12527.648559755457,2671.532770330739,266.4642857142857,11,93.0,65.0,62.0,97.0,78.0,89.625,94.0
2024,49,Grocery,Amul,Amul_Grocery_product,94,12229.998518239714,2648.5780472033384,287.96666666666664,12,92.0,93.0,65.0,62.0,86.0,88.5,88.0
2024,50,Grocery,Amul,Amul_Grocery_product,88,10602.704750562587,2241.1246824168024,317.9032258064516,12,94.0,92.0,93.0,65.0,91.75,88.375,103.0
2024,51,Grocery,Amul,Amul_Grocery_product,103,12370.243660466345,2619.722889676884,254.33333333333334,12,88.0,94.0,92.0,93.0,94.25,86.75,94.0
2024,8,Home Care,Amul,Amul_Home Care_product,71,10226.801913533347,2274.729756001576,266.92,2,97.0,99.0,95.0,108.0,90.5,94.0,88.0
2024,9,Home Care,Amul,Amul_Home Care_product,88,13438.181679750178,2993.584773280248,284.7857142857143,3,71.0,97.0,99.0,95.0,88.75,92.875,68.0
2024,10,Home Care,Amul,Amul_Home Care_product,68,9220.73837446842,1940.2525639261978,277.1363636363636,3,88.0,71.0,97.0,99.0,81.0,91.0,85.0
2024,11,Home Care,Amul,Amul_Home Care_product,85,10904.630758197836,2565.1459200340896,259.1034482758621,3,68.0,88.0,71.0,97.0,78.0,88.875,97.0
2024,12,Home Care,Amul,Amul_Home Care_product,97,11360.508959246461,2064.084930959381,281.030303030303,3,85.0,68.0,88.0,71.0,84.5,87.5,83.0
2024,13,Home Care,Amul,Amul_Home Care_product,83,9412.583085607905,1635.4366819404497,244.69565217391303,3,97.0,85.0,68.0,88.0,83.25,86.0,91.0
2024,14,Home Care,Amul,Amul_Home Care_product,91,10892.546152579975,2063.2449241257395,311.03125,4,83.0,97.0,85.0,68.0,89.0,85.0,122.0
2024,15,Home Care,Amul,Amul_Home Care_product,122,14327.869838876726,2985.4418977270784,250.45945945945945,4,91.0,83.0,97.0,85.0,98.25,88.125,96.0
2024,16,Home Care,Amul,Amul_Home Care_product,96,13794.138036156028,2687.0891721531634,268.64864864864865,4,122.0,91.0,83.0,97.0,98.0,91.25,76.0
2024,17,Home Care,Amul,Amul_Home Care_product,76,12023.009066989205,2431.2112601939525,274.44,4,96.0,122.0,91.0,83.0,96.25,89.75,89.0
2024,18,Home Care,Amul,Amul_Home Care_product,89,11488.487343959709,2721.805440644301,296.125,4,76.0,96.0,122.0,91.0,95.75,92.375,91.0
2024,19,Home Care,Amul,Amul_Home Care_product,91,12128.952828705353,2310.3889909598147,288.21875,5,89.0,76.0,96.0,122.0,88.0,93.125,75.0
2024,20,Home Care,Amul,Amul_Home Care_product,75,11510.233648719563,2320.705741293545,305.61538461538464,5,91.0,89.0,76.0,96.0,82.75,90.375,106.0
2024,21,Home Care,Amul,Amul_Home Care_product,106,13514.864076899928,2692.3079219376677,274.3939393939394,5,75.0,91.0,89.0,76.0,90.25,93.25,135.0
2024,22,Home Care,Amul,Amul_Home Care_product,135,17251.550687552357,3791.12585997321,258.4186046511628,5,106.0,75.0,91.0,89.0,101.75,98.75,91.0
2024,23,Home Care,Amul,Amul_Home Care_product,91,13207.36117954442,2604.013179116858,276.741935483871,6,135.0,106.0,75.0,91.0,101.75,94.875,108.0
2024,24,Home Care,Amul,Amul_Home Care_product,108,12515.639329594485,2222.1334838994812,289.275,6,91.0,135.0,106.0,75.0,110.0,96.375,75.0
2024,25,Home Care,Amul,Amul_Home Care_product,75,13305.746731617937,3150.8396641921718,302.12,6,108.0,91.0,135.0,106.0,102.25,96.25,96.0
2024,26,Home Care,Amul,Amul_Home Care_product,96,12335.49308841631,2616.6806904245614,249.84375,6,75.0,108.0,91.0,135.0,92.5,97.125,91.0
2024,27,Home Care,Amul,Amul_Home Care_product,91,11068.87843430836,2146.7672823356556,310.38461538461536,7,96.0,75.0,108.0,91.0,92.5,97.125,116.0
2024,28,Home Care,Amul,Amul_Home Care_product,116,14792.114008120281,3233.505976406146,267.94444444444446,7,91.0,96.0,75.0,108.0,94.5,102.25,113.0
2024,29,Home Care,Amul,Amul_Home Care_product,113,14552.837730856108,2480.031367671805,302.5135135135135,7,116.0,91.0,96.0,75.0,104.0,103.125,87.0
2024,30,Home Care,Amul,Amul_Home Care_product,87,10591.080720662716,2056.3120444406686,262.03125,7,113.0,116.0,91.0,96.0,101.75,97.125,80.0
2024,31,Home Care,Amul,Amul_Home Care_product,80,9668.97071608446,2037.7641256784775,242.55555555555554,7,87.0,113.0,116.0,91.0,99.0,95.75,118.0
2024,32,Home Care,Amul,Amul_Home Care_product,118,16389.981816952357,3555.0478990881434,285.2307692307692,8,80.0,87.0,113.0,116.0,99.5,97.0,82.0
2024,33,Home Care,Amul,Amul_Home Care_product,82,11823.795475810059,2538.2030989831305,265.37931034482756,8,118.0,80.0,87.0,113.0,91.75,97.875,99.0
2024,34,Home Care,Amul,Amul_Home Care_product,99,12795.188100330864,2670.464507389365,283.56666666666666,8,82.0,118.0,80.0,87.0,94.75,98.25,108.0
2024,35,Home Care,Amul,Amul_Home Care_product,108,13930.442001497659,3164.404713782671,288.2631578947368,8,99.0,82.0,118.0,80.0,101.75,100.375,109.0
2024,36,Home Care,Amul,Amul_Home Care_product,109,15023.108368908719,3152.1149092043975,315.90909090909093,9,108.0,99.0,82.0,118.0,99.5,99.5,81.0
2024,37,Home Care,Amul,Amul_Home Care_product,81,10672.572780915893,2084.782643857633,300.5,9,109.0,108.0,99.0,82.0,99.25,95.5,136.0
2024,38,Home Care,Amul,Amul_Home Care_product,136,16699.669899590863,3320.5376989793162,270.45454545454544,9,81.0,109.0,108.0,99.0,108.5,101.625,104.0
2024,39,Home Care,Amul,Amul_Home Care_product,104,14833.832286617599,3160.1371511036823,238.30555555555554,9,136.0,81.0,109.0,108.0,107.5,104.625,110.0
2024,40,Home Care,Amul,Amul_Home Care_product,110,14676.436391668596,2685.8342399872986,243.31578947368422,10,104.0,136.0,81.0,109.0,107.75,103.625,68.0
2024,41,Home Care,Amul,Amul_Home Care_product,68,6093.459105485656,1260.2767875029824,295.7307692307692,10,110.0,104.0,136.0,81.0,104.5,101.875,132.0
2024,42,Home Care,Amul,Amul_Home Care_product,132,17973.13793099733,3915.98684394014,300.8157894736842,10,68.0,110.0,104.0,136.0,103.5,106.0,106.0
2024,43,Home Care,Amul,Amul_Home Care_product,106,14886.844344343817,3037.960381284832,266.83870967741933,10,132.0,68.0,110.0,104.0,104.0,105.75,60.0
2024,44,Home Care,Amul,Amul_Home Care_product,60,8686.205720166758,1871.4501131504855,324.68,10,106.0,132.0,68.0,110.0,91.5,99.625,94.0
2024,45,Home Care,Amul,Amul_Home Care_product,94,12925.240500667776,2885.121242189582,312.7241379310345,11,60.0,106.0,132.0,68.0,98.0,101.25,106.0
2024,46,Home Care,Amul,Amul_Home Care_product,106,12547.648445820023,2501.9004189214347,223.05263157894737,11,94.0,60.0,106.0,132.0,91.5,97.5,110.0
2024,47,Home Care,Amul,Amul_Home Care_product,110,14046.955070576994,2871.0627070991086,315.53333333333336,11,106.0,94.0,60.0,106.0,92.5,98.25,70.0
2024,48,Home Care,Amul,Amul_Home Care_product,70,8551.863878594046,1855.2204797099016,312.85185185185185,11,110.0,106.0,94.0,60.0,95.0,93.25,73.0
2024,49,Home Care,Amul,Amul_Home Care_product,73,9893.65498363575,1815.5662301961956,292.88,12,70.0,110.0,106.0,94.0,89.75,93.875,59.0
2024,50,Home Care,Amul,Amul_Home Care_product,59,7594.166964739705,1390.8401883756374,288.0,12,73.0,70.0,110.0,106.0,78.0,84.75,59.0
2024,51,Home Care,Amul,Amul_Home Care_product,59,7932.474677069682,1540.295750821944,306.14285714285717,12,59.0,73.0,70.0,110.0,65.25,78.875,91.0
2024,8,Personal Care,Amul,Amul_Personal Care_product,97,12897.146123876779,2872.9753837390017,261.6578947368421,2,100.0,111.0,80.0,66.0,97.0,86.125,110.0
2024,9,Personal Care,Amul,Amul_Personal Care_product,110,16051.464460289637,3287.079006200704,276.6857142857143,2,97.0,100.0,111.0,80.0,104.5,92.25,118.0
2024,10,Personal Care,Amul,Amul_Personal Care_product,118,16588.879196742677,3405.2645807511813,246.63888888888889,3,110.0,97.0,100.0,111.0,106.25,96.75,87.0
2024,11,Personal Care,Amul,Amul_Personal Care_product,87,12674.434663698845,2675.710741208132,268.06451612903226,3,118.0,110.0,97.0,100.0,103.0,96.125,70.0
2024,12,Personal Care,Amul,Amul_Personal Care_product,70,8299.830581030998,1567.0227370221685,292.1363636363636,3,87.0,118.0,110.0,97.0,96.25,96.625,85.0
2024,13,Personal Care,Amul,Amul_Personal Care_product,85,9625.748423905025,1830.8657852455503,302.4230769230769,3,70.0,87.0,118.0,110.0,90.0,97.25,86.0
2024,14,Personal Care,Amul,Amul_Personal Care_product,86,10592.891438321873,2017.2426973505987,262.06666666666666,4,85.0,70.0,87.0,118.0,82.0,94.125,98.0
2024,15,Personal Care,Amul,Amul_Personal Care_product,98,14438.480492915536,2620.8166798926272,267.37931034482756,4,86.0,85.0,70.0,87.0,84.75,93.875,103.0
2024,16,Personal Care,Amul,Amul_Personal Care_product,103,14802.698385654578,3028.217320841872,260.7878787878788,4,98.0,86.0,85.0,70.0,93.0,94.625,90.0
2024,17,Personal Care,Amul,Amul_Personal Care_product,90,13489.367969678618,3072.6168689098763,288.48387096774195,4,103.0,98.0,86.0,85.0,94.25,92.125,72.0
2024,18,Personal Care,Amul,Amul_Personal Care_product,72,11744.072862788966,2356.1685862273507,249.79166666666666,5,90.0,103.0,98.0,86.0,90.75,86.375,111.0
2024,19,Personal Care,Amul,Amul_Personal Care_product,111,15732.013015969107,3005.7604828576536,239.5142857142857,5,72.0,90.0,103.0,98.0,94.0,89.375,100.0
2024,20,Personal Care,Amul,Amul_Personal Care_product,100,14697.587469601316,3029.8987141890775,270.7352941176471,5,111.0,72.0,90.0,103.0,93.25,93.125,79.0
2024,21,Personal Care,Amul,Amul_Personal Care_product,79,9580.251334755812,1921.5041726471566,325.7307692307692,5,100.0,111.0,72.0,90.0,90.5,92.375,117.0
2024,22,Personal Care,Amul,Amul_Personal Care_product,117,16730.97982676224,3473.9733044845257,284.2432432432432,6,79.0,100.0,111.0,72.0,101.75,96.25,109.0
2024,23,Personal Care,Amul,Amul_Personal Care_product,109,13129.958959238995,2756.200015450317,282.3658536585366,6,117.0,79.0,100.0,111.0,101.25,97.625,72.0
2024,24,Personal Care,Amul,Amul_Personal Care_product,72,7388.853127266077,1509.4722574239984,278.95238095238096,6,109.0,117.0,79.0,100.0,94.25,93.75,88.0
2024,25,Personal Care,Amul,Amul_Personal Care_product,88,12138.443215798277,2719.7098396428414,285.2758620689655,6,72.0,109.0,117.0,79.0,96.5,93.5,88.0
2024,26,Personal Care,Amul,Amul_Personal Care_product,88,10160.809525434173,2050.345497442938,330.7142857142857,6,88.0,72.0,109.0,117.0,89.25,95.5,98.0
2024,27,Personal Care,Amul,Amul_Personal Care_product,98,10379.502516961189,1979.7687468208312,302.0,7,88.0,88.0,72.0,109.0,86.5,93.875,109.0
2024,28,Personal Care,Amul,Amul_Personal Care_product,109,15081.420324044131,3220.4481876009427,270.1081081081081,7,98.0,88.0,88.0,72.0,95.75,95.0,81.0
2024,29,Personal Care,Amul,Amul_Personal Care_product,81,8418.636568631084,1603.4599546783115,225.02941176470588,7,109.0,98.0,88.0,88.0,94.0,95.25,97.0
2024,30,Personal Care,Amul,Amul_Personal Care_product,97,12908.52722880355,2368.251288630724,268.10714285714283,7,81.0,109.0,98.0,88.0,96.25,92.75,97.0
2024,31,Personal Care,Amul,Amul_Personal Care_product,97,15967.428525868545,3348.87909079359,295.19354838709677,7,97.0,81.0,109.0,98.0,96.0,91.25,85.0
2024,32,Personal Care,Amul,Amul_Personal Care_product,85,10233.454424124047,2071.885285548587,301.2758620689655,8,97.0,97.0,81.0,109.0,90.0,92.875,71.0
2024,33,Personal Care,Amul,Amul_Personal Care_product,71,9438.090607771015,1794.408927956972,286.875,8,85.0,97.0,97.0,81.0,87.5,90.75,134.0
2024,34,Personal Care,Amul,Amul_Personal Care_product,134,18071.600707199785,3542.879680477245,278.5135135135135,8,71.0,85.0,97.0,97.0,96.75,96.5,88.0
2024,35,Personal Care,Amul,Amul_Personal Care_product,88,11438.2925759097,1739.6060522970258,263.40625,9,134.0,71.0,85.0,97.0,94.5,95.25,66.0
2024,36,Personal Care,Amul,Amul_Personal Care_product,66,8413.723492010884,1723.8694963182957,259.9047619047619,9,88.0,134.0,71.0,85.0,89.75,89.875,90.0
2024,37,Personal Care,Amul,Amul_Personal Care_product,90,13442.663476832982,2776.567293686495,247.17241379310346,9,66.0,88.0,134.0,71.0,94.5,91.0,50.0
2024,38,Personal Care,Amul,Amul_Personal Care_product,50,5646.150885356362,954.1182184340236,237.76470588235293,9,90.0,66.0,88.0,134.0,73.5,85.125,114.0
2024,39,Personal Care,Amul,Amul_Personal Care_product,114,12088.00844000143,2365.856312709852,260.2352941176471,9,50.0,90.0,66.0,88.0,80.0,87.25,66.0
2024,40,Personal Care,Amul,Amul_Personal Care_product,66,8682.163931687834,1855.7992812509597,285.5,10,114.0,50.0,90.0,66.0,80.0,84.875,87.0
2024,41,Personal Care,Amul,Amul_Personal Care_product,87,11204.004174688185,2521.8231719303917,257.48275862068965,10,66.0,114.0,50.0,90.0,79.25,86.875,88.0
2024,42,Personal Care,Amul,Amul_Personal Care_product,88,10696.80688765192,2216.275284624757,251.97142857142856,10,87.0,66.0,114.0,50.0,88.75,81.125,90.0
2024,43,Personal Care,Amul,Amul_Personal Care_product,90,10674.246317230161,1986.3966461873042,321.26666666666665,10,88.0,87.0,66.0,114.0,82.75,81.375,51.0
2024,44,Personal Care,Amul,Amul_Personal Care_product,51,7200.897547086591,1217.3296329596778,219.0,11,90.0,88.0,87.0,66.0,79.0,79.5,79.0
2024,45,Personal Care,Amul,Amul_Personal Care_product,79,9397.468531857663,1852.3692631367767,290.14285714285717,11,51.0,90.0,88.0,87.0,77.0,78.125,79.0
2024,46,Personal Care,Amul,Amul_Personal Care_product,79,10938.79072847977,2473.472583612223,284.18518518518516,11,79.0,51.0,90.0,88.0,74.75,81.75,71.0
2024,47,Personal Care,Amul,Amul_Personal Care_product,71,10722.810879549821,2216.3411838491443,302.32,11,79.0,79.0,51.0,90.0,70.0,76.375,74.0
2024,48,Personal Care,Amul,Amul_Personal Care_product,74,9707.486845399759,1834.4832389619144,298.7083333333333,11,71.0,79.0,79.0,51.0,75.75,77.375,107.0
2024,49,Personal Care,Amul,Amul_Personal Care_product,107,13088.6241216299,2165.9192664495363,282.8125,12,74.0,71.0,79.0,79.0,82.75,79.875,72.0
2024,50,Personal Care,Amul,Amul_Personal Care_product,72,9579.465350756504,1957.1280997463982,280.8965517241379,12,107.0,74.0,71.0,79.0,81.0,77.875,99.0
2024,51,Personal Care,Amul,Amul_Personal Care_product,99,12648.493695201621,2411.109634429282,277.77777777777777,12,72.0,107.0,74.0,71.0,88.0,79.0,117.0
2024,8,Snacks,Amul,Amul_Snacks_product,85,12882.2621362151,2760.6409003703207,285.5769230769231,2,82.0,107.0,91.0,104.0,91.25,90.375,86.0
2024,9,Snacks,Amul,Amul_Snacks_product,86,11975.313807008351,2221.54297672807,284.2083333333333,3,85.0,82.0,107.0,91.0,90.0,89.625,67.0
2024,10,Snacks,Amul,Amul_Snacks_product,67,10878.003198902754,2407.9701964286833,262.60869565217394,3,86.0,85.0,82.0,107.0,80.0,88.875,82.0
2024,11,Snacks,Amul,Amul_Snacks_product,82,10854.30045069963,1977.5302810002815,230.25,3,67.0,86.0,85.0,82.0,80.0,88.0,99.0
2024,12,Snacks,Amul,Amul_Snacks_product,99,14579.80517305684,2751.2405820816944,301.90909090909093,3,82.0,67.0,86.0,85.0,83.5,87.375,99.0
2024,13,Snacks,Amul,Amul_Snacks_product,99,14276.916866913447,2974.2849642500264,261.09375,3,99.0,82.0,67.0,86.0,86.75,88.375,69.0
2024,14,Snacks,Amul,Amul_Snacks_product,69,8323.910226013128,1805.5186411687928,262.0344827586207,4,99.0,99.0,82.0,67.0,87.25,83.625,77.0
2024,15,Snacks,Amul,Amul_Snacks_product,77,10005.797804869633,2321.05774808232,312.34615384615387,4,69.0,99.0,99.0,82.0,86.0,83.0,81.0
2024,16,Snacks,Amul,Amul_Snacks_product,81,13182.462109021257,2874.5303250145153,249.33333333333334,4,77.0,69.0,99.0,99.0,81.5,82.5,105.0
2024,17,Snacks,Amul,Amul_Snacks_product,105,12069.29657268502,2346.0467048035694,276.93939393939394,4,81.0,77.0,69.0,99.0,83.0,84.875,69.0
2024,18,Snacks,Amul,Amul_Snacks_product,69,6499.084660675957,1533.9199159147088,243.58333333333334,5,105.0,81.0,77.0,69.0,83.0,85.125,94.0
2024,19,Snacks,Amul,Amul_Snacks_product,94,11258.48927117721,2317.1742755407977,275.1333333333333,5,69.0,105.0,81.0,77.0,87.25,86.625,93.0
2024,20,Snacks,Amul,Amul_Snacks_product,93,13246.919409242011,2411.6390814943275,272.2413793103448,5,94.0,69.0,105.0,81.0,90.25,85.875,141.0
2024,21,Snacks,Amul,Amul_Snacks_product,141,19795.560974020642,4042.2228585780977,271.77777777777777,5,93.0,94.0,69.0,105.0,99.25,91.125,95.0
2024,22,Snacks,Amul,Amul_Snacks_product,95,13118.71532580131,2776.5301773965275,271.6363636363636,5,141.0,93.0,94.0,69.0,105.75,94.375,71.0
2024,23,Snacks,Amul,Amul_Snacks_product,71,10230.732214641648,2123.4764451707456,248.72727272727272,6,95.0,141.0,93.0,94.0,100.0,93.625,114.0
2024,24,Snacks,Amul,Amul_Snacks_product,114,14814.854003886376,3164.937320617196,277.0,6,71.0,95.0,141.0,93.0,105.25,97.75,89.0
2024,25,Snacks,Amul,Amul_Snacks_product,89,12377.340289763559,2126.85831599966,232.0,6,114.0,71.0,95.0,141.0,92.25,95.75,80.0
2024,26,Snacks,Amul,Amul_Snacks_product,80,9895.337041403014,2215.844875827044,271.18518518518516,6,89.0,114.0,71.0,95.0,88.5,97.125,81.0
2024,27,Snacks,Amul,Amul_Snacks_product,81,9830.510812525059,2241.870719392011,255.66666666666666,7,80.0,89.0,114.0,71.0,91.0,95.5,109.0
2024,28,Snacks,Amul,Amul_Snacks_product,109,13652.780238653873,2358.876984417713,244.27027027027026,7,81.0,80.0,89.0,114.0,89.75,97.5,84.0
2024,29,Snacks,Amul,Amul_Snacks_product,84,11458.132023544764,2285.6046312487415,253.2,7,109.0,81.0,80.0,89.0,88.5,90.375,82.0
2024,30,Snacks,Amul,Amul_Snacks_product,82,11725.943179661781,2235.2862913451672,256.03846153846155,7,84.0,109.0,81.0,80.0,89.0,88.75,83.0
2024,31,Snacks,Amul,Amul_Snacks_product,83,12520.124003139823,2806.18648491466,287.1304347826087,7,82.0,84.0,109.0,81.0,89.5,90.25,92.0
2024,32,Snacks,Amul,Amul_Snacks_product,92,12629.304908593716,2814.7033436106217,257.44117647058823,8,83.0,82.0,84.0,109.0,85.25,87.5,104.0
2024,33,Snacks,Amul,Amul_Snacks_product,104,15759.037164170117,3256.5129677304894,291.96875,8,92.0,83.0,82.0,84.0,90.25,89.375,96.0
2024,34,Snacks,Amul,Amul_Snacks_product,96,15886.377356129004,3349.8550271842882,276.8,8,104.0,92.0,83.0,82.0,93.75,91.375,98.0
2024,35,Snacks,Amul,Amul_Snacks_product,98,13030.835227668094,2874.956580814236,319.17857142857144,8,96.0,104.0,92.0,83.0,97.5,93.5,82.0
2024,36,Snacks,Amul,Amul_Snacks_product,82,11966.935179987291,2626.6852107892328,283.6896551724138,9,98.0,96.0,104.0,92.0,95.0,90.125,51.0
2024,37,Snacks,Amul,Amul_Snacks_product,51,6437.118821226472,1330.9134607396848,295.5,9,82.0,98.0,96.0,104.0,81.75,86.0,94.0
2024,38,Snacks,Amul,Amul_Snacks_product,94,12259.29305448697,2461.6107806443765,264.65625,9,51.0,82.0,98.0,96.0,81.25,87.5,79.0
2024,39,Snacks,Amul,Amul_Snacks_product,79,9892.802676735968,1941.2620749744578,279.2413793103448,9,94.0,51.0,82.0,98.0,76.5,87.0,94.0
2024,40,Snacks,Amul,Amul_Snacks_product,94,11939.828305931434,2529.6637369390837,264.46666666666664,9,79.0,94.0,51.0,82.0,79.5,87.25,100.0
2024,41,Snacks,Amul,Amul_Snacks_product,100,15202.612796358282,2880.6168603126034,262.61764705882354,10,94.0,79.0,94.0,51.0,91.75,86.75,75.0
2024,42,Snacks,Amul,Amul_Snacks_product,75,9314.856951004209,1557.6215822941672,254.56666666666666,10,100.0,94.0,79.0,94.0,87.0,84.125,95.0
2024,43,Snacks,Amul,Amul_Snacks_product,95,13966.94359223823,2731.5393844702903,256.2307692307692,10,75.0,100.0,94.0,79.0,91.0,83.75,96.0
2024,44,Snacks,Amul,Amul_Snacks_product,96,10556.962919948443,2176.7678825236817,278.5806451612903,10,95.0,75.0,100.0,94.0,91.5,85.5,100.0
2024,45,Snacks,Amul,Amul_Snacks_product,100,13858.638549391275,2684.4050224895486,263.5,11,96.0,95.0,75.0,100.0,91.5,91.625,80.0
2024,46,Snacks,Amul,Amul_Snacks_product,80,10542.171395782072,1954.880812874835,266.28,11,100.0,96.0,95.0,75.0,92.75,89.875,95.0
2024,47,Snacks,Amul,Amul_Snacks_product,95,13496.772045309463,2645.6777314916294,284.8181818181818,11,80.0,100.0,96.0,95.0,92.75,91.875,124.0
2024,48,Snacks,Amul,Amul_Snacks_product,124,15327.080927493871,3151.4503199170786,272.1666666666667,11,95.0,80.0,100.0,96.0,99.75,95.625,75.0
2024,49,Snacks,Amul,Amul_Snacks_product,75,10823.934795951183,2231.0083473406903,272.07142857142856,12,124.0,95.0,80.0,100.0,93.5,92.5,98.0
2024,50,Snacks,Amul,Amul_Snacks_product,98,12428.655174325488,2498.925993526819,255.83870967741936,12,75.0,124.0,95.0,80.0,98.0,95.375,113.0
2024,51,Snacks,Amul,Amul_Snacks_product,113,13636.389820658853,2731.2004389894073,309.02777777777777,12,98.0,75.0,124.0,95.0,102.5,97.625,67.0
2024,8,Vegetables,Amul,Amul_Vegetables_product,63,7589.2171265263405,1569.1752892262082,253.47826086956522,2,90.0,90.0,98.0,94.0,85.25,89.5,117.0
2024,9,Vegetables,Amul,Amul_Vegetables_product,117,17438.799616085747,3646.925468257599,290.9189189189189,2,63.0,90.0,90.0,98.0,90.0,91.75,89.0
2024,10,Vegetables,Amul,Amul_Vegetables_product,89,12034.370954299166,2647.587578052946,259.6764705882353,3,117.0,63.0,90.0,90.0,89.75,92.75,110.0
2024,11,Vegetables,Amul,Amul_Vegetables_product,110,15405.149635237165,3470.5998384173517,312.29411764705884,3,89.0,117.0,63.0,90.0,94.75,93.875,92.0
2024,12,Vegetables,Amul,Amul_Vegetables_product,92,12460.266011130725,2616.9851768554577,241.33333333333334,3,110.0,89.0,117.0,63.0,102.0,93.625,87.0
2024,13,Vegetables,Amul,Amul_Vegetables_product,87,11815.671924537888,2258.400166279145,290.81481481481484,3,92.0,110.0,89.0,117.0,94.5,92.25,70.0
2024,14,Vegetables,Amul,Amul_Vegetables_product,70,10137.586830373155,1932.4487908371304,290.46153846153845,4,87.0,92.0,110.0,89.0,89.75,89.75,104.0
2024,15,Vegetables,Amul,Amul_Vegetables_product,104,13856.27791494992,2780.6228426338585,270.93939393939394,4,70.0,87.0,92.0,110.0,88.25,91.5,63.0
2024,16,Vegetables,Amul,Amul_Vegetables_product,63,7604.249032267207,1450.2087316149232,243.6818181818182,4,104.0,70.0,87.0,92.0,81.0,91.5,56.0
2024,17,Vegetables,Amul,Amul_Vegetables_product,56,7178.942122004462,1546.0316497856425,286.76190476190476,4,63.0,104.0,70.0,87.0,73.25,83.875,68.0
2024,18,Vegetables,Amul,Amul_Vegetables_product,68,6425.625116515849,964.6563897349922,260.0,5,56.0,63.0,104.0,70.0,72.75,81.25,107.0
2024,19,Vegetables,Amul,Amul_Vegetables_product,107,14364.020567350064,2940.7891423444544,238.89473684210526,5,68.0,56.0,63.0,104.0,73.5,80.875,73.0
2024,20,Vegetables,Amul,Amul_Vegetables_product,73,8770.501781849496,1683.0750918808208,236.69565217391303,5,107.0,68.0,56.0,63.0,76.0,78.5,82.0
2024,21,Vegetables,Amul,Amul_Vegetables_product,82,10642.501624185732,2251.8255220367955,276.41379310344826,5,73.0,107.0,68.0,56.0,82.5,77.875,72.0
2024,22,Vegetables,Amul,Amul_Vegetables_product,72,8983.735076889196,1686.8772869676582,210.375,5,82.0,73.0,107.0,68.0,83.5,78.125,88.0
2024,23,Vegetables,Amul,Amul_Vegetables_product,88,12789.204636990364,3065.8994700008707,294.42857142857144,6,72.0,82.0,73.0,107.0,78.75,76.125,100.0
2024,24,Vegetables,Amul,Amul_Vegetables_product,100,13158.042737571624,3079.7614674530278,252.6206896551724,6,88.0,72.0,82.0,73.0,85.5,80.75,90.0
2024,25,Vegetables,Amul,Amul_Vegetables_product,90,12793.540176443366,2625.344029326472,317.53125,6,100.0,88.0,72.0,82.0,87.5,85.0,56.0
2024,26,Vegetables,Amul,Amul_Vegetables_product,56,6786.338139901026,1392.5298337798456,269.77272727272725,6,90.0,100.0,88.0,72.0,83.5,83.5,102.0
2024,27,Vegetables,Amul,Amul_Vegetables_product,102,14877.061712024772,3189.7022409913498,247.77777777777777,7,56.0,90.0,100.0,88.0,87.0,82.875,91.0
2024,28,Vegetables,Amul,Amul_Vegetables_product,91,11686.785277200646,1889.724971635859,282.8125,7,102.0,56.0,90.0,100.0,84.75,85.125,70.0
2024,29,Vegetables,Amul,Amul_Vegetables_product,70,8587.184008088709,1912.744164609797,290.2857142857143,7,91.0,102.0,56.0,90.0,79.75,83.625,103.0
2024,30,Vegetables,Amul,Amul_Vegetables_product,103,13593.349060701876,2638.716319256981,329.3225806451613,7,70.0,91.0,102.0,56.0,91.5,87.5,92.0
2024,31,Vegetables,Amul,Amul_Vegetables_product,92,13935.999132730245,2534.971024025276,282.8,7,103.0,70.0,91.0,102.0,89.0,88.0,110.0
2024,32,Vegetables,Amul,Amul_Vegetables_product,110,13026.815687192393,2452.5674124095613,273.1707317073171,8,92.0,103.0,70.0,91.0,93.75,89.25,66.0
2024,33,Vegetables,Amul,Amul_Vegetables_product,66,8824.984504128857,2066.2024350660204,313.8888888888889,8,110.0,92.0,103.0,70.0,92.75,86.25,95.0
2024,34,Vegetables,Amul,Amul_Vegetables_product,95,10784.295611160262,2195.8147111942108,248.3939393939394,8,66.0,110.0,92.0,103.0,90.75,91.125,106.0
2024,35,Vegetables,Amul,Amul_Vegetables_product,106,14326.571690567745,2699.0755859743995,259.70588235294116,8,95.0,66.0,110.0,92.0,94.25,91.625,90.0
2024,36,Vegetables,Amul,Amul_Vegetables_product,90,11750.798682670778,2374.2078613129156,264.2903225806452,9,106.0,95.0,66.0,110.0,89.25,91.5,64.0
2024,37,Vegetables,Amul,Amul_Vegetables_product,64,8978.362064126744,1642.1040219068773,320.48,9,90.0,106.0,95.0,66.0,88.75,90.75,89.0
2024,38,Vegetables,Amul,Amul_Vegetables_product,89,12560.645141619583,2262.647911312616,278.82142857142856,9,64.0,90.0,106.0,95.0,87.25,89.0,86.0
2024,39,Vegetables,Amul,Amul_Vegetables_product,86,11154.639114358615,2075.567768009447,273.78125,9,89.0,64.0,90.0,106.0,82.25,88.25,100.0
2024,40,Vegetables,Amul,Amul_Vegetables_product,100,13673.82230873121,3193.0825281276157,246.09677419354838,10,86.0,89.0,64.0,90.0,84.75,87.0,122.0
2024,41,Vegetables,Amul,Amul_Vegetables_product,122,14217.47973886773,3032.5575971818143,245.1951219512195,10,100.0,86.0,89.0,64.0,99.25,94.0,128.0
2024,42,Vegetables,Amul,Amul_Vegetables_product,128,16983.999544390295,3238.531463684802,236.31578947368422,10,122.0,100.0,86.0,89.0,109.0,98.125,77.0
2024,43,Vegetables,Amul,Amul_Vegetables_product,77,9198.146394547975,1509.8899989027138,248.23076923076923,10,128.0,122.0,100.0,86.0,106.75,94.5,110.0
2024,44,Vegetables,Amul,Amul_Vegetables_product,110,13419.071740551664,2701.9422854007576,260.77142857142854,10,77.0,128.0,122.0,100.0,109.25,97.0,73.0
2024,45,Vegetables,Amul,Amul_Vegetables_product,73,10113.095256097175,1964.0496574352396,285.5925925925926,11,110.0,77.0,128.0,122.0,97.0,98.125,68.0
2024,46,Vegetables,Amul,Amul_Vegetables_product,68,10645.32109535451,2202.3147907843227,279.88,11,73.0,110.0,77.0,128.0,82.0,95.5,90.0
2024,47,Vegetables,Amul,Amul_Vegetables_product,90,12842.314876483759,2814.744896031663,289.93548387096774,11,68.0,73.0,110.0,77.0,85.25,96.0,88.0
2024,48,Vegetables,Amul,Amul_Vegetables_product,88,10152.67997626939,2168.644309550838,252.65384615384616,11,90.0,68.0,73.0,110.0,79.75,94.5,74.0
2024,49,Vegetables,Amul,Amul_Vegetables_product,74,8647.902959874635,1513.0587244765566,266.14814814814815,12,88.0,90.0,68.0,73.0,80.0,88.5,84.0
2024,50,Vegetables,Amul,Amul_Vegetables_product,84,10468.207989520071,1775.0155153339394,253.75,12,74.0,88.0,90.0,68.0,84.0,83.0,50.0
2024,51,Vegetables,Amul,Amul_Vegetables_product,50,6567.110107371949,1390.3353700962755,312.55555555555554,12,84.0,74.0,88.0,90.0,74.0,79.625,99.0
2024,8,Beverages,Britannia,Britannia_Beverages_product,99,13747.907677238918,2952.902208334363,273.27777777777777,2,82.0,113.0,88.0,98.0,95.5,90.875,76.0
2024,9,Beverages,Britannia,Britannia_Beverages_product,76,9947.751560439297,2141.1060567912828,235.13793103448276,2,99.0,82.0,113.0,88.0,92.5,86.5,91.0
2024,10,Beverages,Britannia,Britannia_Beverages_product,91,13618.474889085923,3046.1960746708273,307.0,3,76.0,99.0,82.0,113.0,87.0,89.625,111.0
2024,11,Beverages,Britannia,Britannia_Beverages_product,111,14468.621745492419,2808.924012507265,286.0,3,91.0,76.0,99.0,82.0,94.25,94.75,81.0
2024,12,Beverages,Britannia,Britannia_Beverages_product,81,13242.689553321137,2851.4823828547783,230.3913043478261,3,111.0,91.0,76.0,99.0,89.75,92.625,87.0
2024,13,Beverages,Britannia,Britannia_Beverages_product,87,11721.66087084551,2059.6100135625893,246.93939393939394,3,81.0,111.0,91.0,76.0,92.5,92.5,105.0
2024,14,Beverages,Britannia,Britannia_Beverages_product,105,12844.77503099401,2393.5499585718258,349.03225806451616,4,87.0,81.0,111.0,91.0,96.0,91.5,104.0
2024,15,Beverages,Britannia,Britannia_Beverages_product,104,15984.347061272752,3394.4404205434143,254.93939393939394,4,105.0,87.0,81.0,111.0,94.25,94.25,97.0
2024,16,Beverages,Britannia,Britannia_Beverages_product,97,13266.709254705314,2697.1155453843394,268.3333333333333,4,104.0,105.0,87.0,81.0,98.25,94.0,99.0
2024,17,Beverages,Britannia,Britannia_Beverages_product,99,13391.624229494108,2313.0294460137393,268.7741935483871,4,97.0,104.0,105.0,87.0,101.25,96.875,107.0
2024,18,Beverages,Britannia,Britannia_Beverages_product,107,14114.281294840128,2888.941866829465,285.3,5,99.0,97.0,104.0,105.0,101.75,98.875,92.0
2024,19,Beverages,Britannia,Britannia_Beverages_product,92,13584.447243498824,2685.787491286203,269.8666666666667,5,107.0,99.0,97.0,104.0,98.75,96.5,72.0
2024,20,Beverages,Britannia,Britannia_Beverages_product,72,8732.05192995,1760.1749307606765,278.16,5,92.0,107.0,99.0,97.0,92.5,95.375,94.0
2024,21,Beverages,Britannia,Britannia_Beverages_product,94,13412.531657059157,2544.7062066472595,253.0,5,72.0,92.0,107.0,99.0,91.25,96.25,121.0
2024,22,Beverages,Britannia,Britannia_Beverages_product,121,16313.83651611631,3140.5793972494703,284.1578947368421,5,94.0,72.0,92.0,107.0,94.75,98.25,83.0
2024,23,Beverages,Britannia,Britannia_Beverages_product,83,11283.334463992052,2489.44801788251,251.34615384615384,6,121.0,94.0,72.0,92.0,92.5,95.625,91.0
2024,24,Beverages,Britannia,Britannia_Beverages_product,91,12344.587819465938,2606.894099284683,272.85714285714283,6,83.0,121.0,94.0,72.0,97.25,94.875,64.0
2024,25,Beverages,Britannia,Britannia_Beverages_product,64,8699.418131313476,1705.4751603843345,285.0833333333333,6,91.0,83.0,121.0,94.0,89.75,90.5,81.0
2024,26,Beverages,Britannia,Britannia_Beverages_product,81,11603.563607596827,2410.7531700484724,267.0,6,64.0,91.0,83.0,121.0,79.75,87.25,90.0
2024,27,Beverages,Britannia,Britannia_Beverages_product,90,11128.443628447509,2371.5138685434185,270.3448275862069,7,81.0,64.0,91.0,83.0,81.5,87.0,94.0
2024,28,Beverages,Britannia,Britannia_Beverages_product,94,13904.42571724564,2445.5959161074634,253.14285714285714,7,90.0,81.0,64.0,91.0,82.25,89.75,69.0
2024,29,Beverages,Britannia,Britannia_Beverages_product,69,9208.585008462685,2192.5445458803597,265.7391304347826,7,94.0,90.0,81.0,64.0,83.5,86.625,69.0
2024,30,Beverages,Britannia,Britannia_Beverages_product,69,9199.092236427452,1847.2272043882635,279.56666666666666,7,69.0,94.0,90.0,81.0,80.5,80.125,78.0
2024,31,Beverages,Britannia,Britannia_Beverages_product,78,8169.850194961361,1236.6437058038518,305.1034482758621,7,69.0,69.0,94.0,90.0,77.5,79.5,62.0
2024,32,Beverages,Britannia,Britannia_Beverages_product,62,6955.937943037157,1256.7481676260054,298.7083333333333,8,78.0,69.0,69.0,94.0,69.5,75.875,103.0
2024,33,Beverages,Britannia,Britannia_Beverages_product,103,15045.995924065664,3067.2898943435343,288.80645161290323,8,62.0,78.0,69.0,69.0,78.0,80.75,53.0
2024,34,Beverages,Britannia,Britannia_Beverages_product,53,6247.142069108862,998.3069143293251,296.36842105263156,8,103.0,62.0,78.0,69.0,74.0,77.25,97.0
2024,35,Beverages,Britannia,Britannia_Beverages_product,97,11532.40321105061,2062.4299732068694,275.3666666666667,8,53.0,103.0,62.0,78.0,78.75,78.125,54.0
2024,36,Beverages,Britannia,Britannia_Beverages_product,54,4562.8382628907075,746.9482018895741,248.68421052631578,9,97.0,53.0,103.0,62.0,76.75,73.125,77.0
2024,37,Beverages,Britannia,Britannia_Beverages_product,77,9063.93029646122,1652.531727770871,259.5217391304348,9,54.0,97.0,53.0,103.0,70.25,74.125,113.0
2024,38,Beverages,Britannia,Britannia_Beverages_product,113,17748.545136268494,3702.87434499093,284.2352941176471,9,77.0,54.0,97.0,53.0,85.25,79.625,91.0
2024,39,Beverages,Britannia,Britannia_Beverages_product,91,14068.2009100656,2649.446179456038,254.51612903225808,9,113.0,77.0,54.0,97.0,83.75,81.25,124.0
2024,40,Beverages,Britannia,Britannia_Beverages_product,124,15399.694291084796,2618.5698275883215,281.6857142857143,9,91.0,113.0,77.0,54.0,101.25,89.0,117.0
2024,41,Beverages,Britannia,Britannia_Beverages_product,117,14980.522914424915,3042.194128716126,235.63636363636363,10,124.0,91.0,113.0,77.0,111.25,90.75,115.0
2024,42,Beverages,Britannia,Britannia_Beverages_product,115,13493.82603266631,2552.432901593206,284.5,10,117.0,124.0,91.0,113.0,111.75,98.5,60.0
2024,43,Beverages,Britannia,Britannia_Beverages_product,60,6641.793274001353,993.9265991742424,229.95833333333334,10,115.0,117.0,124.0,91.0,104.0,93.875,56.0
2024,44,Beverages,Britannia,Britannia_Beverages_product,56,4682.731657616626,879.9724480309021,310.7368421052632,10,60.0,115.0,117.0,124.0,87.0,94.125,89.0
2024,45,Beverages,Britannia,Britannia_Beverages_product,89,10645.6412129029,2020.8020177909814,226.2058823529412,11,56.0,60.0,115.0,117.0,80.0,95.625,85.0
2024,46,Beverages,Britannia,Britannia_Beverages_product,85,13535.413425347535,2552.155081528419,291.13793103448273,11,89.0,56.0,60.0,115.0,72.5,92.125,110.0
2024,47,Beverages,Britannia,Britannia_Beverages_product,110,14294.980027429432,2891.825221865791,303.27272727272725,11,85.0,89.0,56.0,60.0,85.0,94.5,93.0
2024,48,Beverages,Britannia,Britannia_Beverages_product,93,12894.605110353792,2750.200603244355,276.28125,11,110.0,85.0,89.0,56.0,94.25,90.625,85.0
2024,49,Beverages,Britannia,Britannia_Beverages_product,85,9838.285525589708,1672.5610359107109,293.3448275862069,12,93.0,110.0,85.0,89.0,93.25,86.625,85.0
2024,50,Beverages,Britannia,Britannia_Beverages_product,85,11186.336173969868,1929.5840144578117,275.0357142857143,12,85.0,93.0,110.0,85.0,93.25,82.875,99.0
2024,51,Beverages,Britannia,Britannia_Beverages_product,99,11160.572588929657,2349.746297148591,304.19354838709677,12,85.0,85.0,93.0,110.0,90.5,87.75,118.0
2024,8,Dairy,Britannia,Britannia_Dairy_product,124,16731.969301898655,3411.171235585764,318.53846153846155,2,79.0,131.0,83.0,79.0,104.25,98.625,71.0
2024,9,Dairy,Britannia,Britannia_Dairy_product,71,10717.76139321058,2233.142482815187,218.36363636363637,2,124.0,79.0,131.0,83.0,101.25,91.875,101.0
2024,10,Dairy,Britannia,Britannia_Dairy_product,101,13229.08175435582,2368.294436882946,297.0,3,71.0,124.0,79.0,131.0,93.75,93.75,93.0
2024,11,Dairy,Britannia,Britannia_Dairy_product,93,12719.371001150743,2474.3198741522024,258.96666666666664,3,101.0,71.0,124.0,79.0,97.25,95.125,94.0
2024,12,Dairy,Britannia,Britannia_Dairy_product,94,12437.795022846352,2683.6586651285947,281.03333333333336,3,93.0,101.0,71.0,124.0,89.75,97.0,77.0
2024,13,Dairy,Britannia,Britannia_Dairy_product,77,9536.134503537392,1767.0230982311202,286.962962962963,3,94.0,93.0,101.0,71.0,91.25,96.25,84.0
2024,14,Dairy,Britannia,Britannia_Dairy_product,84,11989.59857397022,2612.65077340714,234.93103448275863,4,77.0,94.0,93.0,101.0,87.0,90.375,99.0
2024,15,Dairy,Britannia,Britannia_Dairy_product,99,11938.262283754746,2132.9198934833103,265.79487179487177,4,84.0,77.0,94.0,93.0,88.5,92.875,101.0
2024,16,Dairy,Britannia,Britannia_Dairy_product,101,11985.70766557655,2137.9778429198263,252.24242424242425,4,99.0,84.0,77.0,94.0,90.25,90.0,108.0
2024,17,Dairy,Britannia,Britannia_Dairy_product,108,15883.231347429752,3533.3134872425903,268.2857142857143,4,101.0,99.0,84.0,77.0,98.0,94.625,104.0
2024,18,Dairy,Britannia,Britannia_Dairy_product,104,14579.922442349087,2726.4117699638427,262.0,4,108.0,101.0,99.0,84.0,103.0,95.0,90.0
2024,19,Dairy,Britannia,Britannia_Dairy_product,90,10442.239526365189,1907.0160321557662,261.85185185185185,5,104.0,108.0,101.0,99.0,100.75,94.625,96.0
2024,20,Dairy,Britannia,Britannia_Dairy_product,96,12209.673930795381,2291.506715954134,270.3,5,90.0,104.0,108.0,101.0,99.5,94.875,90.0
2024,21,Dairy,Britannia,Britannia_Dairy_product,90,10776.773489404062,2220.7136947553267,242.8181818181818,5,96.0,90.0,104.0,108.0,95.0,96.5,70.0
2024,22,Dairy,Britannia,Britannia_Dairy_product,70,7321.79145112483,1358.5780642046786,255.43478260869566,6,90.0,96.0,90.0,104.0,86.5,94.75,59.0
2024,23,Dairy,Britannia,Britannia_Dairy_product,59,8027.475693845918,1679.7352370310489,266.45454545454544,6,70.0,90.0,96.0,90.0,78.75,89.75,102.0
2024,24,Dairy,Britannia,Britannia_Dairy_product,102,12652.105941601792,2523.8680732113844,252.75675675675674,6,59.0,70.0,90.0,96.0,80.25,89.875,86.0
2024,25,Dairy,Britannia,Britannia_Dairy_product,86,10105.843143605414,1833.0702770285798,276.7931034482759,6,102.0,59.0,70.0,90.0,79.25,87.125,67.0
2024,26,Dairy,Britannia,Britannia_Dairy_product,67,11486.295315835294,1798.7119493781763,238.28,6,86.0,102.0,59.0,70.0,78.5,82.5,127.0
2024,27,Dairy,Britannia,Britannia_Dairy_product,127,18186.501529278365,3658.4844963556707,232.9189189189189,7,67.0,86.0,102.0,59.0,95.5,87.125,118.0
2024,28,Dairy,Britannia,Britannia_Dairy_product,118,15707.865940818057,3143.433187784031,294.6216216216216,7,127.0,67.0,86.0,102.0,99.5,89.875,62.0
2024,29,Dairy,Britannia,Britannia_Dairy_product,62,7840.734066149666,1295.8452688733644,278.25,7,118.0,127.0,67.0,86.0,93.5,86.375,91.0
2024,30,Dairy,Britannia,Britannia_Dairy_product,91,11968.73777490432,2172.2175708456193,289.10714285714283,7,62.0,118.0,127.0,67.0,99.5,89.0,79.0
2024,31,Dairy,Britannia,Britannia_Dairy_product,79,8988.413397061047,1850.253463454922,289.07142857142856,8,91.0,62.0,118.0,127.0,87.5,91.5,86.0
2024,32,Dairy,Britannia,Britannia_Dairy_product,86,11051.03357056168,2453.63243640992,256.2962962962963,8,79.0,91.0,62.0,118.0,79.5,89.5,44.0
2024,33,Dairy,Britannia,Britannia_Dairy_product,44,5957.925592407772,1231.9829482372315,225.47368421052633,8,86.0,79.0,91.0,62.0,75.0,84.25,87.0
2024,34,Dairy,Britannia,Britannia_Dairy_product,87,10527.494412183638,2205.2474004275787,237.6451612903226,8,44.0,86.0,79.0,91.0,74.0,86.75,103.0
2024,35,Dairy,Britannia,Britannia_Dairy_product,103,16966.39887054605,3937.534694944616,296.1142857142857,8,87.0,44.0,86.0,79.0,80.0,83.75,102.0
2024,36,Dairy,Britannia,Britannia_Dairy_product,102,12245.411544603498,2466.5620728789677,271.97222222222223,9,103.0,87.0,44.0,86.0,84.0,81.75,94.0
2024,37,Dairy,Britannia,Britannia_Dairy_product,94,12144.029415778923,1944.4722571191055,279.62068965517244,9,102.0,103.0,87.0,44.0,96.5,85.75,100.0
2024,38,Dairy,Britannia,Britannia_Dairy_product,100,16993.982351496317,3553.4489403422267,287.5,9,94.0,102.0,103.0,87.0,99.75,86.875,108.0
2024,39,Dairy,Britannia,Britannia_Dairy_product,108,13753.526568388259,2605.6791485571007,277.05882352941177,9,100.0,94.0,102.0,103.0,101.0,90.5,111.0
2024,40,Dairy,Britannia,Britannia_Dairy_product,111,14171.156579230485,3069.2173078690616,274.0571428571429,10,108.0,100.0,94.0,102.0,103.25,93.625,101.0
2024,41,Dairy,Britannia,Britannia_Dairy_product,101,12391.14098487578,2687.7807497144954,236.375,10,111.0,108.0,100.0,94.0,105.0,100.75,77.0
2024,42,Dairy,Britannia,Britannia_Dairy_product,77,10483.212742446518,2171.9654462738413,299.9310344827586,10,101.0,111.0,108.0,100.0,99.25,99.5,72.0
2024,43,Dairy,Britannia,Britannia_Dairy_product,72,8520.721058776515,1470.8016935840224,229.4,10,77.0,101.0,111.0,108.0,90.25,95.625,123.0
2024,44,Dairy,Britannia,Britannia_Dairy_product,123,16557.688339307748,3583.462131049267,303.1794871794872,11,72.0,77.0,101.0,111.0,93.25,98.25,75.0
2024,45,Dairy,Britannia,Britannia_Dairy_product,75,10401.444068240828,2113.2006395402677,288.375,11,123.0,72.0,77.0,101.0,86.75,95.875,92.0
2024,46,Dairy,Britannia,Britannia_Dairy_product,92,9558.840792395986,1793.815540330589,236.79310344827587,11,75.0,123.0,72.0,77.0,90.5,94.875,66.0
2024,47,Dairy,Britannia,Britannia_Dairy_product,66,8616.448498694055,1486.7405887746006,263.54545454545456,11,92.0,75.0,123.0,72.0,89.0,89.625,96.0
2024,48,Dairy,Britannia,Britannia_Dairy_product,96,12093.232722279634,2594.77854790464,265.3225806451613,11,66.0,92.0,75.0,123.0,82.25,87.75,66.0
2024,49,Dairy,Britannia,Britannia_Dairy_product,66,8239.582084202004,1554.4892862293395,295.77272727272725,12,96.0,66.0,92.0,75.0,80.0,83.375,96.0
2024,50,Dairy,Britannia,Britannia_Dairy_product,96,13719.135593340136,2921.976921415155,301.3666666666667,12,66.0,96.0,66.0,92.0,81.0,85.75,85.0
2024,51,Dairy,Britannia,Britannia_Dairy_product,85,11499.570173680542,2025.4010394121713,220.45833333333334,12,96.0,66.0,96.0,66.0,85.75,87.375,105.0
2024,8,Fruits,Britannia,Britannia_Fruits_product,51,6978.409575402166,1199.1409442935653,210.1764705882353,2,109.0,105.0,109.0,98.0,93.5,92.125,119.0
2024,9,Fruits,Britannia,Britannia_Fruits_product,119,15102.013615351952,2705.175226663212,280.55555555555554,3,51.0,109.0,105.0,109.0,96.0,93.0,94.0
2024,10,Fruits,Britannia,Britannia_Fruits_product,94,11272.758486319806,2492.964023877346,252.61290322580646,3,119.0,51.0,109.0,105.0,93.25,94.0,114.0
2024,11,Fruits,Britannia,Britannia_Fruits_product,114,15705.904505774697,2852.2007494286286,247.46875,3,94.0,119.0,51.0,109.0,94.5,99.875,82.0
2024,12,Fruits,Britannia,Britannia_Fruits_product,82,10772.735477282316,1973.0836382411644,298.34615384615387,3,114.0,94.0,119.0,51.0,102.25,97.875,80.0
2024,13,Fruits,Britannia,Britannia_Fruits_product,80,11060.773703939918,2347.207953053045,309.5769230769231,3,82.0,114.0,94.0,119.0,92.5,94.25,95.0
2024,14,Fruits,Britannia,Britannia_Fruits_product,95,13025.035268113803,2869.3231002803163,274.14285714285717,4,80.0,82.0,114.0,94.0,92.75,93.0,124.0
2024,15,Fruits,Britannia,Britannia_Fruits_product,124,17155.56620896555,3753.1690522346776,274.219512195122,4,95.0,80.0,82.0,114.0,95.25,94.875,119.0
2024,16,Fruits,Britannia,Britannia_Fruits_product,119,14075.682838503217,2624.943683520901,278.7631578947368,4,124.0,95.0,80.0,82.0,104.5,103.375,110.0
2024,17,Fruits,Britannia,Britannia_Fruits_product,110,12484.232770783487,2616.7626119602673,239.09677419354838,4,119.0,124.0,95.0,80.0,112.0,102.25,70.0
2024,18,Fruits,Britannia,Britannia_Fruits_product,70,8247.162500046508,1650.7252487676071,269.38461538461536,5,110.0,119.0,124.0,95.0,105.75,99.25,123.0
2024,19,Fruits,Britannia,Britannia_Fruits_product,123,14814.471901661513,3096.4592802581133,289.02702702702703,5,70.0,110.0,119.0,124.0,105.5,100.375,84.0
2024,20,Fruits,Britannia,Britannia_Fruits_product,84,10164.697044223687,2309.393658784498,270.96666666666664,5,123.0,70.0,110.0,119.0,96.75,100.625,73.0
2024,21,Fruits,Britannia,Britannia_Fruits_product,73,10399.908644320505,2011.1556671733856,301.875,5,84.0,123.0,70.0,110.0,87.5,99.75,92.0
2024,22,Fruits,Britannia,Britannia_Fruits_product,92,10687.912402893857,1939.0354042828014,285.8709677419355,6,73.0,84.0,123.0,70.0,93.0,99.375,102.0
2024,23,Fruits,Britannia,Britannia_Fruits_product,102,11467.12402648558,1953.2738199437367,266.7096774193548,6,92.0,73.0,84.0,123.0,87.75,96.625,77.0
2024,24,Fruits,Britannia,Britannia_Fruits_product,77,10455.449623192386,2090.6218893218165,323.3125,6,102.0,92.0,73.0,84.0,86.0,91.375,56.0
2024,25,Fruits,Britannia,Britannia_Fruits_product,56,8860.600198700991,2002.310124230322,292.8235294117647,6,77.0,102.0,92.0,73.0,81.75,84.625,82.0
2024,26,Fruits,Britannia,Britannia_Fruits_product,82,10930.699188344808,2258.753748488845,236.0,6,56.0,77.0,102.0,92.0,79.25,86.125,89.0
2024,27,Fruits,Britannia,Britannia_Fruits_product,89,11581.243178402216,2120.0020215018153,306.51724137931035,7,82.0,56.0,77.0,102.0,76.0,81.875,57.0
2024,28,Fruits,Britannia,Britannia_Fruits_product,57,6019.929022178899,1260.946777432195,235.0,7,89.0,82.0,56.0,77.0,71.0,78.5,75.0
2024,29,Fruits,Britannia,Britannia_Fruits_product,75,11246.580122838282,2376.8665318639064,235.3846153846154,7,57.0,89.0,82.0,56.0,75.75,78.75,115.0
2024,30,Fruits,Britannia,Britannia_Fruits_product,115,16700.01706461377,3539.599437451745,269.3783783783784,7,75.0,57.0,89.0,82.0,84.0,81.625,92.0
2024,31,Fruits,Britannia,Britannia_Fruits_product,92,11439.786865568562,2233.0484546414727,273.1,7,115.0,75.0,57.0,89.0,84.75,80.375,128.0
2024,32,Fruits,Britannia,Britannia_Fruits_product,128,17349.169710999093,3402.6834336617712,300.925,8,92.0,115.0,75.0,57.0,102.5,86.75,108.0
2024,33,Fruits,Britannia,Britannia_Fruits_product,108,14239.370410307585,3000.7963441323454,291.0,8,128.0,92.0,115.0,75.0,110.75,93.25,100.0
2024,34,Fruits,Britannia,Britannia_Fruits_product,100,12552.213235854679,2442.2846741685885,255.66666666666666,8,108.0,128.0,92.0,115.0,107.0,95.5,74.0
2024,35,Fruits,Britannia,Britannia_Fruits_product,74,9106.515707579345,2022.4387277667722,266.4,8,100.0,108.0,128.0,92.0,102.5,93.625,120.0
2024,36,Fruits,Britannia,Britannia_Fruits_product,120,13895.888722073456,2845.133778153185,285.325,9,74.0,100.0,108.0,128.0,100.5,101.5,108.0
2024,37,Fruits,Britannia,Britannia_Fruits_product,108,13848.980768738666,3055.423255312764,308.13513513513516,9,120.0,74.0,100.0,108.0,100.5,105.625,114.0
2024,38,Fruits,Britannia,Britannia_Fruits_product,114,14634.671346442901,2479.7681018646676,294.35135135135135,9,108.0,120.0,74.0,100.0,104.0,105.5,117.0
2024,39,Fruits,Britannia,Britannia_Fruits_product,117,11446.589685828236,1903.5859068469472,267.6585365853659,9,114.0,108.0,120.0,74.0,114.75,108.625,80.0
2024,40,Fruits,Britannia,Britannia_Fruits_product,80,9356.336710938705,1858.8194910172544,274.14285714285717,10,117.0,114.0,108.0,120.0,104.75,102.625,92.0
2024,41,Fruits,Britannia,Britannia_Fruits_product,92,11900.972704521437,2267.7234220861737,265.6774193548387,10,80.0,117.0,114.0,108.0,100.75,100.625,115.0
2024,42,Fruits,Britannia,Britannia_Fruits_product,115,14987.944268437854,3227.0386110492386,304.1951219512195,10,92.0,80.0,117.0,114.0,101.0,102.5,91.0
2024,43,Fruits,Britannia,Britannia_Fruits_product,91,10339.340504700624,2018.8915849781995,275.3448275862069,10,115.0,92.0,80.0,117.0,94.5,104.625,104.0
2024,44,Fruits,Britannia,Britannia_Fruits_product,104,14051.331728618437,2963.7334448593283,310.72222222222223,10,91.0,115.0,92.0,80.0,100.5,102.625,98.0
2024,45,Fruits,Britannia,Britannia_Fruits_product,98,11618.832319668058,2266.227778017535,303.13793103448273,11,104.0,91.0,115.0,92.0,102.0,101.375,83.0
2024,46,Fruits,Britannia,Britannia_Fruits_product,83,12230.687578365563,2493.247629316427,256.0740740740741,11,98.0,104.0,91.0,115.0,94.0,97.5,80.0
2024,47,Fruits,Britannia,Britannia_Fruits_product,80,13100.71282439952,3023.087845683832,297.4642857142857,11,83.0,98.0,104.0,91.0,91.25,92.875,106.0
2024,48,Fruits,Britannia,Britannia_Fruits_product,106,14538.901571784205,2878.7216674503197,275.65625,11,80.0,83.0,98.0,104.0,91.75,96.125,89.0
2024,49,Fruits,Britannia,Britannia_Fruits_product,89,12441.08374881421,2798.8329987400007,284.3,12,106.0,80.0,83.0,98.0,89.5,95.75,113.0
2024,50,Fruits,Britannia,Britannia_Fruits_product,113,12608.884550367224,2547.213426827348,287.1388888888889,12,89.0,106.0,80.0,83.0,97.0,95.5,129.0
2024,51,Fruits,Britannia,Britannia_Fruits_product,129,17270.057703215436,3553.6627854472017,293.26190476190476,12,113.0,89.0,106.0,80.0,109.25,100.25,93.0
2024,8,Grocery,Britannia,Britannia_Grocery_product,89,12312.653004608188,2354.1862850104085,271.5483870967742,2,88.0,100.0,59.0,92.0,84.0,93.0,73.0
2024,9,Grocery,Britannia,Britannia_Grocery_product,73,8806.044996704157,1855.2463718636438,237.03703703703704,3,89.0,88.0,100.0,59.0,87.5,88.625,98.0
2024,10,Grocery,Britannia,Britannia_Grocery_product,98,11533.232701579485,2428.3895134998515,310.6666666666667,3,73.0,89.0,88.0,100.0,87.0,87.25,122.0
2024,11,Grocery,Britannia,Britannia_Grocery_product,122,16028.23267430541,3115.7088386009477,258.275,3,98.0,73.0,89.0,88.0,95.5,90.125,77.0
2024,12,Grocery,Britannia,Britannia_Grocery_product,77,9778.668138264053,2044.7129524624968,250.65384615384616,3,122.0,98.0,73.0,89.0,92.5,88.25,99.0
2024,13,Grocery,Britannia,Britannia_Grocery_product,99,12849.12231843798,2485.868105393105,263.1290322580645,3,77.0,122.0,98.0,73.0,99.0,93.25,73.0
2024,14,Grocery,Britannia,Britannia_Grocery_product,73,9643.895931274707,2003.0884067478023,229.20833333333334,4,99.0,77.0,122.0,98.0,92.75,89.875,107.0
2024,15,Grocery,Britannia,Britannia_Grocery_product,107,13189.173213004624,2611.866681804844,258.2894736842105,4,73.0,99.0,77.0,122.0,89.0,92.25,119.0
2024,16,Grocery,Britannia,Britannia_Grocery_product,119,15901.479247046434,3459.9596532818705,278.35897435897436,4,107.0,73.0,99.0,77.0,99.5,96.0,122.0
2024,17,Grocery,Britannia,Britannia_Grocery_product,122,16795.825981135873,3635.3871290587604,282.2093023255814,4,119.0,107.0,73.0,99.0,105.25,102.125,91.0
2024,18,Grocery,Britannia,Britannia_Grocery_product,91,11985.259317191794,2011.1781684760085,257.56,4,122.0,119.0,107.0,73.0,109.75,101.25,79.0
2024,19,Grocery,Britannia,Britannia_Grocery_product,79,11024.955238950628,2276.1791799875828,271.75,5,91.0,122.0,119.0,107.0,102.75,95.875,112.0
2024,20,Grocery,Britannia,Britannia_Grocery_product,112,14784.745860151537,2701.2924687573827,256.84375,5,79.0,91.0,122.0,119.0,101.0,100.25,73.0
2024,21,Grocery,Britannia,Britannia_Grocery_product,73,7135.90228147894,1365.8178644473467,289.92857142857144,5,112.0,79.0,91.0,122.0,88.75,97.0,102.0
2024,22,Grocery,Britannia,Britannia_Grocery_product,102,16707.587718333667,3721.6665968771026,264.84375,6,73.0,112.0,79.0,91.0,91.5,100.625,74.0
2024,23,Grocery,Britannia,Britannia_Grocery_product,74,10792.063850364739,2174.8344280755323,266.7586206896552,6,102.0,73.0,112.0,79.0,90.25,96.5,83.0
2024,24,Grocery,Britannia,Britannia_Grocery_product,83,9795.228049734493,1991.1770709789694,234.39285714285714,6,74.0,102.0,73.0,112.0,83.0,92.0,101.0
2024,25,Grocery,Britannia,Britannia_Grocery_product,101,13578.95380420986,2815.2603607581127,293.3636363636364,6,83.0,74.0,102.0,73.0,90.0,89.375,67.0
2024,26,Grocery,Britannia,Britannia_Grocery_product,67,9039.440964845477,1733.0781836118426,305.84,6,101.0,83.0,74.0,102.0,81.25,86.375,85.0
2024,27,Grocery,Britannia,Britannia_Grocery_product,85,11201.948960742682,2603.01497106975,302.1290322580645,7,67.0,101.0,83.0,74.0,84.0,87.125,88.0
2024,28,Grocery,Britannia,Britannia_Grocery_product,88,12714.11519810071,2638.292090487203,257.3448275862069,7,85.0,67.0,101.0,83.0,85.25,84.125,83.0
2024,29,Grocery,Britannia,Britannia_Grocery_product,83,9489.22082086579,1698.3710832080792,296.25,7,88.0,85.0,67.0,101.0,80.75,85.375,89.0
2024,30,Grocery,Britannia,Britannia_Grocery_product,89,11783.868597961131,2429.1838347040657,264.39285714285717,7,83.0,88.0,85.0,67.0,86.25,83.75,60.0
2024,31,Grocery,Britannia,Britannia_Grocery_product,60,6905.154656228097,1402.8401715593782,263.0,8,89.0,83.0,88.0,85.0,80.0,82.0,114.0
2024,32,Grocery,Britannia,Britannia_Grocery_product,114,15384.644262091739,3267.9777506300566,309.85714285714283,8,60.0,89.0,83.0,88.0,86.5,85.875,92.0
2024,33,Grocery,Britannia,Britannia_Grocery_product,92,13537.435726900681,2514.990796462816,254.3846153846154,8,114.0,60.0,89.0,83.0,88.75,84.75,110.0
2024,34,Grocery,Britannia,Britannia_Grocery_product,110,12744.17423160184,2453.555121619237,285.5,8,92.0,114.0,60.0,89.0,94.0,90.125,133.0
2024,35,Grocery,Britannia,Britannia_Grocery_product,133,17680.97067005589,3587.6968130698415,232.45,8,110.0,92.0,114.0,60.0,112.25,96.125,96.0
2024,36,Grocery,Britannia,Britannia_Grocery_product,96,12665.589721989087,2415.7241075255415,324.42105263157896,9,133.0,110.0,92.0,114.0,107.75,97.125,95.0
2024,37,Grocery,Britannia,Britannia_Grocery_product,95,12365.00330703506,2269.2272201495143,283.0625,9,96.0,133.0,110.0,92.0,108.5,98.625,93.0
2024,38,Grocery,Britannia,Britannia_Grocery_product,93,12463.60362168838,2787.6317917584765,280.8709677419355,9,95.0,96.0,133.0,110.0,104.25,99.125,119.0
2024,39,Grocery,Britannia,Britannia_Grocery_product,119,14559.849998151816,2605.0396799736222,265.85714285714283,9,93.0,95.0,96.0,133.0,100.75,106.5,80.0
2024,40,Grocery,Britannia,Britannia_Grocery_product,80,10445.361413591765,1821.0790857009188,227.7037037037037,10,119.0,93.0,95.0,96.0,96.75,102.25,66.0
2024,41,Grocery,Britannia,Britannia_Grocery_product,66,9798.031770892838,1971.3282824208009,295.9166666666667,10,80.0,119.0,93.0,95.0,89.5,99.0,76.0
2024,42,Grocery,Britannia,Britannia_Grocery_product,76,9944.695837541643,2108.7120638357305,288.54545454545456,10,66.0,80.0,119.0,93.0,85.25,94.75,91.0
2024,43,Grocery,Britannia,Britannia_Grocery_product,91,11734.719157129213,2231.3007935852893,263.14814814814815,10,76.0,66.0,80.0,119.0,78.25,89.5,89.0
2024,44,Grocery,Britannia,Britannia_Grocery_product,89,9421.406066856585,1959.3581788736099,249.72,11,91.0,76.0,66.0,80.0,80.5,88.625,72.0
2024,45,Grocery,Britannia,Britannia_Grocery_product,72,9232.873478867288,1990.9952605762169,258.4166666666667,11,89.0,91.0,76.0,66.0,82.0,85.75,73.0
2024,46,Grocery,Britannia,Britannia_Grocery_product,73,8387.568772290646,1657.4490404153705,266.67857142857144,11,72.0,89.0,91.0,76.0,81.25,83.25,77.0
2024,47,Grocery,Britannia,Britannia_Grocery_product,77,8673.415159012984,1554.18787429811,291.5,11,73.0,72.0,89.0,91.0,77.75,78.0,110.0
2024,48,Grocery,Britannia,Britannia_Grocery_product,110,12158.670274668593,2052.721011579369,270.57575757575756,11,77.0,73.0,72.0,89.0,83.0,81.75,85.0
2024,49,Grocery,Britannia,Britannia_Grocery_product,85,10364.430297293131,1687.2141949206655,287.2068965517241,12,110.0,77.0,73.0,72.0,86.25,84.125,63.0
2024,50,Grocery,Britannia,Britannia_Grocery_product,63,8502.05657670918,1933.3871151286382,245.57894736842104,12,85.0,110.0,77.0,73.0,83.75,82.5,125.0
2024,51,Grocery,Britannia,Britannia_Grocery_product,125,16850.951462184574,3658.5308127685284,309.05128205128204,12,63.0,85.0,110.0,77.0,95.75,86.75,102.0
2024,8,Home Care,Britannia,Britannia_Home Care_product,83,11890.834188907103,2310.6173500669183,288.9,2,102.0,94.0,69.0,127.0,87.0,91.125,66.0
2024,9,Home Care,Britannia,Britannia_Home Care_product,66,8298.078689434922,1450.1799018643337,274.82608695652175,2,83.0,102.0,94.0,69.0,86.25,90.5,84.0
2024,10,Home Care,Britannia,Britannia_Home Care_product,84,10347.380085003111,1973.7454167718631,293.17857142857144,3,66.0,83.0,102.0,94.0,83.75,91.0,75.0
2024,11,Home Care,Britannia,Britannia_Home Care_product,75,11593.788230171775,2263.994878107286,276.9583333333333,3,84.0,66.0,83.0,102.0,77.0,87.5,83.0
2024,12,Home Care,Britannia,Britannia_Home Care_product,83,10679.096287147171,1934.3568696852842,283.3,3,75.0,84.0,66.0,83.0,77.0,82.0,96.0
2024,13,Home Care,Britannia,Britannia_Home Care_product,96,14007.25150159296,2780.5633234844463,260.03333333333336,3,83.0,75.0,84.0,66.0,84.5,85.375,63.0
2024,14,Home Care,Britannia,Britannia_Home Care_product,63,8070.551240037957,1304.7455575922133,300.85714285714283,4,96.0,83.0,75.0,84.0,79.25,81.5,113.0
2024,15,Home Care,Britannia,Britannia_Home Care_product,113,15820.134663941077,3465.254370383193,267.7692307692308,4,63.0,96.0,83.0,75.0,88.75,82.875,98.0
2024,16,Home Care,Britannia,Britannia_Home Care_product,98,11530.54907670692,1950.5433579294493,293.75,4,113.0,63.0,96.0,83.0,92.5,84.75,80.0
2024,17,Home Care,Britannia,Britannia_Home Care_product,80,8964.006594162542,1888.3814088207052,267.3636363636364,4,98.0,113.0,63.0,96.0,88.5,86.5,69.0
2024,18,Home Care,Britannia,Britannia_Home Care_product,69,9045.132063432395,1887.0526420935582,235.91666666666666,4,80.0,98.0,113.0,63.0,90.0,84.625,82.0
2024,19,Home Care,Britannia,Britannia_Home Care_product,82,8625.86627194141,1664.4030481123893,284.37931034482756,5,69.0,80.0,98.0,113.0,82.25,85.5,78.0
2024,20,Home Care,Britannia,Britannia_Home Care_product,78,10159.791710593196,1993.1524830342598,275.73333333333335,5,82.0,69.0,80.0,98.0,77.25,84.875,102.0
2024,21,Home Care,Britannia,Britannia_Home Care_product,102,11880.08840486597,2015.8224224601915,285.8965517241379,5,78.0,82.0,69.0,80.0,82.75,85.625,100.0
2024,22,Home Care,Britannia,Britannia_Home Care_product,100,12165.493169610909,2549.330789220426,223.5142857142857,5,102.0,78.0,82.0,69.0,90.5,90.25,90.0
2024,23,Home Care,Britannia,Britannia_Home Care_product,90,12004.936760702118,2027.1848892392893,235.5,6,100.0,102.0,78.0,82.0,92.5,87.375,96.0
2024,24,Home Care,Britannia,Britannia_Home Care_product,96,10636.645494679376,2087.6895416727716,277.29411764705884,6,90.0,100.0,102.0,78.0,97.0,87.125,77.0
2024,25,Home Care,Britannia,Britannia_Home Care_product,77,8683.975059452228,1581.7810292143818,248.125,6,96.0,90.0,100.0,102.0,90.75,86.75,69.0
2024,26,Home Care,Britannia,Britannia_Home Care_product,69,9821.87177837035,1575.2683442611628,264.6,6,77.0,96.0,90.0,100.0,83.0,86.75,102.0
2024,27,Home Care,Britannia,Britannia_Home Care_product,102,14270.55630825447,2888.7279529012576,264.81081081081084,7,69.0,77.0,96.0,90.0,86.0,89.25,84.0
2024,28,Home Care,Britannia,Britannia_Home Care_product,84,12596.75908006117,2484.3382034612923,255.4,7,102.0,69.0,77.0,96.0,83.0,90.0,97.0
2024,29,Home Care,Britannia,Britannia_Home Care_product,97,13214.596628150277,2284.121112620983,283.5,7,84.0,102.0,69.0,77.0,88.0,89.375,106.0
2024,30,Home Care,Britannia,Britannia_Home Care_product,106,16319.380083771286,3363.7940863967087,279.6896551724138,7,97.0,84.0,102.0,69.0,97.25,90.125,114.0
2024,31,Home Care,Britannia,Britannia_Home Care_product,114,14777.570168057502,2916.0644069668306,249.58823529411765,7,106.0,97.0,84.0,102.0,100.25,93.125,102.0
2024,32,Home Care,Britannia,Britannia_Home Care_product,102,11710.468986375141,2170.766721439044,272.25714285714287,8,114.0,106.0,97.0,84.0,104.75,93.875,102.0
2024,33,Home Care,Britannia,Britannia_Home Care_product,102,14439.104208240717,2815.485100260104,263.70588235294116,8,102.0,114.0,106.0,97.0,106.0,97.0,74.0
2024,34,Home Care,Britannia,Britannia_Home Care_product,74,9345.4718246154,1712.6655659666594,254.93333333333334,8,102.0,102.0,114.0,106.0,98.0,97.625,80.0
2024,35,Home Care,Britannia,Britannia_Home Care_product,80,11436.052957103137,2594.0163993090546,303.3333333333333,8,74.0,102.0,102.0,114.0,89.5,94.875,95.0
2024,36,Home Care,Britannia,Britannia_Home Care_product,95,11278.403939760641,2026.402626892092,303.06060606060606,9,80.0,74.0,102.0,102.0,87.75,96.25,108.0
2024,37,Home Care,Britannia,Britannia_Home Care_product,108,13076.751318115877,2789.3287753978484,285.0,9,95.0,80.0,74.0,102.0,89.25,97.625,106.0
2024,38,Home Care,Britannia,Britannia_Home Care_product,106,14757.374248403106,2837.427631780786,249.38709677419354,9,108.0,95.0,80.0,74.0,97.25,97.625,86.0
2024,39,Home Care,Britannia,Britannia_Home Care_product,86,10251.32498213527,2160.829715693118,232.93548387096774,9,106.0,108.0,95.0,80.0,98.75,94.125,88.0
2024,40,Home Care,Britannia,Britannia_Home Care_product,88,9465.206114809462,1744.2529176168125,276.2258064516129,10,86.0,106.0,108.0,95.0,97.0,92.375,87.0
2024,41,Home Care,Britannia,Britannia_Home Care_product,87,11648.312596606494,2574.7037148905506,273.46666666666664,10,88.0,86.0,106.0,108.0,91.75,90.5,83.0
2024,42,Home Care,Britannia,Britannia_Home Care_product,83,10359.868905430107,1738.3636196291727,263.67857142857144,10,87.0,88.0,86.0,106.0,86.0,91.625,81.0
2024,43,Home Care,Britannia,Britannia_Home Care_product,81,8468.539870391609,1593.8148934640426,285.7241379310345,10,83.0,87.0,88.0,86.0,84.75,91.75,119.0
2024,44,Home Care,Britannia,Britannia_Home Care_product,119,17366.59678765441,3472.191011473394,284.72222222222223,11,81.0,83.0,87.0,88.0,92.5,94.75,115.0
2024,45,Home Care,Britannia,Britannia_Home Care_product,115,15587.739775551898,2826.1403734364426,298.6363636363636,11,119.0,81.0,83.0,87.0,99.5,95.625,98.0
2024,46,Home Care,Britannia,Britannia_Home Care_product,98,12956.386686000105,2529.674704610929,266.5151515151515,11,115.0,119.0,81.0,83.0,103.25,94.625,110.0
2024,47,Home Care,Britannia,Britannia_Home Care_product,110,11835.643854496064,2357.348737452977,281.42857142857144,11,98.0,115.0,119.0,81.0,110.5,97.625,75.0
2024,48,Home Care,Britannia,Britannia_Home Care_product,75,9718.146936011777,1521.5464859557353,260.0,11,110.0,98.0,115.0,119.0,99.5,96.0,87.0
2024,49,Home Care,Britannia,Britannia_Home Care_product,87,12867.312339878139,2452.552374069991,251.6206896551724,12,75.0,110.0,98.0,115.0,92.5,96.0,93.0
2024,50,Home Care,Britannia,Britannia_Home Care_product,93,11986.18208035543,2374.15587302031,265.5357142857143,12,87.0,75.0,110.0,98.0,91.25,97.25,73.0
2024,51,Home Care,Britannia,Britannia_Home Care_product,73,9853.316984139288,1968.9349187360492,290.0769230769231,12,93.0,87.0,75.0,110.0,82.0,96.25,83.0
2024,8,Personal Care,Britannia,Britannia_Personal Care_product,74,11566.341892486706,2438.6566434865126,293.6551724137931,2,72.0,76.0,72.0,99.0,73.5,82.875,103.0
2024,9,Personal Care,Britannia,Britannia_Personal Care_product,103,12816.536892362217,2524.6833257022404,241.97368421052633,2,74.0,72.0,76.0,72.0,81.25,85.625,67.0
2024,10,Personal Care,Britannia,Britannia_Personal Care_product,67,10026.503909458039,2025.8636688878937,275.5,3,103.0,74.0,72.0,76.0,79.0,80.5,83.0
2024,11,Personal Care,Britannia,Britannia_Personal Care_product,83,10010.823083350466,1965.6232978381504,237.84615384615384,3,67.0,103.0,74.0,72.0,81.75,80.75,68.0
2024,12,Personal Care,Britannia,Britannia_Personal Care_product,68,7948.947155970448,1666.5541560956965,294.8695652173913,3,83.0,67.0,103.0,74.0,80.25,76.875,60.0
2024,13,Personal Care,Britannia,Britannia_Personal Care_product,60,7760.209231055835,1579.678432670005,271.25,3,68.0,83.0,67.0,103.0,69.5,75.375,67.0
2024,14,Personal Care,Britannia,Britannia_Personal Care_product,67,9725.158689406922,2007.6611192082628,256.0740740740741,4,60.0,68.0,83.0,67.0,69.5,74.25,102.0
2024,15,Personal Care,Britannia,Britannia_Personal Care_product,102,10743.050311993075,2068.7542921328677,261.27027027027026,4,67.0,60.0,68.0,83.0,74.25,78.0,87.0
2024,16,Personal Care,Britannia,Britannia_Personal Care_product,87,10384.767533087484,2082.8791430060487,289.82142857142856,4,102.0,67.0,60.0,68.0,79.0,79.625,104.0
2024,17,Personal Care,Britannia,Britannia_Personal Care_product,104,12474.998897621539,2582.0736001994155,231.0,4,87.0,102.0,67.0,60.0,90.0,79.75,89.0
2024,18,Personal Care,Britannia,Britannia_Personal Care_product,89,12241.452225109813,2507.6992818578856,251.06666666666666,5,104.0,87.0,102.0,67.0,95.5,82.5,62.0
2024,19,Personal Care,Britannia,Britannia_Personal Care_product,62,7255.50042806756,1461.9663265078962,228.77272727272728,5,89.0,104.0,87.0,102.0,85.5,79.875,106.0
2024,20,Personal Care,Britannia,Britannia_Personal Care_product,106,14958.749620020324,2458.066302558578,255.9090909090909,5,62.0,89.0,104.0,87.0,90.25,84.625,91.0
2024,21,Personal Care,Britannia,Britannia_Personal Care_product,91,13249.697168072003,2735.978971335641,223.55172413793105,5,106.0,62.0,89.0,104.0,87.0,88.5,85.0
2024,22,Personal Care,Britannia,Britannia_Personal Care_product,85,12656.80936061299,2289.8120154749586,285.48148148148147,5,91.0,106.0,62.0,89.0,86.0,90.75,158.0
2024,23,Personal Care,Britannia,Britannia_Personal Care_product,158,23357.20045166877,4635.141260387344,287.45283018867923,6,85.0,91.0,106.0,62.0,110.0,97.75,74.0
2024,24,Personal Care,Britannia,Britannia_Personal Care_product,74,9116.85962504066,1620.9187509102126,228.79166666666666,6,158.0,85.0,91.0,106.0,102.0,96.125,112.0
2024,25,Personal Care,Britannia,Britannia_Personal Care_product,112,12457.522785329465,2660.7141202931934,252.21621621621622,6,74.0,158.0,85.0,91.0,107.25,97.125,87.0
2024,26,Personal Care,Britannia,Britannia_Personal Care_product,87,11433.784091309259,2085.364437472771,283.25,6,112.0,74.0,158.0,85.0,107.75,96.875,61.0
2024,27,Personal Care,Britannia,Britannia_Personal Care_product,61,9709.162620984713,1534.6159783381424,248.11111111111111,7,87.0,112.0,74.0,158.0,83.5,96.75,81.0
2024,28,Personal Care,Britannia,Britannia_Personal Care_product,81,9793.037624130266,2089.553532149081,281.85714285714283,7,61.0,87.0,112.0,74.0,85.25,93.625,84.0
2024,29,Personal Care,Britannia,Britannia_Personal Care_product,84,8278.2548691767,1854.4819656402424,277.42857142857144,7,81.0,61.0,87.0,112.0,78.25,92.75,104.0
2024,30,Personal Care,Britannia,Britannia_Personal Care_product,104,13957.545647478712,3013.258751049368,286.80555555555554,7,84.0,81.0,61.0,87.0,82.5,95.125,74.0
2024,31,Personal Care,Britannia,Britannia_Personal Care_product,74,8416.432954437556,1664.3479673371621,310.5,7,104.0,84.0,81.0,61.0,85.75,84.625,88.0
2024,32,Personal Care,Britannia,Britannia_Personal Care_product,88,10885.525376043144,1986.5956672862274,286.14285714285717,8,74.0,104.0,84.0,81.0,87.5,86.375,74.0
2024,33,Personal Care,Britannia,Britannia_Personal Care_product,74,10747.998460282624,1850.803123397356,261.125,8,88.0,74.0,104.0,84.0,85.0,81.625,75.0
2024,34,Personal Care,Britannia,Britannia_Personal Care_product,75,10072.925201298507,1783.4531840191673,243.1153846153846,8,74.0,88.0,74.0,104.0,77.75,80.125,110.0
2024,35,Personal Care,Britannia,Britannia_Personal Care_product,110,15154.050944708446,2661.919897819758,232.02631578947367,8,75.0,74.0,88.0,74.0,86.75,86.25,82.0
2024,36,Personal Care,Britannia,Britannia_Personal Care_product,82,11726.864415390552,2565.62986739344,233.21428571428572,9,110.0,75.0,74.0,88.0,85.25,86.375,89.0
2024,37,Personal Care,Britannia,Britannia_Personal Care_product,89,12815.432880698234,2770.879338390815,255.44444444444446,9,82.0,110.0,75.0,74.0,89.0,87.0,102.0
2024,38,Personal Care,Britannia,Britannia_Personal Care_product,102,17662.614769847343,3841.687618375244,271.8709677419355,9,89.0,82.0,110.0,75.0,95.75,86.75,75.0
2024,39,Personal Care,Britannia,Britannia_Personal Care_product,75,10328.597918575633,1956.3212117478142,246.80769230769232,9,102.0,89.0,82.0,110.0,87.0,86.875,90.0
2024,40,Personal Care,Britannia,Britannia_Personal Care_product,90,12644.754815088801,2369.7859079481286,280.81481481481484,10,75.0,102.0,89.0,82.0,89.0,87.125,86.0
2024,41,Personal Care,Britannia,Britannia_Personal Care_product,86,11806.107933847206,2339.5931021545125,312.37931034482756,10,90.0,75.0,102.0,89.0,88.25,88.625,68.0
2024,42,Personal Care,Britannia,Britannia_Personal Care_product,68,7965.437419575528,1369.3497153098033,289.1304347826087,10,86.0,90.0,75.0,102.0,79.75,87.75,74.0
2024,43,Personal Care,Britannia,Britannia_Personal Care_product,74,10044.740526837342,1774.32470034255,241.3913043478261,10,68.0,86.0,90.0,75.0,79.5,83.25,108.0
2024,44,Personal Care,Britannia,Britannia_Personal Care_product,108,11555.688639189235,2389.9391974746636,281.2,10,74.0,68.0,86.0,90.0,84.0,86.5,101.0
2024,45,Personal Care,Britannia,Britannia_Personal Care_product,101,14544.285387557826,2964.215479929306,242.63333333333333,11,108.0,74.0,68.0,86.0,87.75,88.0,74.0
2024,46,Personal Care,Britannia,Britannia_Personal Care_product,74,10957.390482512894,2467.5744320524195,322.6818181818182,11,101.0,108.0,74.0,68.0,89.25,84.5,102.0
2024,47,Personal Care,Britannia,Britannia_Personal Care_product,102,13595.068463956837,2328.861557284145,247.74285714285713,11,74.0,101.0,108.0,74.0,96.25,87.875,82.0
2024,48,Personal Care,Britannia,Britannia_Personal Care_product,82,11059.426610604294,2462.6112395017085,276.72,12,102.0,74.0,101.0,108.0,89.75,86.875,83.0
2024,49,Personal Care,Britannia,Britannia_Personal Care_product,83,12430.223541419979,2824.096914855727,274.0,12,82.0,102.0,74.0,101.0,85.25,86.5,101.0
2024,50,Personal Care,Britannia,Britannia_Personal Care_product,101,16343.096409309845,3362.0153421418777,259.6774193548387,12,83.0,82.0,102.0,74.0,92.0,90.625,81.0
2024,51,Personal Care,Britannia,Britannia_Personal Care_product,81,11016.197887275912,2027.0432242870327,264.9032258064516,12,101.0,83.0,82.0,102.0,86.75,91.5,75.0
2024,8,Snacks,Britannia,Britannia_Snacks_product,52,6619.581007120711,1320.6832718692644,287.0952380952381,2,65.0,94.0,80.0,76.0,72.75,78.75,76.0
2024,9,Snacks,Britannia,Britannia_Snacks_product,76,9753.004366269357,1922.9574148719278,292.0,2,52.0,65.0,94.0,80.0,71.75,76.625,99.0
2024,10,Snacks,Britannia,Britannia_Snacks_product,99,13911.444395346543,2758.0887924192516,217.7941176470588,3,76.0,52.0,65.0,94.0,73.0,79.875,70.0
2024,11,Snacks,Britannia,Britannia_Snacks_product,70,10273.338530071991,2232.867590127625,233.65217391304347,3,99.0,76.0,52.0,65.0,74.25,76.5,88.0
2024,12,Snacks,Britannia,Britannia_Snacks_product,88,9463.97236108835,2064.310724487475,281.5357142857143,3,70.0,99.0,76.0,52.0,83.25,78.0,99.0
2024,13,Snacks,Britannia,Britannia_Snacks_product,99,12349.11978969334,2432.736143837643,253.1764705882353,3,88.0,70.0,99.0,76.0,89.0,80.375,85.0
2024,14,Snacks,Britannia,Britannia_Snacks_product,85,9381.49619358974,1792.383508451138,299.67857142857144,4,99.0,88.0,70.0,99.0,85.5,79.25,66.0
2024,15,Snacks,Britannia,Britannia_Snacks_product,66,9177.875490325066,2023.8117679632956,292.0,4,85.0,99.0,88.0,70.0,84.5,79.375,115.0
2024,16,Snacks,Britannia,Britannia_Snacks_product,115,17077.9864413031,3563.153750249881,285.7435897435897,4,66.0,85.0,99.0,88.0,91.25,87.25,71.0
2024,17,Snacks,Britannia,Britannia_Snacks_product,71,9783.695887767315,1891.6053121389807,325.3703703703704,4,115.0,66.0,85.0,99.0,84.25,86.625,66.0
2024,18,Snacks,Britannia,Britannia_Snacks_product,66,9322.688247709937,2086.6437174882217,281.7307692307692,5,71.0,115.0,66.0,85.0,79.5,82.5,75.0
2024,19,Snacks,Britannia,Britannia_Snacks_product,75,10623.245741272474,2345.727498424378,308.36,5,66.0,71.0,115.0,66.0,81.75,83.125,102.0
2024,20,Snacks,Britannia,Britannia_Snacks_product,102,14013.399123366573,2822.4631447059533,267.57142857142856,5,75.0,66.0,71.0,115.0,78.5,84.875,72.0
2024,21,Snacks,Britannia,Britannia_Snacks_product,72,10176.998798376668,2179.3208296446396,289.68,5,102.0,75.0,66.0,71.0,78.75,81.5,101.0
2024,22,Snacks,Britannia,Britannia_Snacks_product,101,13685.23813958915,2713.5160927662346,267.6875,6,72.0,102.0,75.0,66.0,87.5,83.5,70.0
2024,23,Snacks,Britannia,Britannia_Snacks_product,70,9079.855293412404,1593.209548881001,283.48,6,101.0,72.0,102.0,75.0,86.25,84.0,80.0
2024,24,Snacks,Britannia,Britannia_Snacks_product,80,11718.776033623757,2521.8716862011834,257.92857142857144,6,70.0,101.0,72.0,102.0,80.75,79.625,91.0
2024,25,Snacks,Britannia,Britannia_Snacks_product,91,13079.319695413786,2336.763518998088,255.66666666666666,6,80.0,70.0,101.0,72.0,85.5,82.125,75.0
2024,26,Snacks,Britannia,Britannia_Snacks_product,75,10191.371889460725,2129.445984579272,230.22222222222223,6,91.0,80.0,70.0,101.0,79.0,83.25,72.0
2024,27,Snacks,Britannia,Britannia_Snacks_product,72,10257.406327183984,2006.5577585205458,270.125,7,75.0,91.0,80.0,70.0,79.5,82.875,76.0
2024,28,Snacks,Britannia,Britannia_Snacks_product,76,9191.634423465759,1932.1960846526495,283.1304347826087,7,72.0,75.0,91.0,80.0,78.5,79.625,82.0
2024,29,Snacks,Britannia,Britannia_Snacks_product,82,9367.666199049967,1886.2225739474563,301.6666666666667,7,76.0,72.0,75.0,91.0,76.25,80.875,91.0
2024,30,Snacks,Britannia,Britannia_Snacks_product,91,11533.294266241235,2302.8611906874416,264.43333333333334,7,82.0,76.0,72.0,75.0,80.25,79.625,84.0
2024,31,Snacks,Britannia,Britannia_Snacks_product,84,13961.804154904245,2860.3703288821075,323.4,7,91.0,82.0,76.0,72.0,83.25,81.375,104.0
2024,32,Snacks,Britannia,Britannia_Snacks_product,104,12161.058237355077,2468.0663110578043,239.0344827586207,8,84.0,91.0,82.0,76.0,90.25,84.375,91.0
2024,33,Snacks,Britannia,Britannia_Snacks_product,91,10711.498814073466,2177.219450100057,270.9032258064516,8,104.0,84.0,91.0,82.0,92.5,84.375,101.0
2024,34,Snacks,Britannia,Britannia_Snacks_product,101,13114.462263069527,2638.153906273461,290.375,8,91.0,104.0,84.0,91.0,95.0,87.625,86.0
2024,35,Snacks,Britannia,Britannia_Snacks_product,86,10029.034435864469,2043.2372219556714,321.24,8,101.0,91.0,104.0,84.0,95.5,89.375,91.0
2024,36,Snacks,Britannia,Britannia_Snacks_product,91,13889.228626955992,3170.173521961128,286.7931034482759,9,86.0,101.0,91.0,104.0,92.25,91.25,86.0
2024,37,Snacks,Britannia,Britannia_Snacks_product,86,12147.22977525457,2416.2215565499405,288.2,9,91.0,86.0,101.0,91.0,91.0,91.75,88.0
2024,38,Snacks,Britannia,Britannia_Snacks_product,88,11422.583161714325,2087.800974476696,275.97058823529414,9,86.0,91.0,86.0,101.0,87.75,91.375,85.0
2024,39,Snacks,Britannia,Britannia_Snacks_product,85,11962.02966722232,2222.342932069488,307.60714285714283,9,88.0,86.0,91.0,86.0,87.5,91.5,80.0
2024,40,Snacks,Britannia,Britannia_Snacks_product,80,10084.446592512817,1720.0572498928052,254.85185185185185,10,85.0,88.0,86.0,91.0,84.75,88.5,70.0
2024,41,Snacks,Britannia,Britannia_Snacks_product,70,10137.844259382216,2311.443255359577,328.2608695652174,10,80.0,85.0,88.0,86.0,80.75,85.875,102.0
2024,42,Snacks,Britannia,Britannia_Snacks_product,102,14521.615271984356,3095.9830688412558,265.7741935483871,10,70.0,80.0,85.0,88.0,84.25,86.0,74.0
2024,43,Snacks,Britannia,Britannia_Snacks_product,74,9991.365500731865,2255.3223670909474,289.0416666666667,10,102.0,70.0,80.0,85.0,81.5,84.5,109.0
2024,44,Snacks,Britannia,Britannia_Snacks_product,109,15044.122810310408,2990.839212782979,311.8529411764706,10,74.0,102.0,70.0,80.0,88.75,86.75,119.0
2024,45,Snacks,Britannia,Britannia_Snacks_product,119,17075.695332928542,3053.346638673943,272.6578947368421,11,109.0,74.0,102.0,70.0,101.0,90.875,82.0
2024,46,Snacks,Britannia,Britannia_Snacks_product,82,10615.718888660753,1998.6618342433667,264.3076923076923,11,119.0,109.0,74.0,102.0,96.0,90.125,114.0
2024,47,Snacks,Britannia,Britannia_Snacks_product,114,12238.341542828026,2345.1613747812926,262.54285714285714,11,82.0,119.0,109.0,74.0,106.0,93.75,84.0
2024,48,Snacks,Britannia,Britannia_Snacks_product,84,11008.656728358106,2160.1490751659094,222.72413793103448,11,114.0,82.0,119.0,109.0,99.75,94.25,100.0
2024,49,Snacks,Britannia,Britannia_Snacks_product,100,13328.604625804353,2835.701562745652,281.2121212121212,12,84.0,114.0,82.0,119.0,95.0,98.0,44.0
2024,50,Snacks,Britannia,Britannia_Snacks_product,44,4919.17721868519,837.440653077461,282.1764705882353,12,100.0,84.0,114.0,82.0,85.5,90.75,93.0
2024,51,Snacks,Britannia,Britannia_Snacks_product,93,13380.387500068935,3188.3039434908587,271.9117647058824,12,44.0,100.0,84.0,114.0,80.25,93.125,89.0
2024,8,Vegetables,Britannia,Britannia_Vegetables_product,79,10089.90978858906,1932.521502114497,312.15384615384613,2,100.0,107.0,134.0,98.0,105.0,103.125,92.0
2024,9,Vegetables,Britannia,Britannia_Vegetables_product,92,14099.519814464682,2781.9631057281126,256.90909090909093,3,79.0,100.0,107.0,134.0,94.5,98.75,124.0
2024,10,Vegetables,Britannia,Britannia_Vegetables_product,124,15562.308035730683,3339.788309385761,272.05,3,92.0,79.0,100.0,107.0,98.75,101.5,80.0
2024,11,Vegetables,Britannia,Britannia_Vegetables_product,80,9367.592894120358,1804.6180445529874,301.92857142857144,3,124.0,92.0,79.0,100.0,93.75,101.75,74.0
2024,12,Vegetables,Britannia,Britannia_Vegetables_product,74,9787.659404046006,1798.7124563920047,283.0,3,80.0,124.0,92.0,79.0,92.5,98.75,92.0
2024,13,Vegetables,Britannia,Britannia_Vegetables_product,92,13405.204963438446,3043.2821642446333,262.1875,3,74.0,80.0,124.0,92.0,92.5,93.5,103.0
2024,14,Vegetables,Britannia,Britannia_Vegetables_product,103,12382.43723924872,2289.007168840995,291.1290322580645,4,92.0,74.0,80.0,124.0,87.25,93.0,66.0
2024,15,Vegetables,Britannia,Britannia_Vegetables_product,66,9445.688419484222,1752.0916928400713,267.2083333333333,4,103.0,92.0,74.0,80.0,83.75,88.75,111.0
2024,16,Vegetables,Britannia,Britannia_Vegetables_product,111,16073.222839236802,3200.390261460674,282.8529411764706,4,66.0,103.0,92.0,74.0,93.0,92.75,76.0
2024,17,Vegetables,Britannia,Britannia_Vegetables_product,76,8397.878170297294,1440.6001340313812,324.4642857142857,4,111.0,66.0,103.0,92.0,89.0,90.75,122.0
2024,18,Vegetables,Britannia,Britannia_Vegetables_product,122,16015.289201897906,3218.835297342838,282.3611111111111,5,76.0,111.0,66.0,103.0,93.75,90.5,63.0
2024,19,Vegetables,Britannia,Britannia_Vegetables_product,63,8914.441461163358,1743.4219449011755,252.6086956521739,5,122.0,76.0,111.0,66.0,93.0,88.375,67.0
2024,20,Vegetables,Britannia,Britannia_Vegetables_product,67,9878.100762002938,1983.3171189004495,277.18518518518516,5,63.0,122.0,76.0,111.0,82.0,87.5,69.0
2024,21,Vegetables,Britannia,Britannia_Vegetables_product,69,7219.425552474696,1315.3586818130705,293.6896551724138,5,67.0,63.0,122.0,76.0,80.25,84.625,98.0
2024,22,Vegetables,Britannia,Britannia_Vegetables_product,98,13221.572321505517,3167.545490694829,235.71875,5,69.0,67.0,63.0,122.0,74.25,84.0,80.0
2024,23,Vegetables,Britannia,Britannia_Vegetables_product,80,10609.465588097419,2374.3983932214774,297.84,6,98.0,69.0,67.0,63.0,78.5,85.75,88.0
2024,24,Vegetables,Britannia,Britannia_Vegetables_product,88,9412.821685835506,1869.3625038567682,245.32142857142858,6,80.0,98.0,69.0,67.0,83.75,82.875,69.0
2024,25,Vegetables,Britannia,Britannia_Vegetables_product,69,8744.976976621703,1711.8403179077045,231.48,6,88.0,80.0,98.0,69.0,83.75,82.0,67.0
2024,26,Vegetables,Britannia,Britannia_Vegetables_product,67,9974.058694939396,2041.343646355179,266.84,6,69.0,88.0,80.0,98.0,76.0,75.125,75.0
2024,27,Vegetables,Britannia,Britannia_Vegetables_product,75,8025.271500362509,1618.3079310546693,273.6666666666667,7,67.0,69.0,88.0,80.0,74.75,76.625,92.0
2024,28,Vegetables,Britannia,Britannia_Vegetables_product,92,11565.433391981654,1844.4602586621231,255.84375,7,75.0,67.0,69.0,88.0,75.75,79.75,84.0
2024,29,Vegetables,Britannia,Britannia_Vegetables_product,84,13743.724130507719,3195.504943450074,239.24137931034483,7,92.0,75.0,67.0,69.0,79.5,81.625,91.0
2024,30,Vegetables,Britannia,Britannia_Vegetables_product,91,9722.434856095677,1679.5966751055785,255.96774193548387,7,84.0,92.0,75.0,67.0,85.5,80.75,112.0
2024,31,Vegetables,Britannia,Britannia_Vegetables_product,112,12361.454843429789,2363.359974556276,294.62857142857143,7,91.0,84.0,92.0,75.0,94.75,84.75,98.0
2024,32,Vegetables,Britannia,Britannia_Vegetables_product,98,13577.59834597515,2583.3546306577678,264.29411764705884,8,112.0,91.0,84.0,92.0,96.25,86.0,81.0
2024,33,Vegetables,Britannia,Britannia_Vegetables_product,81,9797.485062179281,1671.8018951868644,261.42857142857144,8,98.0,112.0,91.0,84.0,95.5,87.5,108.0
2024,34,Vegetables,Britannia,Britannia_Vegetables_product,108,15381.906150269155,3083.2405847856157,293.55555555555554,8,81.0,98.0,112.0,91.0,99.75,92.625,95.0
2024,35,Vegetables,Britannia,Britannia_Vegetables_product,95,12527.239771706894,2431.760479322049,305.13793103448273,8,108.0,81.0,98.0,112.0,95.5,95.125,115.0
2024,36,Vegetables,Britannia,Britannia_Vegetables_product,115,17553.46786743767,3445.489669966677,306.65714285714284,9,95.0,108.0,81.0,98.0,99.75,98.0,110.0
2024,37,Vegetables,Britannia,Britannia_Vegetables_product,110,14280.892646122347,2719.160079684466,280.1219512195122,9,115.0,95.0,108.0,81.0,107.0,101.25,98.0
2024,38,Vegetables,Britannia,Britannia_Vegetables_product,98,13855.982273465463,2858.4783223016925,231.93548387096774,9,110.0,115.0,95.0,108.0,104.5,102.125,67.0
2024,39,Vegetables,Britannia,Britannia_Vegetables_product,67,8358.573245915972,1852.2332414564114,295.6,9,98.0,110.0,115.0,95.0,97.5,96.5,98.0
2024,40,Vegetables,Britannia,Britannia_Vegetables_product,98,14825.92791137115,3153.7831855239892,328.40625,10,67.0,98.0,110.0,115.0,93.25,96.5,123.0
2024,41,Vegetables,Britannia,Britannia_Vegetables_product,123,15760.426392293577,3645.93077986031,298.30555555555554,10,98.0,67.0,98.0,110.0,96.5,101.75,114.0
2024,42,Vegetables,Britannia,Britannia_Vegetables_product,114,16868.339766793437,3399.5958530360194,284.4,10,123.0,98.0,67.0,98.0,100.5,102.5,96.0
2024,43,Vegetables,Britannia,Britannia_Vegetables_product,96,10658.630828075715,1937.8685206127568,269.7096774193548,10,114.0,123.0,98.0,67.0,107.75,102.625,99.0
2024,44,Vegetables,Britannia,Britannia_Vegetables_product,99,12545.78634832822,2942.307195481211,294.19354838709677,10,96.0,114.0,123.0,98.0,108.0,100.625,95.0
2024,45,Vegetables,Britannia,Britannia_Vegetables_product,95,12858.428125015193,2413.32958316404,281.2121212121212,11,99.0,96.0,114.0,123.0,101.0,98.75,80.0
2024,46,Vegetables,Britannia,Britannia_Vegetables_product,80,13286.977616691847,2828.0047320894387,246.0,11,95.0,99.0,96.0,114.0,92.5,96.5,85.0
2024,47,Vegetables,Britannia,Britannia_Vegetables_product,85,12791.305217434809,2573.006220133463,324.07142857142856,11,80.0,95.0,99.0,96.0,89.75,98.75,98.0
2024,48,Vegetables,Britannia,Britannia_Vegetables_product,98,10261.716062973475,1895.5203711688034,285.125,11,85.0,80.0,95.0,99.0,89.5,98.75,71.0
2024,49,Vegetables,Britannia,Britannia_Vegetables_product,71,10107.017167063907,1887.0359509592683,256.89285714285717,12,98.0,85.0,80.0,95.0,83.5,92.25,80.0
2024,50,Vegetables,Britannia,Britannia_Vegetables_product,80,9767.067263202081,1923.1051716389861,303.1,12,71.0,98.0,85.0,80.0,83.5,88.0,62.0
2024,51,Vegetables,Britannia,Britannia_Vegetables_product,62,8947.321883456243,1881.5010774722437,248.75,12,80.0,71.0,98.0,85.0,77.75,83.75,90.0
2024,8,Snacks,PepsiCo,Doritos Nacho,39,4677.834761741333,954.1429438683845,250.9,2,6.0,18.0,30.0,23.0,23.25,24.25,15.0
2024,9,Snacks,PepsiCo,Doritos Nacho,15,1845.1610346718214,350.8992088660282,272.1666666666667,2,39.0,6.0,18.0,30.0,19.5,23.875,1.0
2024,10,Snacks,PepsiCo,Doritos Nacho,1,259.8974558848512,63.81552962978776,167.0,3,15.0,39.0,6.0,18.0,15.25,20.75,18.0
2024,11,Snacks,PepsiCo,Doritos Nacho,18,2346.5577442903013,579.2407518604605,255.85714285714286,3,1.0,15.0,39.0,6.0,18.25,18.75,9.0
2024,12,Snacks,PepsiCo,Doritos Nacho,9,1890.8687227068115,399.42342766010574,371.3333333333333,3,18.0,1.0,15.0,39.0,10.75,17.0,38.0
2024,13,Snacks,PepsiCo,Doritos Nacho,38,5144.055139797542,1202.229691409822,309.6923076923077,3,9.0,18.0,1.0,15.0,16.5,18.0,37.0
2024,14,Snacks,PepsiCo,Doritos Nacho,37,4781.674677853444,1137.4999537950928,282.6923076923077,4,38.0,9.0,18.0,1.0,25.5,20.375,34.0
2024,15,Snacks,PepsiCo,Doritos Nacho,34,4886.121993930835,1024.431775723883,365.1,4,37.0,38.0,9.0,18.0,29.5,23.875,41.0
2024,16,Snacks,PepsiCo,Doritos Nacho,41,4161.767680752985,765.8940596487571,323.1333333333333,4,34.0,37.0,38.0,9.0,37.5,24.125,22.0
2024,17,Snacks,PepsiCo,Doritos Nacho,22,2275.677156419461,474.3098240669045,226.125,4,41.0,34.0,37.0,38.0,33.5,25.0,14.0
2024,18,Snacks,PepsiCo,Doritos Nacho,14,1994.9310605811154,358.0316902111331,262.0,5,22.0,41.0,34.0,37.0,27.75,26.625,15.0
2024,19,Snacks,PepsiCo,Doritos Nacho,15,1857.758513089856,392.67738543491566,189.8,5,14.0,22.0,41.0,34.0,23.0,26.25,25.0
2024,20,Snacks,PepsiCo,Doritos Nacho,25,2974.37447537337,551.3561433343262,252.0,5,15.0,14.0,22.0,41.0,19.0,28.25,20.0
2024,21,Snacks,PepsiCo,Doritos Nacho,20,2309.054172424136,491.37222703889313,286.875,5,25.0,15.0,14.0,22.0,18.5,26.0,43.0
2024,22,Snacks,PepsiCo,Doritos Nacho,43,6439.452338705588,1442.0073628939804,280.0769230769231,5,20.0,25.0,15.0,14.0,25.75,26.75,21.0
2024,23,Snacks,PepsiCo,Doritos Nacho,21,3300.470693987859,726.3537106689585,358.0,6,43.0,20.0,25.0,15.0,27.25,25.125,28.0
2024,24,Snacks,PepsiCo,Doritos Nacho,28,3048.7305771299943,704.0113816076778,332.625,6,21.0,43.0,20.0,25.0,28.0,23.5,28.0
2024,25,Snacks,PepsiCo,Doritos Nacho,28,4142.014256593164,910.1333295683619,248.72727272727272,6,28.0,21.0,43.0,20.0,30.0,24.25,27.0
2024,26,Snacks,PepsiCo,Doritos Nacho,27,3596.1166085130453,757.1737897035332,335.0,6,28.0,28.0,21.0,43.0,26.0,25.875,19.0
2024,27,Snacks,PepsiCo,Doritos Nacho,19,1742.0500998075388,337.0539332537658,286.125,7,27.0,28.0,28.0,21.0,25.5,26.375,16.0
2024,28,Snacks,PepsiCo,Doritos Nacho,16,2488.315325467892,492.5057115907978,325.0,7,19.0,27.0,28.0,28.0,22.5,25.25,21.0
2024,29,Snacks,PepsiCo,Doritos Nacho,21,3428.1991884658255,807.2870085397342,345.6666666666667,7,16.0,19.0,27.0,28.0,20.75,25.375,28.0
2024,30,Snacks,PepsiCo,Doritos Nacho,28,2404.685472930549,511.70665733204635,270.25,7,21.0,16.0,19.0,27.0,21.0,23.5,16.0
2024,31,Snacks,PepsiCo,Doritos Nacho,16,1829.3368068135208,314.5681852324637,248.66666666666666,7,28.0,21.0,16.0,19.0,20.25,22.875,16.0
2024,32,Snacks,PepsiCo,Doritos Nacho,16,2293.203467820604,470.5436368439477,244.14285714285714,8,16.0,28.0,21.0,16.0,20.25,21.375,28.0
2024,33,Snacks,PepsiCo,Doritos Nacho,28,3731.6160654671407,822.6892364498842,295.6666666666667,8,16.0,16.0,28.0,21.0,22.0,21.375,30.0
2024,34,Snacks,PepsiCo,Doritos Nacho,30,3542.3075506688197,688.6870560641103,193.0909090909091,8,28.0,16.0,16.0,28.0,22.5,21.75,17.0
2024,35,Snacks,PepsiCo,Doritos Nacho,17,2529.146897250754,347.9960472728076,216.57142857142858,8,30.0,28.0,16.0,16.0,22.75,21.5,12.0
2024,36,Snacks,PepsiCo,Doritos Nacho,12,1249.0302344868699,191.14366340244564,276.57142857142856,9,17.0,30.0,28.0,16.0,21.75,21.0,32.0
2024,37,Snacks,PepsiCo,Doritos Nacho,32,4156.39835761274,984.2997232508787,306.90909090909093,9,12.0,17.0,30.0,28.0,22.75,22.375,15.0
2024,38,Snacks,PepsiCo,Doritos Nacho,15,1573.753156182794,381.57519743314543,236.14285714285714,9,32.0,12.0,17.0,30.0,19.0,20.75,20.0
2024,39,Snacks,PepsiCo,Doritos Nacho,20,3275.8807485333637,717.5347532780829,291.8333333333333,9,15.0,32.0,12.0,17.0,19.75,21.25,48.0
2024,40,Snacks,PepsiCo,Doritos Nacho,48,5326.353366993999,1078.78839735344,267.625,10,20.0,15.0,32.0,12.0,28.75,25.25,27.0
2024,41,Snacks,PepsiCo,Doritos Nacho,27,2651.094820095714,633.2308982116322,329.8888888888889,10,48.0,20.0,15.0,32.0,27.5,25.125,32.0
2024,42,Snacks,PepsiCo,Doritos Nacho,32,2826.3657479298627,598.8529741671771,265.4,10,27.0,48.0,20.0,15.0,31.75,25.375,13.0
2024,43,Snacks,PepsiCo,Doritos Nacho,13,2314.314968834293,417.37674702474135,329.0,10,32.0,27.0,48.0,20.0,30.0,24.875,20.0
2024,44,Snacks,PepsiCo,Doritos Nacho,20,4119.23782242089,945.2203338189565,266.14285714285717,10,13.0,32.0,27.0,48.0,23.0,25.875,17.0
2024,45,Snacks,PepsiCo,Doritos Nacho,17,1567.2257468129023,385.3012850808724,275.6,11,20.0,13.0,32.0,27.0,20.5,24.0,21.0
2024,46,Snacks,PepsiCo,Doritos Nacho,21,2927.6346732194106,570.7001229973164,208.42857142857142,11,17.0,20.0,13.0,32.0,17.75,24.75,26.0
2024,47,Snacks,PepsiCo,Doritos Nacho,26,3222.8303264371652,715.8537713393878,342.7142857142857,11,21.0,17.0,20.0,13.0,21.0,25.5,12.0
2024,48,Snacks,PepsiCo,Doritos Nacho,12,802.978872415759,211.34207765420962,324.25,11,26.0,21.0,17.0,20.0,19.0,21.0,26.0
2024,49,Snacks,PepsiCo,Doritos Nacho,26,3539.012424914971,643.4505522683465,264.375,12,12.0,26.0,21.0,17.0,21.25,20.875,20.0
2024,50,Snacks,PepsiCo,Doritos Nacho,20,1995.5669619921905,326.7643756942969,389.5,12,26.0,12.0,26.0,21.0,21.0,19.375,15.0
2024,51,Snacks,PepsiCo,Doritos Nacho,15,2967.0094952822183,548.2639377272054,194.0,12,20.0,26.0,12.0,26.0,18.25,19.625,9.0
2024,8,Beverages,HUL,HUL_Beverages_product,108,15700.764882997477,2874.1643860677796,292.0571428571429,2,112.0,94.0,110.0,89.0,106.0,103.75,88.0
2024,9,Beverages,HUL,HUL_Beverages_product,88,10896.658267789266,1990.1365831516368,271.7878787878788,3,108.0,112.0,94.0,110.0,100.5,101.375,106.0
2024,10,Beverages,HUL,HUL_Beverages_product,106,14016.24719984108,3011.563643978856,265.6,3,88.0,108.0,112.0,94.0,103.5,98.5,132.0
2024,11,Beverages,HUL,HUL_Beverages_product,132,20102.61753258642,4759.551793104807,269.1904761904762,3,106.0,88.0,108.0,112.0,108.5,104.875,110.0
2024,12,Beverages,HUL,HUL_Beverages_product,110,13578.308830669412,2592.7846592064093,268.13513513513516,3,132.0,106.0,88.0,108.0,109.0,107.5,89.0
2024,13,Beverages,HUL,HUL_Beverages_product,89,11402.139070428128,2330.1580300891865,285.8125,3,110.0,132.0,106.0,88.0,109.25,104.875,91.0
2024,14,Beverages,HUL,HUL_Beverages_product,91,10123.598528674247,2286.4429327812736,258.2413793103448,4,89.0,110.0,132.0,106.0,105.5,104.5,104.0
2024,15,Beverages,HUL,HUL_Beverages_product,104,12822.9128204789,2427.915938596673,278.25,4,91.0,89.0,110.0,132.0,98.5,103.5,70.0
2024,16,Beverages,HUL,HUL_Beverages_product,70,9368.13559741638,1742.925116370043,259.6521739130435,4,104.0,91.0,89.0,110.0,88.5,98.75,84.0
2024,17,Beverages,HUL,HUL_Beverages_product,84,10909.192580822762,2019.2087005487,297.1111111111111,4,70.0,104.0,91.0,89.0,87.25,98.25,86.0
2024,18,Beverages,HUL,HUL_Beverages_product,86,11247.317505825915,2317.357893954161,239.44,4,84.0,70.0,104.0,91.0,86.0,95.75,72.0
2024,19,Beverages,HUL,HUL_Beverages_product,72,6467.731723229536,1383.2866381048868,227.23076923076923,5,86.0,84.0,70.0,104.0,78.0,88.25,96.0
2024,20,Beverages,HUL,HUL_Beverages_product,96,12879.260325894884,2486.6469682423794,247.4848484848485,5,72.0,86.0,84.0,70.0,84.5,86.5,115.0
2024,21,Beverages,HUL,HUL_Beverages_product,115,12840.299290305322,2340.359401140601,274.0,5,96.0,72.0,86.0,84.0,92.25,89.75,77.0
2024,22,Beverages,HUL,HUL_Beverages_product,77,10784.140120208394,2150.35893618913,247.92,5,115.0,96.0,72.0,86.0,90.0,88.0,101.0
2024,23,Beverages,HUL,HUL_Beverages_product,101,12332.768661922033,2615.8665974055402,276.70588235294116,6,77.0,115.0,96.0,72.0,97.25,87.625,95.0
2024,24,Beverages,HUL,HUL_Beverages_product,95,12206.920032235701,2744.292112317273,318.42424242424244,6,101.0,77.0,115.0,96.0,97.0,90.75,102.0
2024,25,Beverages,HUL,HUL_Beverages_product,102,13166.508160818643,2808.100185116448,265.02777777777777,6,95.0,101.0,77.0,115.0,93.75,93.0,56.0
2024,26,Beverages,HUL,HUL_Beverages_product,56,6807.676215254003,1285.3841602256023,275.92,6,102.0,95.0,101.0,77.0,88.5,89.25,92.0
2024,27,Beverages,HUL,HUL_Beverages_product,92,7946.38914899126,1359.4003237389268,311.61538461538464,7,56.0,102.0,95.0,101.0,86.25,91.75,77.0
2024,28,Beverages,HUL,HUL_Beverages_product,77,11349.897957112142,2519.7330937623055,295.2857142857143,7,92.0,56.0,102.0,95.0,81.75,89.375,77.0
2024,29,Beverages,HUL,HUL_Beverages_product,77,9255.91896906149,2046.1400007704801,231.06666666666666,7,77.0,92.0,56.0,102.0,75.5,84.625,84.0
2024,30,Beverages,HUL,HUL_Beverages_product,84,8900.266629326617,1949.163928590678,293.17857142857144,7,77.0,77.0,92.0,56.0,82.5,85.5,81.0
2024,31,Beverages,HUL,HUL_Beverages_product,81,10306.431609864701,2126.734163838193,272.5,8,84.0,77.0,77.0,92.0,79.75,83.0,59.0
2024,32,Beverages,HUL,HUL_Beverages_product,59,8759.908963955899,1601.4291176375086,258.04347826086956,8,81.0,84.0,77.0,77.0,75.25,78.5,74.0
2024,33,Beverages,HUL,HUL_Beverages_product,74,8766.771930733294,1548.9087625029495,246.84615384615384,8,59.0,81.0,84.0,77.0,74.5,75.0,75.0
2024,34,Beverages,HUL,HUL_Beverages_product,75,11118.708093250649,2124.739935547678,262.2916666666667,8,74.0,59.0,81.0,84.0,72.25,77.375,97.0
2024,35,Beverages,HUL,HUL_Beverages_product,97,12997.149643135494,2155.5369734891624,329.3888888888889,8,75.0,74.0,59.0,81.0,76.25,78.0,78.0
2024,36,Beverages,HUL,HUL_Beverages_product,78,8017.824402949729,1689.8729875742536,275.6666666666667,9,97.0,75.0,74.0,59.0,81.0,78.125,90.0
2024,37,Beverages,HUL,HUL_Beverages_product,90,11208.69824275564,2239.4514737778,269.2903225806452,9,78.0,97.0,75.0,74.0,85.0,79.75,110.0
2024,38,Beverages,HUL,HUL_Beverages_product,110,13443.583869290063,2445.5228320031774,267.45714285714286,9,90.0,78.0,97.0,75.0,93.75,83.0,93.0
2024,39,Beverages,HUL,HUL_Beverages_product,93,12352.28781594172,2388.208278017224,281.9655172413793,9,110.0,90.0,78.0,97.0,92.75,84.5,84.0
2024,40,Beverages,HUL,HUL_Beverages_product,84,9041.024376183495,1916.5667355212,317.5357142857143,10,93.0,110.0,90.0,78.0,94.25,87.625,102.0
2024,41,Beverages,HUL,HUL_Beverages_product,102,13890.07868621615,2884.9804133271555,301.1764705882353,10,84.0,93.0,110.0,90.0,97.25,91.125,107.0
2024,42,Beverages,HUL,HUL_Beverages_product,107,13222.34563966236,2626.106107765309,303.61764705882354,10,102.0,84.0,93.0,110.0,96.5,95.125,90.0
2024,43,Beverages,HUL,HUL_Beverages_product,90,11406.901254636257,2455.7942014876594,272.0,10,107.0,102.0,84.0,93.0,95.75,94.25,111.0
2024,44,Beverages,HUL,HUL_Beverages_product,111,15386.687694088203,2656.4374650941268,330.65,11,90.0,107.0,102.0,84.0,102.5,98.375,90.0
2024,45,Beverages,HUL,HUL_Beverages_product,90,12648.800087160726,2601.8542187710136,259.1875,11,111.0,90.0,107.0,102.0,99.5,98.375,73.0
2024,46,Beverages,HUL,HUL_Beverages_product,73,9839.433008123899,1899.3074221249678,310.375,11,90.0,111.0,90.0,107.0,91.0,93.75,57.0
2024,47,Beverages,HUL,HUL_Beverages_product,57,7783.857488254686,1310.1891558508735,278.9130434782609,11,73.0,90.0,111.0,90.0,82.75,89.25,96.0
2024,48,Beverages,HUL,HUL_Beverages_product,96,12220.20544906749,2624.086153875235,245.89285714285714,12,57.0,73.0,90.0,111.0,79.0,90.75,125.0
2024,49,Beverages,HUL,HUL_Beverages_product,125,18462.68045162714,3525.1740008155803,242.91176470588235,12,96.0,57.0,73.0,90.0,87.75,93.625,89.0
2024,50,Beverages,HUL,HUL_Beverages_product,89,10196.286421180937,2141.7547122798196,292.48148148148147,12,125.0,96.0,57.0,73.0,91.75,91.375,78.0
2024,51,Beverages,HUL,HUL_Beverages_product,78,9065.384530553736,1807.4382756296081,243.96153846153845,12,89.0,125.0,96.0,57.0,97.0,89.875,133.0
2024,8,Dairy,HUL,HUL_Dairy_product,88,12435.06264789352,2369.4316422202105,253.1290322580645,2,62.0,88.0,112.0,69.0,87.5,79.875,83.0
2024,9,Dairy,HUL,HUL_Dairy_product,83,13206.257720540809,2910.374298223883,296.67857142857144,2,88.0,62.0,88.0,112.0,80.25,81.125,68.0
2024,10,Dairy,HUL,HUL_Dairy_product,68,9642.368139147651,1686.4071849150819,262.4761904761905,3,83.0,88.0,62.0,88.0,75.25,79.75,83.0
2024,11,Dairy,HUL,HUL_Dairy_product,83,10593.663728113832,1899.8174782087515,269.46153846153845,3,68.0,83.0,88.0,62.0,80.5,81.625,73.0
2024,12,Dairy,HUL,HUL_Dairy_product,73,8755.014606421648,1550.5564509345706,238.6153846153846,3,83.0,68.0,83.0,88.0,76.75,82.125,81.0
2024,13,Dairy,HUL,HUL_Dairy_product,81,10760.707088951216,2427.990182886547,323.28,3,73.0,83.0,68.0,83.0,76.25,78.25,85.0
2024,14,Dairy,HUL,HUL_Dairy_product,85,8196.299478629553,1619.176871397687,262.65625,4,81.0,73.0,83.0,68.0,80.5,77.875,64.0
2024,15,Dairy,HUL,HUL_Dairy_product,64,8139.8823708910395,1831.6318418286735,273.8095238095238,4,85.0,81.0,73.0,83.0,75.75,78.125,120.0
2024,16,Dairy,HUL,HUL_Dairy_product,120,15929.895297626163,3404.942829872771,245.425,4,64.0,85.0,81.0,73.0,87.5,82.125,113.0
2024,17,Dairy,HUL,HUL_Dairy_product,113,16334.528030157635,3677.018932916529,265.79411764705884,4,120.0,64.0,85.0,81.0,95.5,85.875,95.0
2024,18,Dairy,HUL,HUL_Dairy_product,95,14746.751485069186,2839.5615119724375,299.55172413793105,5,113.0,120.0,64.0,85.0,98.0,89.25,125.0
2024,19,Dairy,HUL,HUL_Dairy_product,125,15544.284468962443,2995.0578029657877,237.42424242424244,5,95.0,113.0,120.0,64.0,113.25,94.5,67.0
2024,20,Dairy,HUL,HUL_Dairy_product,67,7871.065118315268,1407.0979944935518,305.6521739130435,5,125.0,95.0,113.0,120.0,100.0,93.75,87.0
2024,21,Dairy,HUL,HUL_Dairy_product,87,11428.784241759942,2399.7557230032994,259.1034482758621,5,67.0,125.0,95.0,113.0,93.5,94.5,81.0
2024,22,Dairy,HUL,HUL_Dairy_product,81,9090.180161294149,1742.9949119381513,328.48148148148147,5,87.0,67.0,125.0,95.0,90.0,94.0,81.0
2024,23,Dairy,HUL,HUL_Dairy_product,81,11341.978137580343,2459.5228285509625,291.0,6,81.0,87.0,67.0,125.0,79.0,96.125,97.0
2024,24,Dairy,HUL,HUL_Dairy_product,97,10879.796662292514,2018.7873121990165,262.94736842105266,6,81.0,81.0,87.0,67.0,86.5,93.25,64.0
2024,25,Dairy,HUL,HUL_Dairy_product,64,7782.374801531812,1550.9887006582624,276.82608695652175,6,97.0,81.0,81.0,87.0,80.75,87.125,102.0
2024,26,Dairy,HUL,HUL_Dairy_product,102,14155.775875438654,2983.4270948217386,250.64705882352942,6,64.0,97.0,81.0,81.0,86.0,88.0,109.0
2024,27,Dairy,HUL,HUL_Dairy_product,109,14110.895084835307,3031.6401922314126,294.44444444444446,7,102.0,64.0,97.0,81.0,93.0,86.0,62.0
2024,28,Dairy,HUL,HUL_Dairy_product,62,9187.762722412777,1696.545788243929,258.0,7,109.0,102.0,64.0,97.0,84.25,85.375,95.0
2024,29,Dairy,HUL,HUL_Dairy_product,95,12034.650728613235,2598.3626440620346,241.21875,7,62.0,109.0,102.0,64.0,92.0,86.375,96.0
2024,30,Dairy,HUL,HUL_Dairy_product,96,14337.355007770542,2690.6038979980626,317.45714285714286,7,95.0,62.0,109.0,102.0,90.5,88.25,96.0
2024,31,Dairy,HUL,HUL_Dairy_product,96,12392.183699910196,2384.015643372796,232.4857142857143,8,96.0,95.0,62.0,109.0,87.25,90.125,108.0
2024,32,Dairy,HUL,HUL_Dairy_product,108,14229.42319531951,2448.90991230988,250.41666666666666,8,96.0,96.0,95.0,62.0,98.75,91.5,98.0
2024,33,Dairy,HUL,HUL_Dairy_product,98,13246.7809507748,2829.1481931637622,295.4117647058824,8,108.0,96.0,96.0,95.0,99.5,95.75,104.0
2024,34,Dairy,HUL,HUL_Dairy_product,104,13196.281775758715,2496.5014801268608,271.43243243243245,8,98.0,108.0,96.0,96.0,101.5,96.0,103.0
2024,35,Dairy,HUL,HUL_Dairy_product,103,14417.660497229757,3031.3022410964545,303.03125,9,104.0,98.0,108.0,96.0,103.25,95.25,82.0
2024,36,Dairy,HUL,HUL_Dairy_product,82,10365.696660892958,2105.042660227424,294.48148148148147,9,103.0,104.0,98.0,108.0,96.75,97.75,61.0
2024,37,Dairy,HUL,HUL_Dairy_product,61,8322.64491625122,1560.7992478832007,279.72727272727275,9,82.0,103.0,104.0,98.0,87.5,93.5,87.0
2024,38,Dairy,HUL,HUL_Dairy_product,87,11100.600866222101,2310.592615407674,258.15625,9,61.0,82.0,103.0,104.0,83.25,92.375,89.0
2024,39,Dairy,HUL,HUL_Dairy_product,89,11926.319041854134,2060.50551222871,272.1333333333333,9,87.0,61.0,82.0,103.0,79.75,91.5,75.0
2024,40,Dairy,HUL,HUL_Dairy_product,75,10722.426364013107,2084.071069523083,300.37931034482756,10,89.0,87.0,61.0,82.0,78.0,87.375,64.0
2024,41,Dairy,HUL,HUL_Dairy_product,64,8433.381890308645,1675.0253192892364,301.95,10,75.0,89.0,87.0,61.0,78.75,83.125,115.0
2024,42,Dairy,HUL,HUL_Dairy_product,115,13755.725117057938,2341.12066363128,250.59459459459458,10,64.0,75.0,89.0,87.0,85.75,84.5,128.0
2024,43,Dairy,HUL,HUL_Dairy_product,128,17744.13217943151,3746.4909965784186,291.0681818181818,10,115.0,64.0,75.0,89.0,95.5,87.625,70.0
2024,44,Dairy,HUL,HUL_Dairy_product,70,9159.555901644257,1601.3687293021496,267.77272727272725,10,128.0,115.0,64.0,75.0,94.25,86.125,105.0
2024,45,Dairy,HUL,HUL_Dairy_product,105,14165.371510786148,3026.648217287681,264.79411764705884,11,70.0,128.0,115.0,64.0,104.5,91.625,104.0
2024,46,Dairy,HUL,HUL_Dairy_product,104,12142.14487656939,2214.2391356659814,271.69444444444446,11,105.0,70.0,128.0,115.0,101.75,93.75,103.0
2024,47,Dairy,HUL,HUL_Dairy_product,103,12500.402053791873,2388.1394947946487,332.741935483871,11,104.0,105.0,70.0,128.0,95.5,95.5,92.0
2024,48,Dairy,HUL,HUL_Dairy_product,92,10428.060092917585,2108.806304443157,277.969696969697,11,103.0,104.0,105.0,70.0,101.0,97.625,118.0
2024,49,Dairy,HUL,HUL_Dairy_product,118,13558.624920656199,2699.084593743223,271.80555555555554,12,92.0,103.0,104.0,105.0,104.25,104.375,110.0
2024,50,Dairy,HUL,HUL_Dairy_product,110,12298.103229176686,2315.0796854828423,257.6388888888889,12,118.0,92.0,103.0,104.0,105.75,103.75,65.0
2024,51,Dairy,HUL,HUL_Dairy_product,65,8665.192036787346,1840.0980353691602,259.8095238095238,12,110.0,118.0,92.0,103.0,96.25,95.875,72.0
2024,8,Fruits,HUL,HUL_Fruits_product,98,12511.684122885594,2640.8195579228827,290.61290322580646,2,103.0,113.0,97.0,79.0,102.75,92.375,90.0
2024,9,Fruits,HUL,HUL_Fruits_product,90,12751.278694601258,2453.4905520762386,274.3611111111111,2,98.0,103.0,113.0,97.0,101.0,91.25,83.0
2024,10,Fruits,HUL,HUL_Fruits_product,83,10267.707236273065,2081.865676358079,284.15384615384613,3,90.0,98.0,103.0,113.0,93.5,92.875,102.0
2024,11,Fruits,HUL,HUL_Fruits_product,102,16165.234049386554,3200.3257106143105,273.97058823529414,3,83.0,90.0,98.0,103.0,93.25,95.625,103.0
2024,12,Fruits,HUL,HUL_Fruits_product,103,13569.162780891827,2720.8985752546755,325.0,3,102.0,83.0,90.0,98.0,94.5,98.625,90.0
2024,13,Fruits,HUL,HUL_Fruits_product,90,13654.459839444007,2773.417029551733,241.125,3,103.0,102.0,83.0,90.0,94.5,97.75,118.0
2024,14,Fruits,HUL,HUL_Fruits_product,118,14325.40086671575,2707.7551806161396,278.95,4,90.0,103.0,102.0,83.0,103.25,98.375,103.0
2024,15,Fruits,HUL,HUL_Fruits_product,103,13146.256828097814,2477.877962640375,278.06451612903226,4,118.0,90.0,103.0,102.0,103.5,98.375,87.0
2024,16,Fruits,HUL,HUL_Fruits_product,87,10802.789524295305,2076.266546951153,304.4074074074074,4,103.0,118.0,90.0,103.0,99.5,97.0,115.0
2024,17,Fruits,HUL,HUL_Fruits_product,115,13215.096756717845,2356.1896740757447,287.45454545454544,4,87.0,103.0,118.0,90.0,105.75,100.125,72.0
2024,18,Fruits,HUL,HUL_Fruits_product,72,11531.327845564116,2031.937991507165,215.64285714285714,5,115.0,87.0,103.0,118.0,94.25,98.75,88.0
2024,19,Fruits,HUL,HUL_Fruits_product,88,11388.189922373667,2363.0811425869847,284.0,5,72.0,115.0,87.0,103.0,90.5,97.0,83.0
2024,20,Fruits,HUL,HUL_Fruits_product,83,11579.940275198927,2469.3182035773857,298.82758620689657,5,88.0,72.0,115.0,87.0,89.5,94.5,73.0
2024,21,Fruits,HUL,HUL_Fruits_product,73,10351.049575313955,1940.308762645818,258.0,5,83.0,88.0,72.0,115.0,79.0,92.375,106.0
2024,22,Fruits,HUL,HUL_Fruits_product,106,15921.137834973522,3091.025656202211,321.8285714285714,6,73.0,83.0,88.0,72.0,87.5,90.875,82.0
2024,23,Fruits,HUL,HUL_Fruits_product,82,9923.719816466095,2142.287309730812,214.13333333333333,6,106.0,73.0,83.0,88.0,86.0,88.25,96.0
2024,24,Fruits,HUL,HUL_Fruits_product,96,13902.721748128874,2756.114878218471,307.38709677419354,6,82.0,106.0,73.0,83.0,89.25,89.375,96.0
2024,25,Fruits,HUL,HUL_Fruits_product,96,13982.547926575618,2744.0508228795366,257.6896551724138,6,96.0,82.0,106.0,73.0,95.0,87.0,139.0
2024,26,Fruits,HUL,HUL_Fruits_product,139,17748.793669057308,3770.74845354733,252.2340425531915,6,96.0,96.0,82.0,106.0,103.25,95.375,120.0
2024,27,Fruits,HUL,HUL_Fruits_product,120,17113.98665834499,3551.0800833480207,284.25581395348837,7,139.0,96.0,96.0,82.0,112.75,99.375,111.0
2024,28,Fruits,HUL,HUL_Fruits_product,111,13154.081549856202,2380.7168597377827,254.52941176470588,7,120.0,139.0,96.0,96.0,116.5,102.875,120.0
2024,29,Fruits,HUL,HUL_Fruits_product,120,16303.706424653574,3253.9616606924046,285.94736842105266,7,111.0,120.0,139.0,96.0,122.5,108.75,86.0
2024,30,Fruits,HUL,HUL_Fruits_product,86,11175.902767645179,2298.9380625585322,275.5882352941176,7,120.0,111.0,120.0,139.0,109.25,106.25,72.0
2024,31,Fruits,HUL,HUL_Fruits_product,72,9590.332611239392,1856.9436680661415,273.9230769230769,8,86.0,120.0,111.0,120.0,97.25,105.0,75.0
2024,32,Fruits,HUL,HUL_Fruits_product,75,9866.37131001884,1952.6581330060703,278.56,8,72.0,86.0,120.0,111.0,88.25,102.375,78.0
2024,33,Fruits,HUL,HUL_Fruits_product,78,10141.703079393397,2100.867696901472,251.14814814814815,8,75.0,72.0,86.0,120.0,77.75,100.125,82.0
2024,34,Fruits,HUL,HUL_Fruits_product,82,10743.880133207738,2232.1624031439483,285.88,8,78.0,75.0,72.0,86.0,76.75,93.0,111.0
2024,35,Fruits,HUL,HUL_Fruits_product,111,17852.435082674765,3756.890380676709,259.1515151515151,8,82.0,78.0,75.0,72.0,86.5,91.875,105.0
2024,36,Fruits,HUL,HUL_Fruits_product,105,11613.091032652037,2372.413836958979,259.4,9,111.0,82.0,78.0,75.0,94.0,91.125,93.0
2024,37,Fruits,HUL,HUL_Fruits_product,93,13894.112794504985,2720.1394360871664,303.1034482758621,9,105.0,111.0,82.0,78.0,97.75,87.75,51.0
2024,38,Fruits,HUL,HUL_Fruits_product,51,5909.170798192253,1261.9742392858245,308.95652173913044,9,93.0,105.0,111.0,82.0,90.0,83.375,56.0
2024,39,Fruits,HUL,HUL_Fruits_product,56,5099.632512530387,894.047360382104,236.43478260869566,9,51.0,93.0,105.0,111.0,76.25,81.375,75.0
2024,40,Fruits,HUL,HUL_Fruits_product,75,9037.706311485528,1567.0987331212566,265.9166666666667,10,56.0,51.0,93.0,105.0,68.75,81.375,59.0
2024,41,Fruits,HUL,HUL_Fruits_product,59,8768.66786429962,1699.094459487929,283.27272727272725,10,75.0,56.0,51.0,93.0,60.25,79.0,125.0
2024,42,Fruits,HUL,HUL_Fruits_product,125,16421.864074840232,3562.2401560709463,273.775,10,59.0,75.0,56.0,51.0,78.75,84.375,59.0
2024,43,Fruits,HUL,HUL_Fruits_product,59,6742.5277204243275,1595.3926063641386,289.85714285714283,10,125.0,59.0,75.0,56.0,79.5,77.875,79.0
2024,44,Fruits,HUL,HUL_Fruits_product,79,10794.589699704084,2217.237444761706,316.14285714285717,11,59.0,125.0,59.0,75.0,80.5,74.625,113.0
2024,45,Fruits,HUL,HUL_Fruits_product,113,15924.284462085048,2875.6809827931224,277.6111111111111,11,79.0,59.0,125.0,59.0,94.0,77.125,65.0
2024,46,Fruits,HUL,HUL_Fruits_product,65,10695.016356031469,1860.1045166178064,298.5,11,113.0,79.0,59.0,125.0,79.0,78.875,66.0
2024,47,Fruits,HUL,HUL_Fruits_product,66,8902.578834442702,1545.907252095405,263.40909090909093,11,65.0,113.0,79.0,59.0,80.75,80.125,79.0
2024,48,Fruits,HUL,HUL_Fruits_product,79,9751.660582220135,1831.4691321016774,279.0,12,66.0,65.0,113.0,79.0,80.75,80.625,83.0
2024,49,Fruits,HUL,HUL_Fruits_product,83,11224.100817911363,2201.2493600271964,296.8333333333333,12,79.0,66.0,65.0,113.0,73.25,83.625,102.0
2024,50,Fruits,HUL,HUL_Fruits_product,102,13534.080038963835,2550.948669523238,280.3611111111111,12,83.0,79.0,66.0,65.0,82.5,80.75,89.0
2024,51,Fruits,HUL,HUL_Fruits_product,89,13392.485843274246,2837.3032897789835,302.4516129032258,12,102.0,83.0,79.0,66.0,88.25,84.5,89.0
2024,8,Grocery,HUL,HUL_Grocery_product,92,14474.251101667545,2915.331147828244,252.93103448275863,2,99.0,106.0,104.0,115.0,100.25,90.875,100.0
2024,9,Grocery,HUL,HUL_Grocery_product,100,12853.268849906697,2276.402318072373,276.2,3,92.0,99.0,106.0,104.0,99.25,93.75,108.0
2024,10,Grocery,HUL,HUL_Grocery_product,108,13332.715240794652,2471.021058578105,292.1,3,100.0,92.0,99.0,106.0,99.75,99.25,92.0
2024,11,Grocery,HUL,HUL_Grocery_product,92,12189.239314323486,2329.9750486545618,298.43333333333334,3,108.0,100.0,92.0,99.0,98.0,102.0,150.0
2024,12,Grocery,HUL,HUL_Grocery_product,150,20793.70218885779,4127.804281688163,237.61363636363637,3,92.0,108.0,100.0,92.0,112.5,106.375,106.0
2024,13,Grocery,HUL,HUL_Grocery_product,106,14858.946694689019,3010.099544935586,311.7352941176471,3,150.0,92.0,108.0,100.0,114.0,106.625,73.0
2024,14,Grocery,HUL,HUL_Grocery_product,73,10706.47841086999,2052.0404857755393,289.0869565217391,4,106.0,150.0,92.0,108.0,105.25,102.5,83.0
2024,15,Grocery,HUL,HUL_Grocery_product,83,10349.924298577711,2193.271480802889,281.4583333333333,4,73.0,106.0,150.0,92.0,103.0,100.5,111.0
2024,16,Grocery,HUL,HUL_Grocery_product,111,15880.059193505016,3200.033142142381,324.09375,4,83.0,73.0,106.0,150.0,93.25,102.875,125.0
2024,17,Grocery,HUL,HUL_Grocery_product,125,18556.53195819933,3668.979547070254,266.3611111111111,4,111.0,83.0,73.0,106.0,98.0,106.0,109.0
2024,18,Grocery,HUL,HUL_Grocery_product,109,14308.023216672042,2960.429435796845,279.8529411764706,5,125.0,111.0,83.0,73.0,107.0,106.125,69.0
2024,19,Grocery,HUL,HUL_Grocery_product,69,8646.630799165783,1603.7281548455283,319.72,5,109.0,125.0,111.0,83.0,103.5,103.25,78.0
2024,20,Grocery,HUL,HUL_Grocery_product,78,11214.935585213398,2379.6109072925738,330.7083333333333,5,69.0,109.0,125.0,111.0,95.25,94.25,108.0
2024,21,Grocery,HUL,HUL_Grocery_product,108,12848.82249620134,2507.089513267408,277.6857142857143,5,78.0,69.0,109.0,125.0,91.0,94.5,55.0
2024,22,Grocery,HUL,HUL_Grocery_product,55,9481.64489721807,2177.3799529980797,297.6666666666667,5,108.0,78.0,69.0,109.0,77.5,92.25,85.0
2024,23,Grocery,HUL,HUL_Grocery_product,85,13432.848404206783,2944.3040975381396,244.0344827586207,6,55.0,108.0,78.0,69.0,81.5,92.5,96.0
2024,24,Grocery,HUL,HUL_Grocery_product,96,13658.661246985193,2646.3942682747206,269.1666666666667,6,85.0,55.0,108.0,78.0,86.0,90.625,81.0
2024,25,Grocery,HUL,HUL_Grocery_product,81,12021.591454687441,2481.4473282724407,265.96,6,96.0,85.0,55.0,108.0,79.25,85.125,85.0
2024,26,Grocery,HUL,HUL_Grocery_product,85,8326.991697806845,1638.0511364164772,262.25925925925924,6,81.0,96.0,85.0,55.0,86.75,82.125,77.0
2024,27,Grocery,HUL,HUL_Grocery_product,77,12011.8992372427,2463.729426276364,287.0769230769231,7,85.0,81.0,96.0,85.0,84.75,83.125,83.0
2024,28,Grocery,HUL,HUL_Grocery_product,83,11167.596998201072,2100.289687025139,290.82758620689657,7,77.0,85.0,81.0,96.0,81.5,83.75,74.0
2024,29,Grocery,HUL,HUL_Grocery_product,74,11223.520599986661,2218.683121830114,241.8,7,83.0,77.0,85.0,81.0,79.75,79.5,57.0
2024,30,Grocery,HUL,HUL_Grocery_product,57,7157.076766861866,1444.7406875282559,282.5,7,74.0,83.0,77.0,85.0,72.75,79.75,96.0
2024,31,Grocery,HUL,HUL_Grocery_product,96,14000.494379094429,2732.5043267326196,299.7931034482759,8,57.0,74.0,83.0,77.0,77.5,81.125,86.0
2024,32,Grocery,HUL,HUL_Grocery_product,86,10506.84753501526,2019.9411037030961,230.0,8,96.0,57.0,74.0,83.0,78.25,79.875,121.0
2024,33,Grocery,HUL,HUL_Grocery_product,121,12836.568505730742,2770.102082917422,261.57894736842104,8,86.0,96.0,57.0,74.0,90.0,84.875,96.0
2024,34,Grocery,HUL,HUL_Grocery_product,96,12654.102372749832,2254.1743246543165,273.9714285714286,8,121.0,86.0,96.0,57.0,99.75,86.25,76.0
2024,35,Grocery,HUL,HUL_Grocery_product,76,9541.670198966045,1974.6100498644107,272.8888888888889,9,96.0,121.0,86.0,96.0,94.75,86.125,96.0
2024,36,Grocery,HUL,HUL_Grocery_product,96,10477.958995011797,1877.8610863559288,296.1034482758621,9,76.0,96.0,121.0,86.0,97.25,87.75,75.0
2024,37,Grocery,HUL,HUL_Grocery_product,75,11390.607705530012,2496.8596717470273,277.76666666666665,9,96.0,76.0,96.0,121.0,85.75,87.875,66.0
2024,38,Grocery,HUL,HUL_Grocery_product,66,8570.43737634855,1644.6478365274959,256.3478260869565,9,75.0,96.0,76.0,96.0,78.25,89.0,74.0
2024,39,Grocery,HUL,HUL_Grocery_product,74,11259.752284455088,2236.0858224599187,292.46153846153845,9,66.0,75.0,96.0,76.0,77.75,86.25,73.0
2024,40,Grocery,HUL,HUL_Grocery_product,73,10559.421948834299,2004.5343044329454,225.92592592592592,10,74.0,66.0,75.0,96.0,72.0,84.625,86.0
2024,41,Grocery,HUL,HUL_Grocery_product,86,13890.706800211483,2699.197621856359,271.3076923076923,10,73.0,74.0,66.0,75.0,74.75,80.25,55.0
2024,42,Grocery,HUL,HUL_Grocery_product,55,8016.430551088339,1573.9713080607894,273.1,10,86.0,73.0,74.0,66.0,72.0,75.125,60.0
2024,43,Grocery,HUL,HUL_Grocery_product,60,8474.297521451264,1588.2955668446427,245.33333333333334,10,55.0,86.0,73.0,74.0,68.5,73.125,45.0
2024,44,Grocery,HUL,HUL_Grocery_product,45,5537.336510286128,1112.9774261120535,248.47368421052633,10,60.0,55.0,86.0,73.0,61.5,66.75,66.0
2024,45,Grocery,HUL,HUL_Grocery_product,66,7425.392966196361,1498.3434275644395,283.5652173913044,11,45.0,60.0,55.0,86.0,56.5,65.625,143.0
2024,46,Grocery,HUL,HUL_Grocery_product,143,17792.23403829703,3676.9819497802996,263.20454545454544,11,66.0,45.0,60.0,55.0,78.5,75.25,103.0
2024,47,Grocery,HUL,HUL_Grocery_product,103,13376.887403520921,2850.528215518936,272.4375,11,143.0,66.0,45.0,60.0,89.25,78.875,97.0
2024,48,Grocery,HUL,HUL_Grocery_product,97,13147.448692784852,2664.268179761396,261.20588235294116,11,103.0,143.0,66.0,45.0,102.25,81.875,91.0
2024,49,Grocery,HUL,HUL_Grocery_product,91,10436.270977156613,2089.338911542805,278.46666666666664,12,97.0,103.0,143.0,66.0,108.5,82.5,96.0
2024,50,Grocery,HUL,HUL_Grocery_product,96,12467.166945087612,2478.913148623325,278.625,12,91.0,97.0,103.0,143.0,96.75,87.625,105.0
2024,51,Grocery,HUL,HUL_Grocery_product,105,11768.372838230574,2451.6596183415486,297.90909090909093,12,96.0,91.0,97.0,103.0,97.25,93.25,93.0
2024,8,Home Care,HUL,HUL_Home Care_product,63,7254.106427531624,1306.0151104367735,312.1304347826087,2,65.0,83.0,63.0,85.0,68.5,77.0,108.0
2024,9,Home Care,HUL,HUL_Home Care_product,108,13990.86193740632,2621.687147099039,248.97058823529412,2,63.0,65.0,83.0,63.0,79.75,77.625,71.0
2024,10,Home Care,HUL,HUL_Home Care_product,71,7944.827706021437,1533.8191306156596,280.2916666666667,3,108.0,63.0,65.0,83.0,76.75,77.25,134.0
2024,11,Home Care,HUL,HUL_Home Care_product,134,17679.886300781873,3132.1321943658727,257.5,3,71.0,108.0,63.0,65.0,94.0,84.0,95.0
2024,12,Home Care,HUL,HUL_Home Care_product,95,13504.610892993842,2840.2160573131882,262.71875,3,134.0,71.0,108.0,63.0,102.0,85.25,108.0
2024,13,Home Care,HUL,HUL_Home Care_product,108,13190.925660130948,2490.653619252589,273.8787878787879,3,95.0,134.0,71.0,108.0,102.0,90.875,125.0
2024,14,Home Care,HUL,HUL_Home Care_product,125,17166.451577591837,3859.7218687673962,280.89473684210526,4,108.0,95.0,134.0,71.0,115.5,96.125,70.0
2024,15,Home Care,HUL,HUL_Home Care_product,70,9856.26731611178,1947.270765423685,271.2916666666667,4,125.0,108.0,95.0,134.0,99.5,96.75,93.0
2024,16,Home Care,HUL,HUL_Home Care_product,93,10935.01939798211,2225.969024641887,282.0,4,70.0,125.0,108.0,95.0,99.0,100.5,80.0
2024,17,Home Care,HUL,HUL_Home Care_product,80,11025.543569115562,2106.5203916090736,271.4074074074074,4,93.0,70.0,125.0,108.0,92.0,97.0,97.0
2024,18,Home Care,HUL,HUL_Home Care_product,97,14208.037516967848,2763.617689405864,290.56410256410254,4,80.0,93.0,70.0,125.0,85.0,100.25,96.0
2024,19,Home Care,HUL,HUL_Home Care_product,96,10507.670429987073,2135.2548384191623,285.64516129032256,5,97.0,80.0,93.0,70.0,91.5,95.5,92.0
2024,20,Home Care,HUL,HUL_Home Care_product,92,9917.697921774052,1954.174107211532,265.0,5,96.0,97.0,80.0,93.0,91.25,95.125,113.0
2024,21,Home Care,HUL,HUL_Home Care_product,113,16190.006767535624,3860.7430627632207,297.7692307692308,5,92.0,96.0,97.0,80.0,99.5,95.75,102.0
2024,22,Home Care,HUL,HUL_Home Care_product,102,13994.302432253387,2689.0090127525527,289.4594594594595,5,113.0,92.0,96.0,97.0,100.75,92.875,87.0
2024,23,Home Care,HUL,HUL_Home Care_product,87,10160.997537715919,2099.745907237932,297.7,6,102.0,113.0,92.0,96.0,98.5,95.0,97.0
2024,24,Home Care,HUL,HUL_Home Care_product,97,14257.71876135554,2822.2139586551984,259.0810810810811,6,87.0,102.0,113.0,92.0,99.75,95.5,98.0
2024,25,Home Care,HUL,HUL_Home Care_product,98,12428.182057858216,1952.2247728860102,290.3125,6,97.0,87.0,102.0,113.0,96.0,97.75,75.0
2024,26,Home Care,HUL,HUL_Home Care_product,75,9546.62305384912,2034.618710702837,293.962962962963,6,98.0,97.0,87.0,102.0,89.25,95.0,70.0
2024,27,Home Care,HUL,HUL_Home Care_product,70,8778.327308379507,1624.9767996708401,264.10714285714283,7,75.0,98.0,97.0,87.0,85.0,91.75,105.0
2024,28,Home Care,HUL,HUL_Home Care_product,105,13573.452001001264,2861.4301221187175,297.23333333333335,7,70.0,75.0,98.0,97.0,87.0,93.375,102.0
2024,29,Home Care,HUL,HUL_Home Care_product,102,12336.458578869344,2459.8837052823724,236.48387096774192,7,105.0,70.0,75.0,98.0,88.0,92.0,103.0
2024,30,Home Care,HUL,HUL_Home Care_product,103,12083.359721785924,2207.4268994277923,299.030303030303,7,102.0,105.0,70.0,75.0,95.0,92.125,99.0
2024,31,Home Care,HUL,HUL_Home Care_product,99,13633.024706770831,2256.5230913543264,271.13793103448273,8,103.0,102.0,105.0,70.0,102.25,93.625,115.0
2024,32,Home Care,HUL,HUL_Home Care_product,115,13282.863539424816,2647.382904919378,275.6470588235294,8,99.0,103.0,102.0,105.0,104.75,95.875,88.0
2024,33,Home Care,HUL,HUL_Home Care_product,88,13199.164949941369,2655.9318668714745,298.6296296296296,8,115.0,99.0,103.0,102.0,101.25,94.625,84.0
2024,34,Home Care,HUL,HUL_Home Care_product,84,10798.66664709117,2315.710724829276,288.0357142857143,8,88.0,115.0,99.0,103.0,96.5,95.75,74.0
2024,35,Home Care,HUL,HUL_Home Care_product,74,7416.034851071117,1573.9235774202994,288.09090909090907,8,84.0,88.0,115.0,99.0,90.25,96.25,45.0
2024,36,Home Care,HUL,HUL_Home Care_product,45,5238.377222091737,1191.0688875035178,268.05882352941177,9,74.0,84.0,88.0,115.0,72.75,88.75,79.0
2024,37,Home Care,HUL,HUL_Home Care_product,79,11953.770293475038,2242.5987263437287,293.72,9,45.0,74.0,84.0,88.0,70.5,85.875,124.0
2024,38,Home Care,HUL,HUL_Home Care_product,124,13743.525226932492,2669.6180512834676,271.575,9,79.0,45.0,74.0,84.0,80.5,88.5,102.0
2024,39,Home Care,HUL,HUL_Home Care_product,102,13729.323440939728,2908.076275292297,278.8285714285714,9,124.0,79.0,45.0,74.0,87.5,88.875,93.0
2024,40,Home Care,HUL,HUL_Home Care_product,93,11902.937473135635,2043.99005240857,270.56666666666666,10,102.0,124.0,79.0,45.0,99.5,86.125,118.0
2024,41,Home Care,HUL,HUL_Home Care_product,118,13774.942180101823,2728.5113544461137,280.8421052631579,10,93.0,102.0,124.0,79.0,109.25,89.875,75.0
2024,42,Home Care,HUL,HUL_Home Care_product,75,9877.714979317663,2096.5151675564175,265.92,10,118.0,93.0,102.0,124.0,97.0,88.75,104.0
2024,43,Home Care,HUL,HUL_Home Care_product,104,14244.757445595365,3154.599370625901,243.05714285714285,10,75.0,118.0,93.0,102.0,97.5,92.5,125.0
2024,44,Home Care,HUL,HUL_Home Care_product,125,18903.742153745894,3799.908638765159,287.9512195121951,11,104.0,75.0,118.0,93.0,105.5,102.5,112.0
2024,45,Home Care,HUL,HUL_Home Care_product,112,14577.022924064728,2981.212948050034,321.1081081081081,11,125.0,104.0,75.0,118.0,104.0,106.625,80.0
2024,46,Home Care,HUL,HUL_Home Care_product,80,11283.523169396656,2593.488327625547,296.75,11,112.0,125.0,104.0,75.0,105.25,101.125,112.0
2024,47,Home Care,HUL,HUL_Home Care_product,112,14425.403923903103,2791.159409861728,248.36363636363637,11,80.0,112.0,125.0,104.0,107.25,102.375,92.0
2024,48,Home Care,HUL,HUL_Home Care_product,92,11510.43904241306,2253.4677200811475,273.19354838709677,11,112.0,80.0,112.0,125.0,99.0,102.25,101.0
2024,49,Home Care,HUL,HUL_Home Care_product,101,12958.843372444102,2615.6551771908194,291.09375,12,92.0,112.0,80.0,112.0,96.25,100.125,103.0
2024,50,Home Care,HUL,HUL_Home Care_product,103,15287.515931518432,2873.9329803024566,264.1111111111111,12,101.0,92.0,112.0,80.0,102.0,103.625,85.0
2024,51,Home Care,HUL,HUL_Home Care_product,85,9183.918333404801,1695.0841013271456,275.64285714285717,12,103.0,101.0,92.0,112.0,95.25,101.25,81.0
2024,8,Personal Care,HUL,HUL_Personal Care_product,93,12333.205051260084,2609.2963280540607,299.21875,2,114.0,74.0,101.0,84.0,95.5,88.375,70.0
2024,9,Personal Care,HUL,HUL_Personal Care_product,70,8639.103876240033,1560.1854515169207,259.36,2,93.0,114.0,74.0,101.0,87.75,90.0,110.0
2024,10,Personal Care,HUL,HUL_Personal Care_product,110,16932.7532822537,3659.31508553174,281.20588235294116,3,70.0,93.0,114.0,74.0,96.75,91.0,124.0
2024,11,Personal Care,HUL,HUL_Personal Care_product,124,15656.109279583598,3081.766617041282,274.9024390243902,3,110.0,70.0,93.0,114.0,99.25,96.25,92.0
2024,12,Personal Care,HUL,HUL_Personal Care_product,92,9554.806389248854,1694.5038295432314,278.37931034482756,3,124.0,110.0,70.0,93.0,99.0,97.25,92.0
2024,13,Personal Care,HUL,HUL_Personal Care_product,92,11124.919035758367,2146.971188616116,283.6774193548387,3,92.0,124.0,110.0,70.0,104.5,96.125,105.0
2024,14,Personal Care,HUL,HUL_Personal Care_product,105,12774.334459372096,2602.796517311559,270.44117647058823,4,92.0,92.0,124.0,110.0,103.25,100.0,77.0
2024,15,Personal Care,HUL,HUL_Personal Care_product,77,8757.382379303805,1860.8237507314457,300.39285714285717,4,105.0,92.0,92.0,124.0,91.5,95.375,99.0
2024,16,Personal Care,HUL,HUL_Personal Care_product,99,13398.618938792835,2672.1227209738486,276.02941176470586,4,77.0,105.0,92.0,92.0,93.25,96.125,73.0
2024,17,Personal Care,HUL,HUL_Personal Care_product,73,10651.15108229415,2175.019050726798,284.962962962963,4,99.0,77.0,105.0,92.0,88.5,96.5,114.0
2024,18,Personal Care,HUL,HUL_Personal Care_product,114,16071.530067765429,3394.3629654833703,259.2105263157895,5,73.0,99.0,77.0,105.0,90.75,97.0,132.0
2024,19,Personal Care,HUL,HUL_Personal Care_product,132,15656.881197294708,2834.953741583513,301.219512195122,5,114.0,73.0,99.0,77.0,104.5,98.0,101.0
2024,20,Personal Care,HUL,HUL_Personal Care_product,101,15092.66392445195,3401.3772271276716,290.2162162162162,5,132.0,114.0,73.0,99.0,105.0,99.125,71.0
2024,21,Personal Care,HUL,HUL_Personal Care_product,71,8981.062511698443,1523.2248740939508,290.96,5,101.0,132.0,114.0,73.0,104.5,96.5,86.0
2024,22,Personal Care,HUL,HUL_Personal Care_product,86,11007.0305852299,2153.7351183920546,261.5806451612903,5,71.0,101.0,132.0,114.0,97.5,94.125,75.0
2024,23,Personal Care,HUL,HUL_Personal Care_product,75,9399.547915845433,1976.7766640016898,282.4074074074074,6,86.0,71.0,101.0,132.0,83.25,93.875,66.0
2024,24,Personal Care,HUL,HUL_Personal Care_product,66,9201.916358351142,1961.1771962394107,233.1851851851852,6,75.0,86.0,71.0,101.0,74.5,89.75,95.0
2024,25,Personal Care,HUL,HUL_Personal Care_product,95,11753.578462143501,2261.010458219514,279.2,6,66.0,75.0,86.0,71.0,80.5,92.5,91.0
2024,26,Personal Care,HUL,HUL_Personal Care_product,91,10680.027528705456,1986.3015859558157,265.41379310344826,6,95.0,66.0,75.0,86.0,81.75,89.625,84.0
2024,27,Personal Care,HUL,HUL_Personal Care_product,84,12742.35580987726,2572.737795120367,246.48275862068965,7,91.0,95.0,66.0,75.0,84.0,83.625,126.0
2024,28,Personal Care,HUL,HUL_Personal Care_product,126,16337.951672561667,3475.4573557931444,299.5365853658537,7,84.0,91.0,95.0,66.0,99.0,86.75,76.0
2024,29,Personal Care,HUL,HUL_Personal Care_product,76,11232.786198898291,2265.9865434265566,324.5416666666667,7,126.0,84.0,91.0,95.0,94.25,87.375,105.0
2024,30,Personal Care,HUL,HUL_Personal Care_product,105,13880.190706434012,2763.5716102659426,278.1142857142857,7,76.0,126.0,84.0,91.0,97.75,89.75,72.0
2024,31,Personal Care,HUL,HUL_Personal Care_product,72,8069.7693731824975,1354.013979744895,272.6,7,105.0,76.0,126.0,84.0,94.75,89.375,88.0
2024,32,Personal Care,HUL,HUL_Personal Care_product,88,9428.554955455716,1721.1023915866542,262.0,8,72.0,105.0,76.0,126.0,85.25,92.125,72.0
2024,33,Personal Care,HUL,HUL_Personal Care_product,72,10048.459965509915,2337.4006325859536,280.18518518518516,8,88.0,72.0,105.0,76.0,84.25,89.25,93.0
2024,34,Personal Care,HUL,HUL_Personal Care_product,93,12244.813669776428,2591.3410829920276,307.55172413793105,8,72.0,88.0,72.0,105.0,81.25,89.5,89.0
2024,35,Personal Care,HUL,HUL_Personal Care_product,89,10807.947665650374,2153.8382083289516,270.56666666666666,8,93.0,72.0,88.0,72.0,85.5,90.125,67.0
2024,36,Personal Care,HUL,HUL_Personal Care_product,67,8840.462997609407,1867.4846477036704,329.3333333333333,9,89.0,93.0,72.0,88.0,80.25,82.75,89.0
2024,37,Personal Care,HUL,HUL_Personal Care_product,89,12032.205081340815,2660.763556772011,285.8333333333333,9,67.0,89.0,93.0,72.0,84.5,84.375,135.0
2024,38,Personal Care,HUL,HUL_Personal Care_product,135,20306.25262739854,3936.4225255594174,289.4782608695652,9,89.0,67.0,89.0,93.0,95.0,88.125,95.0
2024,39,Personal Care,HUL,HUL_Personal Care_product,95,11284.132619325308,1759.4813176126547,314.85185185185185,9,135.0,89.0,67.0,89.0,96.5,91.0,92.0
2024,40,Personal Care,HUL,HUL_Personal Care_product,92,11901.84887692655,2469.729894639753,293.6363636363636,10,95.0,135.0,89.0,67.0,102.75,91.5,95.0
2024,41,Personal Care,HUL,HUL_Personal Care_product,95,9716.6855529443,1894.667674976237,249.4848484848485,10,92.0,95.0,135.0,89.0,104.25,94.375,97.0
2024,42,Personal Care,HUL,HUL_Personal Care_product,97,13313.337441862397,2809.989152173567,280.19354838709677,10,95.0,92.0,95.0,135.0,94.75,94.875,60.0
2024,43,Personal Care,HUL,HUL_Personal Care_product,60,7395.545710369459,1585.0172376414923,283.95238095238096,10,97.0,95.0,92.0,95.0,86.0,91.25,126.0
2024,44,Personal Care,HUL,HUL_Personal Care_product,126,16580.29533618565,3251.966128003978,285.15,11,60.0,97.0,95.0,92.0,94.5,98.625,93.0
2024,45,Personal Care,HUL,HUL_Personal Care_product,93,11274.738266181155,2136.106264416439,292.2,11,126.0,60.0,97.0,95.0,94.0,99.125,87.0
2024,46,Personal Care,HUL,HUL_Personal Care_product,87,10374.942499421177,2269.021630223722,270.93939393939394,11,93.0,126.0,60.0,97.0,91.5,93.125,91.0
2024,47,Personal Care,HUL,HUL_Personal Care_product,91,10712.79972694719,1916.50752084447,295.51612903225805,11,87.0,93.0,126.0,60.0,99.25,92.625,107.0
2024,48,Personal Care,HUL,HUL_Personal Care_product,107,12022.012091323852,2389.6709081462536,290.4,11,91.0,87.0,93.0,126.0,94.5,94.5,101.0
2024,49,Personal Care,HUL,HUL_Personal Care_product,101,16493.101301215258,3349.8247212847755,287.7142857142857,12,107.0,91.0,87.0,93.0,96.5,95.25,81.0
2024,50,Personal Care,HUL,HUL_Personal Care_product,81,11264.959264762305,2237.8592294960495,313.62068965517244,12,101.0,107.0,91.0,87.0,95.0,93.25,93.0
2024,51,Personal Care,HUL,HUL_Personal Care_product,93,12480.333560305393,2613.2603630315734,299.03125,12,81.0,101.0,107.0,91.0,95.5,97.375,86.0
2024,8,Snacks,HUL,HUL_Snacks_product,112,15405.967440365755,3427.3922975540913,260.94444444444446,2,84.0,102.0,86.0,67.0,96.0,92.625,95.0
2024,9,Snacks,HUL,HUL_Snacks_product,95,12970.490573535764,2513.57871499585,283.3125,2,112.0,84.0,102.0,86.0,98.25,88.5,91.0
2024,10,Snacks,HUL,HUL_Snacks_product,91,10747.937572189398,2249.3915493294985,259.0625,3,95.0,112.0,84.0,102.0,95.5,92.125,104.0
2024,11,Snacks,HUL,HUL_Snacks_product,104,15952.327166527833,3014.066389775982,276.48571428571427,3,91.0,95.0,112.0,84.0,100.5,92.625,106.0
2024,12,Snacks,HUL,HUL_Snacks_product,106,13430.684990488679,2117.0719000040044,276.3421052631579,3,104.0,91.0,95.0,112.0,99.0,97.5,102.0
2024,13,Snacks,HUL,HUL_Snacks_product,102,12444.333274658358,2425.7467636875153,272.9117647058824,3,106.0,104.0,91.0,95.0,100.75,99.5,53.0
2024,14,Snacks,HUL,HUL_Snacks_product,53,6763.144056268011,1226.7725165948914,290.5263157894737,4,102.0,106.0,104.0,91.0,91.25,93.375,103.0
2024,15,Snacks,HUL,HUL_Snacks_product,103,14073.437279248674,2868.935679074002,252.2258064516129,4,53.0,102.0,106.0,104.0,91.0,95.75,112.0
2024,16,Snacks,HUL,HUL_Snacks_product,112,16643.30322366266,3454.9076122192364,247.12820512820514,4,103.0,53.0,102.0,106.0,92.5,95.75,109.0
2024,17,Snacks,HUL,HUL_Snacks_product,109,15842.14178698929,3274.716521586341,280.5625,4,112.0,103.0,53.0,102.0,94.25,97.5,94.0
2024,18,Snacks,HUL,HUL_Snacks_product,94,11563.4626801435,2304.5851715577232,285.03225806451616,4,109.0,112.0,103.0,53.0,104.5,97.875,82.0
2024,19,Snacks,HUL,HUL_Snacks_product,82,9950.276241634157,1804.6042786714445,294.64516129032256,5,94.0,109.0,112.0,103.0,99.25,95.125,84.0
2024,20,Snacks,HUL,HUL_Snacks_product,84,11249.554725533453,2394.6774089759297,323.5151515151515,5,82.0,94.0,109.0,112.0,92.25,92.375,86.0
2024,21,Snacks,HUL,HUL_Snacks_product,86,11430.405746851242,2200.1121373847004,267.0689655172414,5,84.0,82.0,94.0,109.0,86.5,90.375,83.0
2024,22,Snacks,HUL,HUL_Snacks_product,83,11162.56175486866,2033.9283793834227,271.14814814814815,5,86.0,84.0,82.0,94.0,83.75,94.125,85.0
2024,23,Snacks,HUL,HUL_Snacks_product,85,11419.76065136164,2055.602732978905,291.8,6,83.0,86.0,84.0,82.0,84.5,91.875,92.0
2024,24,Snacks,HUL,HUL_Snacks_product,92,12205.909017200478,2663.848158626425,303.6666666666667,6,85.0,83.0,86.0,84.0,86.5,89.375,69.0
2024,25,Snacks,HUL,HUL_Snacks_product,69,8901.01287930607,1864.0721980186033,262.7826086956522,6,92.0,85.0,83.0,86.0,82.25,84.375,95.0
2024,26,Snacks,HUL,HUL_Snacks_product,95,10950.432198946153,1905.1697941539849,336.375,6,69.0,92.0,85.0,83.0,85.25,84.5,89.0
2024,27,Snacks,HUL,HUL_Snacks_product,89,11940.203143659273,2173.7049495785286,285.93333333333334,7,95.0,69.0,92.0,85.0,86.25,85.375,109.0
2024,28,Snacks,HUL,HUL_Snacks_product,109,14682.420795697532,2768.2713209488925,263.40625,7,89.0,95.0,69.0,92.0,90.5,88.5,69.0
2024,29,Snacks,HUL,HUL_Snacks_product,69,9602.483871962117,2068.8035037700974,305.54545454545456,7,109.0,89.0,95.0,69.0,90.5,86.375,78.0
2024,30,Snacks,HUL,HUL_Snacks_product,78,9550.701290739018,1597.169023690355,275.375,7,69.0,109.0,89.0,95.0,86.25,85.75,107.0
2024,31,Snacks,HUL,HUL_Snacks_product,107,12767.636693133925,2463.0847677792685,290.57142857142856,8,78.0,69.0,109.0,89.0,90.75,88.5,114.0
2024,32,Snacks,HUL,HUL_Snacks_product,114,14356.728680606666,2959.5993368537897,298.47058823529414,8,107.0,78.0,69.0,109.0,92.0,91.25,95.0
2024,33,Snacks,HUL,HUL_Snacks_product,95,13054.672147214174,2907.812036128061,260.5625,8,114.0,107.0,78.0,69.0,98.5,94.5,121.0
2024,34,Snacks,HUL,HUL_Snacks_product,121,17548.439575824494,3327.493207591932,304.6666666666667,8,95.0,114.0,107.0,78.0,109.25,97.75,107.0
2024,35,Snacks,HUL,HUL_Snacks_product,107,15392.558213342005,3505.501667298204,249.87179487179486,8,121.0,95.0,114.0,107.0,109.25,100.0,129.0
2024,36,Snacks,HUL,HUL_Snacks_product,129,14436.086995685766,2768.2706878312315,245.75,9,107.0,121.0,95.0,114.0,113.0,102.5,77.0
2024,37,Snacks,HUL,HUL_Snacks_product,77,10648.168803765797,1945.7274755678518,237.74074074074073,9,129.0,107.0,121.0,95.0,108.5,103.5,83.0
2024,38,Snacks,HUL,HUL_Snacks_product,83,11230.297404073808,2503.07017462219,288.04,9,77.0,129.0,107.0,121.0,99.0,104.125,95.0
2024,39,Snacks,HUL,HUL_Snacks_product,95,12000.40836198413,2317.356756191083,250.76666666666668,9,83.0,77.0,129.0,107.0,96.0,102.625,108.0
2024,40,Snacks,HUL,HUL_Snacks_product,108,13288.769165675043,2456.575279490089,294.37142857142857,10,95.0,83.0,77.0,129.0,90.75,101.875,90.0
2024,41,Snacks,HUL,HUL_Snacks_product,90,13213.015069041423,2479.8463687307176,282.56666666666666,10,108.0,95.0,83.0,77.0,94.0,101.25,71.0
2024,42,Snacks,HUL,HUL_Snacks_product,71,10257.957281043455,2129.3292162617217,263.46153846153845,10,90.0,108.0,95.0,83.0,91.0,95.0,74.0
2024,43,Snacks,HUL,HUL_Snacks_product,74,10235.645684914605,2377.828703681174,256.82142857142856,10,71.0,90.0,108.0,95.0,85.75,90.875,89.0
2024,44,Snacks,HUL,HUL_Snacks_product,89,11711.960555650043,2295.8981961947984,275.030303030303,10,74.0,71.0,90.0,108.0,81.0,85.875,113.0
2024,45,Snacks,HUL,HUL_Snacks_product,113,16054.896773085,3172.555368127708,263.0,11,89.0,74.0,71.0,90.0,86.75,90.375,54.0
2024,46,Snacks,HUL,HUL_Snacks_product,54,6474.939285017298,1100.752822015395,295.10526315789474,11,113.0,89.0,74.0,71.0,82.5,86.75,93.0
2024,47,Snacks,HUL,HUL_Snacks_product,93,13178.397879125472,2738.4493824205124,274.8421052631579,11,54.0,113.0,89.0,74.0,87.25,86.5,84.0
2024,48,Snacks,HUL,HUL_Snacks_product,84,11036.866781831746,2283.7460969312824,319.43333333333334,11,93.0,54.0,113.0,89.0,86.0,83.5,108.0
2024,49,Snacks,HUL,HUL_Snacks_product,108,11960.37430286189,2501.0767223773455,245.41666666666666,12,84.0,93.0,54.0,113.0,84.75,85.75,51.0
2024,50,Snacks,HUL,HUL_Snacks_product,51,5122.997705630576,860.2104077240805,267.375,12,108.0,84.0,93.0,54.0,84.0,83.25,89.0
2024,51,Snacks,HUL,HUL_Snacks_product,89,11468.592923901399,2014.2439936578617,304.2857142857143,12,51.0,108.0,84.0,93.0,83.0,85.125,102.0
2024,8,Vegetables,HUL,HUL_Vegetables_product,63,9650.17353902123,2000.2450477037892,293.6521739130435,2,87.0,119.0,59.0,90.0,82.0,89.875,77.0
2024,9,Vegetables,HUL,HUL_Vegetables_product,77,9533.44297660685,1933.3775109437229,335.08,2,63.0,87.0,119.0,59.0,86.5,84.25,77.0
2024,10,Vegetables,HUL,HUL_Vegetables_product,77,10487.844871089852,2227.2724181092462,284.3333333333333,3,77.0,63.0,87.0,119.0,76.0,82.625,88.0
2024,11,Vegetables,HUL,HUL_Vegetables_product,88,12220.173833659246,2823.9798191480995,246.8846153846154,3,77.0,77.0,63.0,87.0,76.25,82.5,119.0
2024,12,Vegetables,HUL,HUL_Vegetables_product,119,18567.080384311856,3694.8698429332753,284.3243243243243,3,88.0,77.0,77.0,63.0,90.25,86.125,77.0
2024,13,Vegetables,HUL,HUL_Vegetables_product,77,12429.610124441235,2457.171600813721,252.0,3,119.0,88.0,77.0,77.0,90.25,88.375,121.0
2024,14,Vegetables,HUL,HUL_Vegetables_product,121,17160.065570832285,3713.174843443959,257.8974358974359,4,77.0,119.0,88.0,77.0,101.25,88.625,97.0
2024,15,Vegetables,HUL,HUL_Vegetables_product,97,11452.199359585906,2266.316841628862,215.13793103448276,4,121.0,77.0,119.0,88.0,103.5,89.875,72.0
2024,16,Vegetables,HUL,HUL_Vegetables_product,72,9027.259310473552,1553.8770150860278,266.88,4,97.0,121.0,77.0,119.0,91.75,91.0,75.0
2024,17,Vegetables,HUL,HUL_Vegetables_product,75,10379.115364186597,2017.348990646821,269.4347826086956,4,72.0,97.0,121.0,77.0,91.25,90.75,81.0
2024,18,Vegetables,HUL,HUL_Vegetables_product,81,10707.043707386758,2245.2015534934567,306.0769230769231,4,75.0,72.0,97.0,121.0,81.25,91.25,89.0
2024,19,Vegetables,HUL,HUL_Vegetables_product,89,11767.102307484518,2732.3698273911205,266.0,5,81.0,75.0,72.0,97.0,79.25,91.375,60.0
2024,20,Vegetables,HUL,HUL_Vegetables_product,60,8380.39322305239,1532.9619826657013,254.0,5,89.0,81.0,75.0,72.0,76.25,84.0,66.0
2024,21,Vegetables,HUL,HUL_Vegetables_product,66,9719.529698654414,2206.3084488621976,241.17391304347825,5,60.0,89.0,81.0,75.0,74.0,82.625,101.0
2024,22,Vegetables,HUL,HUL_Vegetables_product,101,13337.149033185093,2545.346404127535,262.0,5,66.0,60.0,89.0,81.0,79.0,80.125,95.0
2024,23,Vegetables,HUL,HUL_Vegetables_product,95,11129.123042083142,2321.5155348530993,218.38709677419354,6,101.0,66.0,60.0,89.0,80.5,79.875,116.0
2024,24,Vegetables,HUL,HUL_Vegetables_product,116,12820.030228745138,2690.728113733604,290.64864864864865,6,95.0,101.0,66.0,60.0,94.5,85.375,107.0
2024,25,Vegetables,HUL,HUL_Vegetables_product,107,16925.745451189516,3663.4082290556416,251.8918918918919,6,116.0,95.0,101.0,66.0,104.75,89.375,105.0
2024,26,Vegetables,HUL,HUL_Vegetables_product,105,14201.926166115874,3037.9473000485928,264.90625,6,107.0,116.0,95.0,101.0,105.75,92.375,54.0
2024,27,Vegetables,HUL,HUL_Vegetables_product,54,7843.158807451246,1610.0392340998937,291.10526315789474,7,105.0,107.0,116.0,95.0,95.5,88.0,81.0
2024,28,Vegetables,HUL,HUL_Vegetables_product,81,11199.714304469664,2187.4686374427147,311.6,7,54.0,105.0,107.0,116.0,86.75,90.625,100.0
2024,29,Vegetables,HUL,HUL_Vegetables_product,100,15788.242966472773,3234.319144300927,270.96875,7,81.0,54.0,105.0,107.0,85.0,94.875,84.0
2024,30,Vegetables,HUL,HUL_Vegetables_product,84,11136.662127818383,2517.149485476565,256.5769230769231,7,100.0,81.0,54.0,105.0,79.75,92.75,50.0
2024,31,Vegetables,HUL,HUL_Vegetables_product,50,6190.226319141408,1311.5321174059875,298.39130434782606,8,84.0,100.0,81.0,54.0,78.75,87.125,52.0
2024,32,Vegetables,HUL,HUL_Vegetables_product,52,7272.915054824476,1359.369564235384,235.95,8,50.0,84.0,100.0,81.0,71.5,79.125,101.0
2024,33,Vegetables,HUL,HUL_Vegetables_product,101,11838.628140354436,2268.432063936301,294.30555555555554,8,52.0,50.0,84.0,100.0,71.75,78.375,69.0
2024,34,Vegetables,HUL,HUL_Vegetables_product,69,9363.524705842583,2049.89483215631,244.21428571428572,8,101.0,52.0,50.0,84.0,68.0,73.875,102.0
2024,35,Vegetables,HUL,HUL_Vegetables_product,102,13730.490566862296,2844.270693921239,307.10526315789474,8,69.0,101.0,52.0,50.0,81.0,79.875,85.0
2024,36,Vegetables,HUL,HUL_Vegetables_product,85,10103.63775532362,1874.0496252116109,286.58620689655174,9,102.0,69.0,101.0,52.0,89.25,80.375,77.0
2024,37,Vegetables,HUL,HUL_Vegetables_product,77,9935.511666228005,2157.0545693387016,259.9259259259259,9,85.0,102.0,69.0,101.0,83.25,77.5,68.0
2024,38,Vegetables,HUL,HUL_Vegetables_product,68,9689.718140479132,2129.707074614216,276.27272727272725,9,77.0,85.0,102.0,69.0,83.0,75.5,88.0
2024,39,Vegetables,HUL,HUL_Vegetables_product,88,11992.48969309588,2370.2656909799766,268.65384615384613,9,68.0,77.0,85.0,102.0,79.5,80.25,89.0
2024,40,Vegetables,HUL,HUL_Vegetables_product,89,13836.26542114688,2708.203106904893,261.0,10,88.0,68.0,77.0,85.0,80.5,84.875,106.0
2024,41,Vegetables,HUL,HUL_Vegetables_product,106,11523.02474057953,1719.443602309624,294.0857142857143,10,89.0,88.0,68.0,77.0,87.75,85.5,96.0
2024,42,Vegetables,HUL,HUL_Vegetables_product,96,14510.066837518256,3212.8454613579725,247.17857142857142,10,106.0,89.0,88.0,68.0,94.75,88.875,96.0
2024,43,Vegetables,HUL,HUL_Vegetables_product,96,13721.63117197046,2864.6326037699732,308.55172413793105,10,96.0,106.0,89.0,88.0,96.75,88.125,96.0
2024,44,Vegetables,HUL,HUL_Vegetables_product,96,11156.05690018458,2377.861048326385,290.53333333333336,11,96.0,96.0,106.0,89.0,98.5,89.5,102.0
2024,45,Vegetables,HUL,HUL_Vegetables_product,102,13576.779582411968,2445.2694449232654,308.6363636363636,11,96.0,96.0,96.0,106.0,97.5,92.625,92.0
2024,46,Vegetables,HUL,HUL_Vegetables_product,92,11451.44831919746,2488.697903056615,263.74285714285713,11,102.0,96.0,96.0,96.0,96.5,95.625,85.0
2024,47,Vegetables,HUL,HUL_Vegetables_product,85,11783.996442145546,2680.974992360247,320.82142857142856,11,92.0,102.0,96.0,96.0,93.75,95.25,80.0
2024,48,Vegetables,HUL,HUL_Vegetables_product,80,12623.683151850673,2287.5016946293085,249.86666666666667,11,85.0,92.0,102.0,96.0,89.75,94.125,86.0
2024,49,Vegetables,HUL,HUL_Vegetables_product,86,10903.512298051392,1843.1100637086122,266.0,12,80.0,85.0,92.0,102.0,85.75,91.625,83.0
2024,50,Vegetables,HUL,HUL_Vegetables_product,83,9363.101583091831,1946.2681861497933,318.3703703703704,12,86.0,80.0,85.0,92.0,83.5,90.0,104.0
2024,51,Vegetables,HUL,HUL_Vegetables_product,104,14453.478856848345,3109.9568137208475,281.7567567567568,12,83.0,86.0,80.0,85.0,88.25,91.0,100.0
2024,8,Snacks,Parle,Hide & Seek,21,1721.3434620570665,226.36764211678468,279.57142857142856,2,31.0,21.0,26.0,31.0,24.75,28.375,22.0
2024,9,Snacks,Parle,Hide & Seek,22,2832.866610956607,452.179270165738,176.625,3,21.0,31.0,21.0,26.0,23.75,25.75,30.0
2024,10,Snacks,Parle,Hide & Seek,30,3512.352584686293,882.9790498337031,282.6666666666667,3,22.0,21.0,31.0,21.0,26.0,25.625,20.0
2024,11,Snacks,Parle,Hide & Seek,20,2758.1477468588128,418.5333634313926,313.0,3,30.0,22.0,21.0,31.0,23.25,25.25,30.0
2024,12,Snacks,Parle,Hide & Seek,30,4181.905417721906,818.5149895372599,282.5,3,20.0,30.0,22.0,21.0,25.5,25.125,43.0
2024,13,Snacks,Parle,Hide & Seek,43,6325.959698864659,1039.1389403930611,242.76923076923077,3,30.0,20.0,30.0,22.0,30.75,27.25,27.0
2024,14,Snacks,Parle,Hide & Seek,27,4341.660903583559,1039.8285008569421,317.375,4,43.0,30.0,20.0,30.0,30.0,28.0,18.0
2024,15,Snacks,Parle,Hide & Seek,18,1250.0272361648003,278.8946113508503,219.0,4,27.0,43.0,30.0,20.0,29.5,26.375,15.0
2024,16,Snacks,Parle,Hide & Seek,15,2634.6078536993164,770.8661430577058,237.5,4,18.0,27.0,43.0,30.0,25.75,25.625,36.0
2024,17,Snacks,Parle,Hide & Seek,36,5742.5737242052755,1208.522419854824,272.09090909090907,4,15.0,18.0,27.0,43.0,24.0,27.375,17.0
2024,18,Snacks,Parle,Hide & Seek,17,2683.206742963177,607.3154185334326,239.5,5,36.0,15.0,18.0,27.0,21.5,25.75,28.0
2024,19,Snacks,Parle,Hide & Seek,28,3796.2230641471397,776.7988791234695,289.44444444444446,5,17.0,36.0,15.0,18.0,24.0,26.75,17.0
2024,20,Snacks,Parle,Hide & Seek,17,1651.8006476607204,361.8617721665806,217.875,5,28.0,17.0,36.0,15.0,24.5,25.125,41.0
2024,21,Snacks,Parle,Hide & Seek,41,4673.150468802283,1069.2091117534426,296.0,5,17.0,28.0,17.0,36.0,25.75,24.875,22.0
2024,22,Snacks,Parle,Hide & Seek,22,3244.183091874678,579.2080595288725,291.75,5,41.0,17.0,28.0,17.0,27.0,24.25,30.0
2024,23,Snacks,Parle,Hide & Seek,30,3361.60507356522,664.4648261623771,300.1,6,22.0,41.0,17.0,28.0,27.5,25.75,25.0
2024,24,Snacks,Parle,Hide & Seek,25,2627.323194652125,614.3103838131499,165.77777777777777,6,30.0,22.0,41.0,17.0,29.5,27.0,25.0
2024,25,Snacks,Parle,Hide & Seek,25,3383.9350318472216,659.1000191962423,206.33333333333334,6,25.0,30.0,22.0,41.0,25.5,25.625,28.0
2024,26,Snacks,Parle,Hide & Seek,28,4546.11117301919,843.5500899388666,286.2,6,25.0,25.0,30.0,22.0,27.0,27.0,14.0
2024,27,Snacks,Parle,Hide & Seek,14,2104.7099855642145,424.4046763185022,268.1666666666667,7,28.0,25.0,25.0,30.0,23.0,25.25,34.0
2024,28,Snacks,Parle,Hide & Seek,34,4477.816886998052,623.620696885184,268.75,7,14.0,28.0,25.0,25.0,25.25,27.375,29.0
2024,29,Snacks,Parle,Hide & Seek,29,5209.101577948497,1066.22210507188,311.8333333333333,7,34.0,14.0,28.0,25.0,26.25,25.875,18.0
2024,30,Snacks,Parle,Hide & Seek,18,2824.7173009986204,681.2935365648301,203.5,7,29.0,34.0,14.0,28.0,23.75,25.375,22.0
2024,31,Snacks,Parle,Hide & Seek,22,3640.8450604303075,623.1083691124978,320.55555555555554,7,18.0,29.0,34.0,14.0,25.75,24.375,17.0
2024,32,Snacks,Parle,Hide & Seek,17,1921.5305245711043,385.15359917517526,341.7142857142857,8,22.0,18.0,29.0,34.0,21.5,23.375,19.0
2024,33,Snacks,Parle,Hide & Seek,19,3473.8110683300993,614.9245250805659,272.0,8,17.0,22.0,18.0,29.0,19.0,22.625,27.0
2024,34,Snacks,Parle,Hide & Seek,27,3143.4800833599347,670.2893451798631,254.15384615384616,8,19.0,17.0,22.0,18.0,21.25,22.5,26.0
2024,35,Snacks,Parle,Hide & Seek,26,3551.846535740597,904.276391658636,277.6666666666667,8,27.0,19.0,17.0,22.0,22.25,24.0,21.0
2024,36,Snacks,Parle,Hide & Seek,21,3889.800326469194,1045.6434378413542,323.6,9,26.0,27.0,19.0,17.0,23.25,22.375,35.0
2024,37,Snacks,Parle,Hide & Seek,35,4122.328154908797,949.3299727608965,276.5833333333333,9,21.0,26.0,27.0,19.0,27.25,23.125,32.0
2024,38,Snacks,Parle,Hide & Seek,32,4314.630727337125,905.0081378925931,282.4166666666667,9,35.0,21.0,26.0,27.0,28.5,24.875,23.0
2024,39,Snacks,Parle,Hide & Seek,23,2566.0827735877956,314.23473674469506,223.57142857142858,9,32.0,35.0,21.0,26.0,27.75,25.0,28.0
2024,40,Snacks,Parle,Hide & Seek,28,4081.66731934628,730.7244630604823,328.8,10,23.0,32.0,35.0,21.0,29.5,26.375,14.0
2024,41,Snacks,Parle,Hide & Seek,14,795.6864382329754,141.6231145105974,326.8,10,28.0,23.0,32.0,35.0,24.25,25.75,32.0
2024,42,Snacks,Parle,Hide & Seek,32,4131.3896400837,766.3251788305541,209.33333333333334,10,14.0,28.0,23.0,32.0,24.25,26.375,42.0
2024,43,Snacks,Parle,Hide & Seek,42,4313.632761430364,1054.6846563890354,240.91666666666666,10,32.0,14.0,28.0,23.0,29.0,28.375,46.0
2024,44,Snacks,Parle,Hide & Seek,46,5184.409016476872,910.6202066609638,309.92857142857144,10,42.0,32.0,14.0,28.0,33.5,31.5,31.0
2024,45,Snacks,Parle,Hide & Seek,31,3887.146589660732,657.2820250353151,267.875,11,46.0,42.0,32.0,14.0,37.75,31.0,30.0
2024,46,Snacks,Parle,Hide & Seek,30,5170.108127795436,995.4414872924054,235.5,11,31.0,46.0,42.0,32.0,37.25,30.75,31.0
2024,47,Snacks,Parle,Hide & Seek,31,3315.2284197897443,654.4109907086145,303.6363636363636,11,30.0,31.0,46.0,42.0,34.5,31.75,34.0
2024,48,Snacks,Parle,Hide & Seek,34,4629.146928599219,1000.7641587020591,268.84615384615387,11,31.0,30.0,31.0,46.0,31.5,32.5,31.0
2024,49,Snacks,Parle,Hide & Seek,31,4080.3640629479023,881.0484890254322,290.1,12,34.0,31.0,30.0,31.0,31.5,34.625,29.0
2024,50,Snacks,Parle,Hide & Seek,29,4142.647781943377,725.010406243714,161.875,12,31.0,34.0,31.0,30.0,31.25,34.25,26.0
2024,51,Snacks,Parle,Hide & Seek,26,1455.5359328078312,235.55645823485185,401.75,12,29.0,31.0,34.0,31.0,30.0,32.25,26.0
2024,8,Beverages,ITC,ITC_Beverages_product,95,11869.361004563667,2230.628199841122,297.03225806451616,2,91.0,79.0,95.0,71.0,90.0,96.5,126.0
2024,9,Beverages,ITC,ITC_Beverages_product,126,16570.027105975874,3279.5736724702365,272.7368421052632,2,95.0,91.0,79.0,95.0,97.75,97.875,73.0
2024,10,Beverages,ITC,ITC_Beverages_product,73,9249.116585614725,1710.9401514326983,322.44,3,126.0,95.0,91.0,79.0,96.25,92.875,96.0
2024,11,Beverages,ITC,ITC_Beverages_product,96,12046.085155024395,2412.3404203376726,255.92592592592592,3,73.0,126.0,95.0,91.0,97.5,90.75,106.0
2024,12,Beverages,ITC,ITC_Beverages_product,106,13368.241420367895,2583.068489020929,297.1388888888889,3,96.0,73.0,126.0,95.0,100.25,95.125,73.0
2024,13,Beverages,ITC,ITC_Beverages_product,73,9386.048578348726,1785.4622634630032,276.6,3,106.0,96.0,73.0,126.0,87.0,92.375,85.0
2024,14,Beverages,ITC,ITC_Beverages_product,85,12643.057447235211,2012.9861048914188,254.89655172413794,4,73.0,106.0,96.0,73.0,90.0,93.125,65.0
2024,15,Beverages,ITC,ITC_Beverages_product,65,8917.328163390068,1719.9660340312907,314.5652173913044,4,85.0,73.0,106.0,96.0,82.25,89.875,104.0
2024,16,Beverages,ITC,ITC_Beverages_product,104,15479.502125603947,3405.4744853453703,260.72972972972974,4,65.0,85.0,73.0,106.0,81.75,91.0,80.0
2024,17,Beverages,ITC,ITC_Beverages_product,80,10789.068651356412,2138.751525653571,276.14814814814815,4,104.0,65.0,85.0,73.0,83.5,85.25,70.0
2024,18,Beverages,ITC,ITC_Beverages_product,70,9033.974467502156,1660.4561440326952,319.5,5,80.0,104.0,65.0,85.0,79.75,84.875,89.0
2024,19,Beverages,ITC,ITC_Beverages_product,89,10974.589497125304,2313.994760767955,275.3125,5,70.0,80.0,104.0,65.0,85.75,84.0,88.0
2024,20,Beverages,ITC,ITC_Beverages_product,88,11370.282489297842,2141.701431199604,298.037037037037,5,89.0,70.0,80.0,104.0,81.75,81.75,131.0
2024,21,Beverages,ITC,ITC_Beverages_product,131,18753.38127229449,3816.474111312493,260.23809523809524,5,88.0,89.0,70.0,80.0,94.5,89.0,112.0
2024,22,Beverages,ITC,ITC_Beverages_product,112,16117.787117473388,3274.9870509205443,287.92105263157896,5,131.0,88.0,89.0,70.0,105.0,92.375,98.0
2024,23,Beverages,ITC,ITC_Beverages_product,98,13582.09731358707,2981.1013738267006,289.80645161290323,6,112.0,131.0,88.0,89.0,107.25,96.5,76.0
2024,24,Beverages,ITC,ITC_Beverages_product,76,11204.758765208824,2409.9872081607527,261.8333333333333,6,98.0,112.0,131.0,88.0,104.25,93.0,78.0
2024,25,Beverages,ITC,ITC_Beverages_product,78,10075.277961942476,2033.553569547339,330.7857142857143,6,76.0,98.0,112.0,131.0,91.0,92.75,97.0
2024,26,Beverages,ITC,ITC_Beverages_product,97,12533.557335275642,2653.6211867309576,255.87878787878788,6,78.0,76.0,98.0,112.0,87.25,96.125,132.0
2024,27,Beverages,ITC,ITC_Beverages_product,132,18363.551245888797,3792.5318988979116,287.05,7,97.0,78.0,76.0,98.0,95.75,101.5,124.0
2024,28,Beverages,ITC,ITC_Beverages_product,124,15754.07649240838,3785.2804287817276,305.45238095238096,7,132.0,97.0,78.0,76.0,107.75,106.0,115.0
2024,29,Beverages,ITC,ITC_Beverages_product,115,17527.202262882176,3565.4081380256375,284.0625,7,124.0,132.0,97.0,78.0,117.0,104.0,76.0
2024,30,Beverages,ITC,ITC_Beverages_product,76,10359.69691429664,2039.2737532465483,291.11538461538464,7,115.0,124.0,132.0,97.0,111.75,99.5,108.0
2024,31,Beverages,ITC,ITC_Beverages_product,108,18180.867798173993,3375.668382635913,315.2647058823529,8,76.0,115.0,124.0,132.0,105.75,100.75,105.0
2024,32,Beverages,ITC,ITC_Beverages_product,105,14820.426815931696,2870.2434515087375,244.34285714285716,8,108.0,76.0,115.0,124.0,101.0,104.375,74.0
2024,33,Beverages,ITC,ITC_Beverages_product,74,10875.446319925908,2235.2459506991627,329.9166666666667,8,105.0,108.0,76.0,115.0,90.75,103.875,70.0
2024,34,Beverages,ITC,ITC_Beverages_product,70,9601.90355617702,1786.4475096896317,265.7916666666667,8,74.0,105.0,108.0,76.0,89.25,100.5,82.0
2024,35,Beverages,ITC,ITC_Beverages_product,82,9319.266768897034,1429.4579340270675,272.15625,8,70.0,74.0,105.0,108.0,82.75,94.25,98.0
2024,36,Beverages,ITC,ITC_Beverages_product,98,11456.042197466482,2308.1186432209165,256.35483870967744,9,82.0,70.0,74.0,105.0,81.0,91.0,114.0
2024,37,Beverages,ITC,ITC_Beverages_product,114,14861.763180189537,2744.9974947449573,288.43243243243245,9,98.0,82.0,70.0,74.0,91.0,90.875,78.0
2024,38,Beverages,ITC,ITC_Beverages_product,78,12459.172541273183,2539.4387176558084,294.48,9,114.0,98.0,82.0,70.0,93.0,91.125,68.0
2024,39,Beverages,ITC,ITC_Beverages_product,68,9262.891094820618,1849.0219085864373,283.8888888888889,9,78.0,114.0,98.0,82.0,89.5,86.125,92.0
2024,40,Beverages,ITC,ITC_Beverages_product,92,13522.158001041606,2544.286227549573,281.1111111111111,10,68.0,78.0,114.0,98.0,88.0,84.5,120.0
2024,41,Beverages,ITC,ITC_Beverages_product,120,13739.185412999477,2511.2432190140703,281.1388888888889,10,92.0,68.0,78.0,114.0,89.5,90.25,67.0
2024,42,Beverages,ITC,ITC_Beverages_product,67,10519.586962970589,2027.3497942426748,291.28,10,120.0,92.0,68.0,78.0,86.75,89.875,104.0
2024,43,Beverages,ITC,ITC_Beverages_product,104,12412.644348389305,2618.455637200634,306.2352941176471,10,67.0,120.0,92.0,68.0,95.75,92.625,76.0
2024,44,Beverages,ITC,ITC_Beverages_product,76,10531.444749414884,2011.369195383403,255.5,11,104.0,67.0,120.0,92.0,91.75,89.875,66.0
2024,45,Beverages,ITC,ITC_Beverages_product,66,6773.768901087038,1340.3292060933752,285.72727272727275,11,76.0,104.0,67.0,120.0,78.25,83.875,75.0
2024,46,Beverages,ITC,ITC_Beverages_product,75,9637.826781345493,1903.853042470333,278.96,11,66.0,76.0,104.0,67.0,80.25,83.5,110.0
2024,47,Beverages,ITC,ITC_Beverages_product,110,12769.055565609702,2370.5623997145894,286.3529411764706,11,75.0,66.0,76.0,104.0,81.75,88.75,95.0
2024,48,Beverages,ITC,ITC_Beverages_product,95,11056.623091966885,2330.480230926108,292.96875,12,110.0,75.0,66.0,76.0,86.5,89.125,81.0
2024,49,Beverages,ITC,ITC_Beverages_product,81,10657.295651459048,2293.7650139149455,304.23333333333335,12,95.0,110.0,75.0,66.0,90.25,84.25,79.0
2024,50,Beverages,ITC,ITC_Beverages_product,79,8571.418975618499,1868.9123798908524,265.7307692307692,12,81.0,95.0,110.0,75.0,91.25,85.75,92.0
2024,51,Beverages,ITC,ITC_Beverages_product,92,13621.292564519888,2563.4581840594437,279.55882352941177,12,79.0,81.0,95.0,110.0,86.75,84.25,59.0
2024,8,Dairy,ITC,ITC_Dairy_product,70,7809.378706474964,1708.0496735275456,290.8695652173913,2,72.0,75.0,69.0,109.0,71.5,90.375,82.0
2024,9,Dairy,ITC,ITC_Dairy_product,82,11905.78207684467,2476.39835625031,274.5357142857143,3,70.0,72.0,75.0,69.0,74.75,87.75,93.0
2024,10,Dairy,ITC,ITC_Dairy_product,93,12181.277174367686,2325.234844226056,240.59375,3,82.0,70.0,72.0,75.0,79.25,85.125,95.0
2024,11,Dairy,ITC,ITC_Dairy_product,95,12695.399302453121,2871.5343149951223,272.6896551724138,3,93.0,82.0,70.0,72.0,85.0,83.125,75.0
2024,12,Dairy,ITC,ITC_Dairy_product,75,10695.47915272807,2127.8356354413386,300.3703703703704,3,95.0,93.0,82.0,70.0,86.25,78.875,106.0
2024,13,Dairy,ITC,ITC_Dairy_product,106,15162.85872632538,3113.1361987581245,276.74285714285713,3,75.0,95.0,93.0,82.0,92.25,83.5,119.0
2024,14,Dairy,ITC,ITC_Dairy_product,119,13825.51030124136,2610.211966133002,287.3783783783784,4,106.0,75.0,95.0,93.0,98.75,89.0,53.0
2024,15,Dairy,ITC,ITC_Dairy_product,53,5191.138197916539,838.8405569110151,217.72222222222223,4,119.0,106.0,75.0,95.0,88.25,86.625,73.0
2024,16,Dairy,ITC,ITC_Dairy_product,73,9060.297825873165,1802.2862569175527,279.5769230769231,4,53.0,119.0,106.0,75.0,87.75,87.0,120.0
2024,17,Dairy,ITC,ITC_Dairy_product,120,13559.237875165643,2598.542450419684,303.9189189189189,4,73.0,53.0,119.0,106.0,91.25,91.75,108.0
2024,18,Dairy,ITC,ITC_Dairy_product,108,12636.554837143347,2519.757879908547,285.6969696969697,5,120.0,73.0,53.0,119.0,88.5,93.625,131.0
2024,19,Dairy,ITC,ITC_Dairy_product,131,17958.98854246482,3788.75603992259,260.8085106382979,5,108.0,120.0,73.0,53.0,108.0,98.125,56.0
2024,20,Dairy,ITC,ITC_Dairy_product,56,7472.933377475156,1770.52585388578,309.77777777777777,5,131.0,108.0,120.0,73.0,103.75,95.75,86.0
2024,21,Dairy,ITC,ITC_Dairy_product,86,11776.571974359866,1925.2649518881256,275.26666666666665,5,56.0,131.0,108.0,120.0,95.25,93.25,85.0
2024,22,Dairy,ITC,ITC_Dairy_product,85,9825.381035336623,1623.4384534550773,280.96774193548384,5,86.0,56.0,131.0,108.0,89.5,89.0,98.0
2024,23,Dairy,ITC,ITC_Dairy_product,98,12854.94224091697,2438.2393510997467,252.6875,6,85.0,86.0,56.0,131.0,81.25,94.625,62.0
2024,24,Dairy,ITC,ITC_Dairy_product,62,9596.087976623161,1956.196348220972,242.7826086956522,6,98.0,85.0,86.0,56.0,82.75,93.25,72.0
2024,25,Dairy,ITC,ITC_Dairy_product,72,9854.877798240766,1888.9134606478697,240.85714285714286,6,62.0,98.0,85.0,86.0,79.25,87.25,80.0
2024,26,Dairy,ITC,ITC_Dairy_product,80,10287.924521251272,2120.199935834568,339.61538461538464,6,72.0,62.0,98.0,85.0,78.0,83.75,87.0
2024,27,Dairy,ITC,ITC_Dairy_product,87,10970.261669093408,2096.5009865889538,271.3448275862069,7,80.0,72.0,62.0,98.0,75.25,78.25,88.0
2024,28,Dairy,ITC,ITC_Dairy_product,88,12714.770393193181,2680.362714619709,272.55172413793105,7,87.0,80.0,72.0,62.0,81.75,82.25,69.0
2024,29,Dairy,ITC,ITC_Dairy_product,69,10431.927036194851,2184.523042288334,267.6363636363636,7,88.0,87.0,80.0,72.0,81.0,80.125,91.0
2024,30,Dairy,ITC,ITC_Dairy_product,91,11522.493542588576,2377.412013798844,292.125,7,69.0,88.0,87.0,80.0,83.75,80.875,111.0
2024,31,Dairy,ITC,ITC_Dairy_product,111,14668.51339515281,2935.448613708773,255.14634146341464,8,91.0,69.0,88.0,87.0,89.75,82.5,126.0
2024,32,Dairy,ITC,ITC_Dairy_product,126,13933.833377699055,2711.2169543590626,316.6585365853659,8,111.0,91.0,69.0,88.0,99.25,90.5,72.0
2024,33,Dairy,ITC,ITC_Dairy_product,72,11397.150501040533,2527.851256875548,301.09090909090907,8,126.0,111.0,91.0,69.0,100.0,90.5,93.0
2024,34,Dairy,ITC,ITC_Dairy_product,93,11493.952880449608,2344.9161707104936,285.06666666666666,8,72.0,126.0,111.0,91.0,100.5,92.125,105.0
2024,35,Dairy,ITC,ITC_Dairy_product,105,12947.027487955225,2262.8308642846478,285.25714285714287,9,93.0,72.0,126.0,111.0,99.0,94.375,89.0
2024,36,Dairy,ITC,ITC_Dairy_product,89,12467.571250052306,2655.7875310237464,275.9375,9,105.0,93.0,72.0,126.0,89.75,94.5,79.0
2024,37,Dairy,ITC,ITC_Dairy_product,79,9594.761441060054,1671.2075020865798,258.5769230769231,9,89.0,105.0,93.0,72.0,91.5,95.75,85.0
2024,38,Dairy,ITC,ITC_Dairy_product,85,10445.560165343419,2313.330575886113,269.80645161290323,9,79.0,89.0,105.0,93.0,89.5,95.0,84.0
2024,39,Dairy,ITC,ITC_Dairy_product,84,12157.006025087565,2470.198665289442,264.65625,9,85.0,79.0,89.0,105.0,84.25,91.625,94.0
2024,40,Dairy,ITC,ITC_Dairy_product,94,10531.491501298337,1942.9772635730767,253.74193548387098,9,84.0,85.0,79.0,89.0,85.5,87.625,99.0
2024,41,Dairy,ITC,ITC_Dairy_product,99,13738.575546840844,2696.7411713128154,307.77777777777777,10,94.0,84.0,85.0,79.0,90.5,91.0,97.0
2024,42,Dairy,ITC,ITC_Dairy_product,97,13275.585336964208,2625.225642018274,290.0,10,99.0,94.0,84.0,85.0,93.5,91.5,54.0
2024,43,Dairy,ITC,ITC_Dairy_product,54,5040.445398512793,895.6946395202984,299.5,10,97.0,99.0,94.0,84.0,86.0,85.125,74.0
2024,44,Dairy,ITC,ITC_Dairy_product,74,7994.211619211649,1354.5770693933914,296.0,10,54.0,97.0,99.0,94.0,81.0,83.25,90.0
2024,45,Dairy,ITC,ITC_Dairy_product,90,12200.723885768908,2560.4592177733825,286.0,11,74.0,54.0,97.0,99.0,78.75,84.625,78.0
2024,46,Dairy,ITC,ITC_Dairy_product,78,10996.507388657112,2353.9694378485747,296.9310344827586,11,90.0,74.0,54.0,97.0,74.0,83.75,99.0
2024,47,Dairy,ITC,ITC_Dairy_product,99,13891.987296677627,2597.3678282986875,221.875,11,78.0,90.0,74.0,54.0,85.25,85.625,38.0
2024,48,Dairy,ITC,ITC_Dairy_product,38,5449.683914126688,1096.6321351990398,288.1875,11,99.0,78.0,90.0,74.0,76.25,78.625,84.0
2024,49,Dairy,ITC,ITC_Dairy_product,84,9920.682172020079,2134.214790194675,269.030303030303,12,38.0,99.0,78.0,90.0,74.75,76.75,69.0
2024,50,Dairy,ITC,ITC_Dairy_product,69,10267.011492026279,1882.1100076062594,288.56,12,84.0,38.0,99.0,78.0,72.5,73.25,71.0
2024,51,Dairy,ITC,ITC_Dairy_product,71,9144.672980837991,1664.4348006402897,245.95652173913044,12,69.0,84.0,38.0,99.0,65.5,75.375,105.0
2024,8,Fruits,ITC,ITC_Fruits_product,117,13225.22889043417,2879.218808596732,262.7368421052632,2,94.0,71.0,83.0,59.0,91.25,93.375,79.0
2024,9,Fruits,ITC,ITC_Fruits_product,79,10335.457167131637,2027.6528769963586,269.42857142857144,3,117.0,94.0,71.0,83.0,90.25,91.0,71.0
2024,10,Fruits,ITC,ITC_Fruits_product,71,8357.731968064836,1803.4729651247324,313.46153846153845,3,79.0,117.0,94.0,71.0,90.25,87.75,84.0
2024,11,Fruits,ITC,ITC_Fruits_product,84,12119.449537817953,2621.518531220243,232.44827586206895,3,71.0,79.0,117.0,94.0,87.75,82.25,105.0
2024,12,Fruits,ITC,ITC_Fruits_product,105,13498.97465590258,2425.1433601844483,268.93939393939394,3,84.0,71.0,79.0,117.0,84.75,88.0,85.0
2024,13,Fruits,ITC,ITC_Fruits_product,85,10330.475523610789,2266.6751925632575,291.8076923076923,3,105.0,84.0,71.0,79.0,86.25,88.25,92.0
2024,14,Fruits,ITC,ITC_Fruits_product,92,12043.500551261446,2132.9569919220976,274.20588235294116,4,85.0,105.0,84.0,71.0,91.5,90.875,96.0
2024,15,Fruits,ITC,ITC_Fruits_product,96,13356.733596399403,2833.5631807807513,302.5,4,92.0,85.0,105.0,84.0,94.5,91.125,100.0
2024,16,Fruits,ITC,ITC_Fruits_product,100,11482.829268481586,2264.0728883036904,303.1290322580645,4,96.0,92.0,85.0,105.0,93.25,89.0,103.0
2024,17,Fruits,ITC,ITC_Fruits_product,103,14216.29682095593,2857.212913747503,287.59375,4,100.0,96.0,92.0,85.0,97.75,92.0,77.0
2024,18,Fruits,ITC,ITC_Fruits_product,77,10754.237983696905,1876.103018380923,272.88,4,103.0,100.0,96.0,92.0,94.0,92.75,130.0
2024,19,Fruits,ITC,ITC_Fruits_product,130,15171.819826461717,3101.691953988775,246.15384615384616,5,77.0,103.0,100.0,96.0,102.5,98.5,71.0
2024,20,Fruits,ITC,ITC_Fruits_product,71,9223.146857613108,1549.3443114031058,295.0869565217391,5,130.0,77.0,103.0,100.0,95.25,94.25,80.0
2024,21,Fruits,ITC,ITC_Fruits_product,80,10073.541439844794,1656.2599492079894,255.75,5,71.0,130.0,77.0,103.0,89.5,93.625,97.0
2024,22,Fruits,ITC,ITC_Fruits_product,97,12613.544671166856,2571.5802456105885,322.7878787878788,6,80.0,71.0,130.0,77.0,94.5,94.25,82.0
2024,23,Fruits,ITC,ITC_Fruits_product,82,12010.511527039653,2162.602146310356,236.88888888888889,6,97.0,80.0,71.0,130.0,82.5,92.5,93.0
2024,24,Fruits,ITC,ITC_Fruits_product,93,12172.879808987323,2460.0357071770327,317.45454545454544,6,82.0,97.0,80.0,71.0,88.0,91.625,55.0
2024,25,Fruits,ITC,ITC_Fruits_product,55,7801.953289737823,1573.2662820630032,286.05,6,93.0,82.0,97.0,80.0,81.75,85.625,108.0
2024,26,Fruits,ITC,ITC_Fruits_product,108,12434.15461062,2528.52734704482,251.74193548387098,6,55.0,93.0,82.0,97.0,84.5,89.5,87.0
2024,27,Fruits,ITC,ITC_Fruits_product,87,12720.481085802861,2621.409305168593,279.7,7,108.0,55.0,93.0,82.0,85.75,84.125,103.0
2024,28,Fruits,ITC,ITC_Fruits_product,103,12086.191327054838,2168.092966475673,302.1818181818182,7,87.0,108.0,55.0,93.0,88.25,88.125,106.0
2024,29,Fruits,ITC,ITC_Fruits_product,106,12430.115752229927,2196.9929162951366,278.4054054054054,7,103.0,87.0,108.0,55.0,101.0,91.375,121.0
2024,30,Fruits,ITC,ITC_Fruits_product,121,18063.421193579532,4096.105021394705,259.2307692307692,7,106.0,103.0,87.0,108.0,104.25,94.375,97.0
2024,31,Fruits,ITC,ITC_Fruits_product,97,10516.745529282549,2085.28920001342,292.25,8,121.0,106.0,103.0,87.0,106.75,96.25,93.0
2024,32,Fruits,ITC,ITC_Fruits_product,93,11042.528060262968,2216.9382217578705,288.8484848484849,8,97.0,121.0,106.0,103.0,104.25,96.25,101.0
2024,33,Fruits,ITC,ITC_Fruits_product,101,12604.953845619319,2300.1056502727365,254.34375,8,93.0,97.0,121.0,106.0,103.0,102.0,136.0
2024,34,Fruits,ITC,ITC_Fruits_product,136,19231.674510648023,4444.3351669769145,283.9024390243902,8,101.0,93.0,97.0,121.0,106.75,105.5,105.0
2024,35,Fruits,ITC,ITC_Fruits_product,105,14726.764184884894,3075.668837867608,276.9189189189189,8,136.0,101.0,93.0,97.0,108.75,107.75,90.0
2024,36,Fruits,ITC,ITC_Fruits_product,90,9930.260072661657,1663.2015867937046,204.89655172413794,9,105.0,136.0,101.0,93.0,108.0,106.125,75.0
2024,37,Fruits,ITC,ITC_Fruits_product,75,7893.171407183988,1565.3709008161322,274.5652173913044,9,90.0,105.0,136.0,101.0,101.5,102.25,90.0
2024,38,Fruits,ITC,ITC_Fruits_product,90,12161.220898188667,2593.0954984031787,275.0740740740741,9,75.0,90.0,105.0,136.0,90.0,98.375,99.0
2024,39,Fruits,ITC,ITC_Fruits_product,99,12421.608916022276,2206.833503101247,255.09375,9,90.0,75.0,90.0,105.0,88.5,98.625,103.0
2024,40,Fruits,ITC,ITC_Fruits_product,103,16789.51640652894,3763.2493157811405,280.96774193548384,10,99.0,90.0,75.0,90.0,91.75,99.875,85.0
2024,41,Fruits,ITC,ITC_Fruits_product,85,10762.894537984626,2062.720849602742,240.70967741935485,10,103.0,99.0,90.0,75.0,94.25,97.875,92.0
2024,42,Fruits,ITC,ITC_Fruits_product,92,13868.374732339325,2674.3754480094203,248.95833333333334,10,85.0,103.0,99.0,90.0,94.75,92.375,84.0
2024,43,Fruits,ITC,ITC_Fruits_product,84,9639.809647684571,1936.2752278031444,255.16666666666666,10,92.0,85.0,103.0,99.0,91.0,89.75,78.0
2024,44,Fruits,ITC,ITC_Fruits_product,78,10653.700622280356,2509.594204115122,261.0740740740741,11,84.0,92.0,85.0,103.0,84.75,88.25,88.0
2024,45,Fruits,ITC,ITC_Fruits_product,88,11016.69533312661,2312.657312857396,275.6551724137931,11,78.0,84.0,92.0,85.0,85.5,89.875,76.0
2024,46,Fruits,ITC,ITC_Fruits_product,76,10180.631775748363,2140.263085635531,270.5217391304348,11,88.0,78.0,84.0,92.0,81.5,88.125,86.0
2024,47,Fruits,ITC,ITC_Fruits_product,86,11174.405765425678,2147.703029072467,246.63333333333333,11,76.0,88.0,78.0,84.0,82.0,86.5,63.0
2024,48,Fruits,ITC,ITC_Fruits_product,63,6782.70888136675,1338.7866462106026,227.22727272727272,12,86.0,76.0,88.0,78.0,78.25,81.5,97.0
2024,49,Fruits,ITC,ITC_Fruits_product,97,10818.620776389938,2266.9623937489823,243.61111111111111,12,63.0,86.0,76.0,88.0,80.5,83.0,76.0
2024,50,Fruits,ITC,ITC_Fruits_product,76,9366.859463653362,1691.765778545384,269.625,12,97.0,63.0,86.0,76.0,80.5,81.0,93.0
2024,51,Fruits,ITC,ITC_Fruits_product,93,11263.241650952794,2123.1402254391396,280.62068965517244,12,76.0,97.0,63.0,86.0,82.25,82.125,117.0
2024,8,Grocery,ITC,ITC_Grocery_product,89,9544.27503471728,1642.5292841293035,287.1666666666667,2,89.0,76.0,128.0,95.0,95.5,95.375,115.0
2024,9,Grocery,ITC,ITC_Grocery_product,115,16465.158332390663,3406.650272473797,292.0810810810811,2,89.0,89.0,76.0,128.0,92.25,95.0,77.0
2024,10,Grocery,ITC,ITC_Grocery_product,77,8358.674239933473,1758.190037640862,250.8846153846154,3,115.0,89.0,89.0,76.0,92.5,93.25,68.0
2024,11,Grocery,ITC,ITC_Grocery_product,68,9306.900018893455,2345.3450731953776,283.56,3,77.0,115.0,89.0,89.0,87.25,92.125,103.0
2024,12,Grocery,ITC,ITC_Grocery_product,103,12701.52574572042,2564.973099654013,216.06451612903226,3,68.0,77.0,115.0,89.0,90.75,93.125,77.0
2024,13,Grocery,ITC,ITC_Grocery_product,77,9866.298081870651,1694.981985676567,312.67857142857144,3,103.0,68.0,77.0,115.0,81.25,86.75,84.0
2024,14,Grocery,ITC,ITC_Grocery_product,84,10452.133677442776,2332.2829698651385,299.46666666666664,4,77.0,103.0,68.0,77.0,83.0,87.75,79.0
2024,15,Grocery,ITC,ITC_Grocery_product,79,11978.793996260325,2741.1178124456187,296.56666666666666,4,84.0,77.0,103.0,68.0,85.75,86.5,95.0
2024,16,Grocery,ITC,ITC_Grocery_product,95,11921.650265619071,2223.95655555393,269.78125,4,79.0,84.0,77.0,103.0,83.75,87.25,70.0
2024,17,Grocery,ITC,ITC_Grocery_product,70,9918.053110284462,2090.3207303380677,266.8095238095238,4,95.0,79.0,84.0,77.0,82.0,81.625,70.0
2024,18,Grocery,ITC,ITC_Grocery_product,70,7634.32581690207,1577.271319600615,276.60869565217394,5,70.0,95.0,79.0,84.0,78.5,80.75,77.0
2024,19,Grocery,ITC,ITC_Grocery_product,77,12144.109235810014,2643.162166134243,254.16666666666666,5,70.0,70.0,95.0,79.0,78.0,81.875,104.0
2024,20,Grocery,ITC,ITC_Grocery_product,104,13757.427505375937,2772.302559178084,272.38235294117646,5,77.0,70.0,70.0,95.0,80.25,82.0,101.0
2024,21,Grocery,ITC,ITC_Grocery_product,101,14214.971006344149,2941.3364705687204,242.63888888888889,5,104.0,77.0,70.0,70.0,88.0,85.0,119.0
2024,22,Grocery,ITC,ITC_Grocery_product,119,15387.551216318227,3609.9733419196195,291.5,6,101.0,104.0,77.0,70.0,100.25,89.375,95.0
2024,23,Grocery,ITC,ITC_Grocery_product,95,12705.957052728598,2349.369244506339,299.89285714285717,6,119.0,101.0,104.0,77.0,104.75,91.375,120.0
2024,24,Grocery,ITC,ITC_Grocery_product,120,16705.710815382496,2955.3347944640327,266.56410256410254,6,95.0,119.0,101.0,104.0,108.75,94.5,89.0
2024,25,Grocery,ITC,ITC_Grocery_product,89,11860.820520270572,2116.6803646016265,237.3,6,120.0,95.0,119.0,101.0,105.75,96.875,74.0
2024,26,Grocery,ITC,ITC_Grocery_product,74,10845.360981508247,1873.7254689855026,257.5416666666667,6,89.0,120.0,95.0,119.0,94.5,97.375,101.0
2024,27,Grocery,ITC,ITC_Grocery_product,101,13706.589917361634,2492.34911157775,254.0625,7,74.0,89.0,120.0,95.0,96.0,100.375,89.0
2024,28,Grocery,ITC,ITC_Grocery_product,89,12003.490299114299,2201.648334245622,274.54545454545456,7,101.0,74.0,89.0,120.0,88.25,98.5,91.0
2024,29,Grocery,ITC,ITC_Grocery_product,91,13189.073717125422,2711.3000745141026,294.0967741935484,7,89.0,101.0,74.0,89.0,88.75,97.25,61.0
2024,30,Grocery,ITC,ITC_Grocery_product,61,9219.062262407504,1712.5821739011133,277.1904761904762,7,91.0,89.0,101.0,74.0,85.5,90.0,117.0
2024,31,Grocery,ITC,ITC_Grocery_product,117,15438.591349515958,3013.1948311656333,214.94285714285715,8,61.0,91.0,89.0,101.0,89.5,92.75,120.0
2024,32,Grocery,ITC,ITC_Grocery_product,120,15450.060586425321,3205.340181640136,295.15384615384613,8,117.0,61.0,91.0,89.0,97.25,92.75,96.0
2024,33,Grocery,ITC,ITC_Grocery_product,96,14472.362786767786,2935.3081199609283,241.47058823529412,8,120.0,117.0,61.0,91.0,98.5,93.625,115.0
2024,34,Grocery,ITC,ITC_Grocery_product,115,16085.425142790747,3057.501487087636,270.2307692307692,8,96.0,120.0,117.0,61.0,112.0,98.75,93.0
2024,35,Grocery,ITC,ITC_Grocery_product,93,11265.909399709682,2464.483673566839,262.64516129032256,8,115.0,96.0,120.0,117.0,106.0,97.75,72.0
2024,36,Grocery,ITC,ITC_Grocery_product,72,9795.739135901502,1956.6358039124318,238.08,9,93.0,115.0,96.0,120.0,94.0,95.625,94.0
2024,37,Grocery,ITC,ITC_Grocery_product,94,10209.981216777995,1865.3775693572343,257.6333333333333,9,72.0,93.0,115.0,96.0,93.5,96.0,94.0
2024,38,Grocery,ITC,ITC_Grocery_product,94,10786.270626082767,2304.6818836905795,257.19354838709677,9,94.0,72.0,93.0,115.0,88.25,100.125,92.0
2024,39,Grocery,ITC,ITC_Grocery_product,92,11318.66228944838,2710.1475840645835,284.6666666666667,9,94.0,94.0,72.0,93.0,88.0,97.0,54.0
2024,40,Grocery,ITC,ITC_Grocery_product,54,8161.462323722186,1635.4705997611263,303.7647058823529,10,92.0,94.0,94.0,72.0,83.5,88.75,74.0
2024,41,Grocery,ITC,ITC_Grocery_product,74,9636.241726798846,1918.648110947141,305.96153846153845,10,54.0,92.0,94.0,94.0,78.5,86.0,72.0
2024,42,Grocery,ITC,ITC_Grocery_product,72,7558.2682109152865,1476.7093431809353,257.36,10,74.0,54.0,92.0,94.0,73.0,80.625,80.0
2024,43,Grocery,ITC,ITC_Grocery_product,80,9091.620163532014,1762.289127406318,304.5925925925926,10,72.0,74.0,54.0,92.0,70.0,79.0,89.0
2024,44,Grocery,ITC,ITC_Grocery_product,89,13030.09323006956,2674.106048879065,288.60714285714283,10,80.0,72.0,74.0,54.0,78.75,81.125,61.0
2024,45,Grocery,ITC,ITC_Grocery_product,61,6641.162304984511,1584.980655141229,268.22727272727275,11,89.0,80.0,72.0,74.0,75.5,77.0,82.0
2024,46,Grocery,ITC,ITC_Grocery_product,82,12009.224173426022,2495.130559199442,266.9310344827586,11,61.0,89.0,80.0,72.0,78.0,75.5,112.0
2024,47,Grocery,ITC,ITC_Grocery_product,112,16402.243672433764,3369.9675675009485,260.2903225806452,11,82.0,61.0,89.0,80.0,86.0,78.0,92.0
2024,48,Grocery,ITC,ITC_Grocery_product,92,10505.35823028974,2202.3555947096415,254.96666666666667,11,112.0,82.0,61.0,89.0,86.75,82.75,103.0
2024,49,Grocery,ITC,ITC_Grocery_product,103,12939.249815605084,2422.759054835006,286.7241379310345,12,92.0,112.0,82.0,61.0,97.25,86.375,112.0
2024,50,Grocery,ITC,ITC_Grocery_product,112,16680.530579727343,3454.0250134237526,250.5,12,103.0,92.0,112.0,82.0,104.75,91.375,81.0
2024,51,Grocery,ITC,ITC_Grocery_product,81,9914.705092665705,2061.1321476755234,283.5769230769231,12,112.0,103.0,92.0,112.0,97.0,91.5,117.0
2024,8,Home Care,ITC,ITC_Home Care_product,86,13804.109323024248,2770.553966038039,278.0,2,102.0,79.0,103.0,99.0,92.5,101.375,68.0
2024,9,Home Care,ITC,ITC_Home Care_product,68,10110.833264084886,2199.382621746542,310.7037037037037,2,86.0,102.0,79.0,103.0,83.75,98.625,38.0
2024,10,Home Care,ITC,ITC_Home Care_product,38,5583.069008878483,1226.8745731811111,247.88888888888889,3,68.0,86.0,102.0,79.0,73.5,85.375,96.0
2024,11,Home Care,ITC,ITC_Home Care_product,96,10505.090654783166,2290.2041275721076,247.16666666666666,3,38.0,68.0,86.0,102.0,72.0,83.875,81.0
2024,12,Home Care,ITC,ITC_Home Care_product,81,10466.739129215175,1949.6968020083402,301.82142857142856,3,96.0,38.0,68.0,86.0,70.75,81.625,71.0
2024,13,Home Care,ITC,ITC_Home Care_product,71,9477.753281623976,2026.9739748997135,228.30769230769232,3,81.0,96.0,38.0,68.0,71.5,77.625,65.0
2024,14,Home Care,ITC,ITC_Home Care_product,65,7299.774683142463,1381.8700127274983,308.625,4,71.0,81.0,96.0,38.0,78.25,75.875,103.0
2024,15,Home Care,ITC,ITC_Home Care_product,103,16884.578102178748,3544.6329503405027,236.11764705882354,4,65.0,71.0,81.0,96.0,80.0,76.0,102.0
2024,16,Home Care,ITC,ITC_Home Care_product,102,13510.239159894321,2593.3821182491797,275.03125,4,103.0,65.0,71.0,81.0,85.25,78.0,71.0
2024,17,Home Care,ITC,ITC_Home Care_product,71,8530.350762955899,1693.8481281517086,270.2608695652174,4,102.0,103.0,65.0,71.0,85.25,78.375,123.0
2024,18,Home Care,ITC,ITC_Home Care_product,123,14717.6991780328,3079.5935694209397,286.5,5,71.0,102.0,103.0,65.0,99.75,89.0,114.0
2024,19,Home Care,ITC,ITC_Home Care_product,114,15120.307734166247,3239.5385943317137,273.5833333333333,5,123.0,71.0,102.0,103.0,102.5,91.25,54.0
2024,20,Home Care,ITC,ITC_Home Care_product,54,5758.90820963636,1014.1782615991439,238.42105263157896,5,114.0,123.0,71.0,102.0,90.5,87.875,68.0
2024,21,Home Care,ITC,ITC_Home Care_product,68,8130.960397040023,1639.801250031064,332.625,5,54.0,114.0,123.0,71.0,89.75,87.5,63.0
2024,22,Home Care,ITC,ITC_Home Care_product,63,7450.417001068747,1529.6872591354904,269.40909090909093,5,68.0,54.0,114.0,123.0,74.75,87.25,101.0
2024,23,Home Care,ITC,ITC_Home Care_product,101,10986.271273688608,2090.034215917566,240.72727272727272,6,63.0,68.0,54.0,114.0,71.5,87.0,115.0
2024,24,Home Care,ITC,ITC_Home Care_product,115,18753.08842494458,3516.635475183384,241.0,6,101.0,63.0,68.0,54.0,86.75,88.625,103.0
2024,25,Home Care,ITC,ITC_Home Care_product,103,14016.06293109284,2811.933951920983,255.8,6,115.0,101.0,63.0,68.0,95.5,92.625,119.0
2024,26,Home Care,ITC,ITC_Home Care_product,119,16299.531782105434,3364.910591343222,258.44117647058823,6,103.0,115.0,101.0,63.0,109.5,92.125,97.0
2024,27,Home Care,ITC,ITC_Home Care_product,97,12327.151834757236,2578.087521527507,317.8709677419355,7,119.0,103.0,115.0,101.0,108.5,90.0,120.0
2024,28,Home Care,ITC,ITC_Home Care_product,120,15259.27830535768,2424.7914379551553,242.45945945945945,7,97.0,119.0,103.0,115.0,109.75,98.25,89.0
2024,29,Home Care,ITC,ITC_Home Care_product,89,10900.87648993128,2053.00161798444,246.85714285714286,7,120.0,97.0,119.0,103.0,106.25,100.875,110.0
2024,30,Home Care,ITC,ITC_Home Care_product,110,13821.432409156103,2734.788055604692,273.8421052631579,7,89.0,120.0,97.0,119.0,104.0,106.75,88.0
2024,31,Home Care,ITC,ITC_Home Care_product,88,13313.533223298153,2416.4418461839136,239.57692307692307,8,110.0,89.0,120.0,97.0,101.75,105.125,87.0
2024,32,Home Care,ITC,ITC_Home Care_product,87,12474.845190575395,2532.5671148655338,293.5483870967742,8,88.0,110.0,89.0,120.0,93.5,101.625,70.0
2024,33,Home Care,ITC,ITC_Home Care_product,70,9759.754457754363,2056.4874473059976,293.125,8,87.0,88.0,110.0,89.0,88.75,97.5,64.0
2024,34,Home Care,ITC,ITC_Home Care_product,64,5408.350835198332,817.4268651300821,229.57894736842104,8,70.0,87.0,88.0,110.0,77.25,90.625,137.0
2024,35,Home Care,ITC,ITC_Home Care_product,137,17170.96557319942,3418.3942504452393,283.29545454545456,9,64.0,70.0,87.0,88.0,89.5,95.625,89.0
2024,36,Home Care,ITC,ITC_Home Care_product,89,10839.468972697141,1909.5413434224263,284.4516129032258,9,137.0,64.0,70.0,87.0,90.0,91.75,86.0
2024,37,Home Care,ITC,ITC_Home Care_product,86,10505.341423466944,1997.7021101062005,275.6551724137931,9,89.0,137.0,64.0,70.0,94.0,91.375,68.0
2024,38,Home Care,ITC,ITC_Home Care_product,68,9583.300801074445,1705.9673658931233,301.69565217391306,9,86.0,89.0,137.0,64.0,95.0,86.125,111.0
2024,39,Home Care,ITC,ITC_Home Care_product,111,15476.970255139642,3531.6509068464215,285.25,9,68.0,86.0,89.0,137.0,88.5,89.0,102.0
2024,40,Home Care,ITC,ITC_Home Care_product,102,13472.126379116367,2818.3910504313158,275.2121212121212,10,111.0,68.0,86.0,89.0,91.75,90.875,107.0
2024,41,Home Care,ITC,ITC_Home Care_product,107,13194.953994456504,2373.9993848008585,208.2941176470588,10,102.0,111.0,68.0,86.0,97.0,95.5,100.0
2024,42,Home Care,ITC,ITC_Home Care_product,100,11983.314563358846,2203.8079397147512,289.6774193548387,10,107.0,102.0,111.0,68.0,105.0,100.0,68.0
2024,43,Home Care,ITC,ITC_Home Care_product,68,8523.515086895724,1625.7742542328544,284.53846153846155,10,100.0,107.0,102.0,111.0,94.25,91.375,84.0
2024,44,Home Care,ITC,ITC_Home Care_product,84,9817.77853285792,2126.134514714711,277.0,11,68.0,100.0,107.0,102.0,89.75,90.75,103.0
2024,45,Home Care,ITC,ITC_Home Care_product,103,14391.763250197218,2873.281133440929,260.03225806451616,11,84.0,68.0,100.0,107.0,88.75,92.875,135.0
2024,46,Home Care,ITC,ITC_Home Care_product,135,19760.682711998772,4543.599848283562,268.8863636363636,11,103.0,84.0,68.0,100.0,97.5,101.25,89.0
2024,47,Home Care,ITC,ITC_Home Care_product,89,13342.82374027093,2608.2764457707576,267.42857142857144,11,135.0,103.0,84.0,68.0,102.75,98.5,76.0
2024,48,Home Care,ITC,ITC_Home Care_product,76,10905.364017529513,2364.8423721082113,259.07142857142856,11,89.0,135.0,103.0,84.0,100.75,95.25,95.0
2024,49,Home Care,ITC,ITC_Home Care_product,95,10997.531644485227,2248.3336932880816,250.63333333333333,12,76.0,89.0,135.0,103.0,98.75,93.75,81.0
2024,50,Home Care,ITC,ITC_Home Care_product,81,10046.663629065783,2022.5258516281767,283.18518518518516,12,95.0,76.0,89.0,135.0,85.25,91.375,91.0
2024,51,Home Care,ITC,ITC_Home Care_product,91,12643.304011384693,2680.982739617067,266.89285714285717,12,81.0,95.0,76.0,89.0,85.75,94.25,86.0
2024,8,Personal Care,ITC,ITC_Personal Care_product,116,15437.659203106025,3003.050168556855,263.94736842105266,2,78.0,78.0,85.0,74.0,89.25,87.75,80.0
2024,9,Personal Care,ITC,ITC_Personal Care_product,80,10530.841041501144,2189.526385394872,271.4,2,116.0,78.0,78.0,85.0,88.0,87.625,74.0
2024,10,Personal Care,ITC,ITC_Personal Care_product,74,10464.561737760128,2170.4982258168907,284.2083333333333,3,80.0,116.0,78.0,78.0,87.0,82.375,62.0
2024,11,Personal Care,ITC,ITC_Personal Care_product,62,8276.981097575817,1536.0537103662305,289.35,3,74.0,80.0,116.0,78.0,83.0,80.875,81.0
2024,12,Personal Care,ITC,ITC_Personal Care_product,81,10148.69922912374,1744.9045850760067,278.2083333333333,3,62.0,74.0,80.0,116.0,74.25,81.75,105.0
2024,13,Personal Care,ITC,ITC_Personal Care_product,105,14769.858243232675,2906.575107549853,279.42857142857144,3,81.0,62.0,74.0,80.0,80.5,84.25,81.0
2024,14,Personal Care,ITC,ITC_Personal Care_product,81,11775.297333470995,2310.540691894062,293.037037037037,4,105.0,81.0,62.0,74.0,82.25,84.625,79.0
2024,15,Personal Care,ITC,ITC_Personal Care_product,79,10339.526210160602,1998.850347291656,282.44827586206895,4,81.0,105.0,81.0,62.0,86.5,84.75,74.0
2024,16,Personal Care,ITC,ITC_Personal Care_product,74,9103.98491170742,1972.8716491391042,294.3703703703704,4,79.0,81.0,105.0,81.0,84.75,79.5,72.0
2024,17,Personal Care,ITC,ITC_Personal Care_product,72,10991.788786655776,2310.73558722911,288.9166666666667,4,74.0,79.0,81.0,105.0,76.5,78.5,52.0
2024,18,Personal Care,ITC,ITC_Personal Care_product,52,7020.175197594122,1425.8810931288924,316.38461538461536,5,72.0,74.0,79.0,81.0,69.25,75.75,79.0
2024,19,Personal Care,ITC,ITC_Personal Care_product,79,12139.331278145832,2664.497509634103,239.4,5,52.0,72.0,74.0,79.0,69.25,77.875,100.0
2024,20,Personal Care,ITC,ITC_Personal Care_product,100,14987.248485145028,3131.581436503774,363.83870967741933,5,79.0,52.0,72.0,74.0,75.75,80.25,77.0
2024,21,Personal Care,ITC,ITC_Personal Care_product,77,12356.768432042323,2541.4121765751906,235.1,5,100.0,79.0,52.0,72.0,77.0,76.75,69.0
2024,22,Personal Care,ITC,ITC_Personal Care_product,69,8637.715659836744,1620.5605263046718,266.3448275862069,5,77.0,100.0,79.0,52.0,81.25,75.25,120.0
2024,23,Personal Care,ITC,ITC_Personal Care_product,120,19815.494822468103,4607.912015753817,267.2368421052632,6,69.0,77.0,100.0,79.0,91.5,80.375,102.0
2024,24,Personal Care,ITC,ITC_Personal Care_product,102,10326.52418356565,1979.96760886396,286.03225806451616,6,120.0,69.0,77.0,100.0,92.0,83.875,124.0
2024,25,Personal Care,ITC,ITC_Personal Care_product,124,16984.88689487685,3639.7768550070996,272.75555555555553,6,102.0,120.0,69.0,77.0,103.75,90.375,92.0
2024,26,Personal Care,ITC,ITC_Personal Care_product,92,14339.991162656512,2968.236995918985,286.48387096774195,6,124.0,102.0,120.0,69.0,109.5,95.375,142.0
2024,27,Personal Care,ITC,ITC_Personal Care_product,142,21199.894332535405,4088.985206214351,265.1190476190476,7,92.0,124.0,102.0,120.0,115.0,103.25,90.0
2024,28,Personal Care,ITC,ITC_Personal Care_product,90,11170.588633758229,2103.824281470424,266.38709677419354,7,142.0,92.0,124.0,102.0,112.0,102.0,83.0
2024,29,Personal Care,ITC,ITC_Personal Care_product,83,10293.736062348045,1931.6904104107275,309.2903225806452,7,90.0,142.0,92.0,124.0,101.75,102.75,108.0
2024,30,Personal Care,ITC,ITC_Personal Care_product,108,14247.792052686744,2999.033415472701,270.20588235294116,7,83.0,90.0,142.0,92.0,105.75,107.625,55.0
2024,31,Personal Care,ITC,ITC_Personal Care_product,55,7431.13677917674,1779.9900397581123,279.0,7,108.0,83.0,90.0,142.0,84.0,99.5,79.0
2024,32,Personal Care,ITC,ITC_Personal Care_product,79,8815.80651044963,1653.3576464336152,285.37931034482756,8,55.0,108.0,83.0,90.0,81.25,96.625,77.0
2024,33,Personal Care,ITC,ITC_Personal Care_product,77,9339.37117927487,1794.2202755615401,252.03225806451613,8,79.0,55.0,108.0,83.0,79.75,90.75,86.0
2024,34,Personal Care,ITC,ITC_Personal Care_product,86,11235.907429693547,2307.03637278099,280.06060606060606,8,77.0,79.0,55.0,108.0,74.25,90.0,74.0
2024,35,Personal Care,ITC,ITC_Personal Care_product,74,10337.128979418208,2162.1538387937076,283.7096774193548,8,86.0,77.0,79.0,55.0,79.0,81.5,102.0
2024,36,Personal Care,ITC,ITC_Personal Care_product,102,16322.664335381842,3191.5279908726734,286.8333333333333,9,74.0,86.0,77.0,79.0,84.75,83.0,81.0
2024,37,Personal Care,ITC,ITC_Personal Care_product,81,12066.700808603666,2687.6023615368485,273.61290322580646,9,102.0,74.0,86.0,77.0,85.75,82.75,61.0
2024,38,Personal Care,ITC,ITC_Personal Care_product,61,7285.066759377606,1569.2053159881077,277.7142857142857,9,81.0,102.0,74.0,86.0,79.5,76.875,58.0
2024,39,Personal Care,ITC,ITC_Personal Care_product,58,8227.964824358252,1716.4684797872783,266.0869565217391,9,61.0,81.0,102.0,74.0,75.5,77.25,68.0
2024,40,Personal Care,ITC,ITC_Personal Care_product,68,9753.956492289151,2157.2762936913996,339.5,9,58.0,61.0,81.0,102.0,67.0,75.875,80.0
2024,41,Personal Care,ITC,ITC_Personal Care_product,80,10635.686149368808,2098.805856676207,261.84375,10,68.0,58.0,61.0,81.0,66.75,76.25,112.0
2024,42,Personal Care,ITC,ITC_Personal Care_product,112,16490.05906293319,3560.7463752857207,266.0263157894737,10,80.0,68.0,58.0,61.0,79.5,79.5,94.0
2024,43,Personal Care,ITC,ITC_Personal Care_product,94,11832.026048881928,2426.1375561123914,306.38709677419354,10,112.0,80.0,68.0,58.0,88.5,82.0,108.0
2024,44,Personal Care,ITC,ITC_Personal Care_product,108,13708.334762401215,2705.037622980926,321.6060606060606,10,94.0,112.0,80.0,68.0,98.5,82.75,87.0
2024,45,Personal Care,ITC,ITC_Personal Care_product,87,10772.562197469686,2247.8989227494344,277.6,11,108.0,94.0,112.0,80.0,100.25,83.5,102.0
2024,46,Personal Care,ITC,ITC_Personal Care_product,102,16379.93112593731,3282.3853028806648,317.55882352941177,11,87.0,108.0,94.0,112.0,97.75,88.625,112.0
2024,47,Personal Care,ITC,ITC_Personal Care_product,112,15625.887197379861,3135.618283562558,270.875,11,102.0,87.0,108.0,94.0,102.25,95.375,84.0
2024,48,Personal Care,ITC,ITC_Personal Care_product,84,8535.798997901868,1941.4362837838141,328.38461538461536,11,112.0,102.0,87.0,108.0,96.25,97.375,105.0
2024,49,Personal Care,ITC,ITC_Personal Care_product,105,10500.373872857506,1991.5444642340024,287.875,12,84.0,112.0,102.0,87.0,100.75,100.5,75.0
2024,50,Personal Care,ITC,ITC_Personal Care_product,75,9708.35210531104,1819.9904847801577,323.11538461538464,12,105.0,84.0,112.0,102.0,94.0,95.875,92.0
2024,51,Personal Care,ITC,ITC_Personal Care_product,92,12915.65571088159,2369.966164713526,307.0882352941176,12,75.0,105.0,84.0,112.0,89.0,95.625,84.0
2024,8,Snacks,ITC,ITC_Snacks_product,72,8663.764250579567,1668.5489495155837,254.25806451612902,2,65.0,106.0,107.0,96.0,87.5,97.125,139.0
2024,9,Snacks,ITC,ITC_Snacks_product,139,17000.047179210236,3217.3616763107584,252.54761904761904,3,72.0,65.0,106.0,107.0,95.5,99.0,97.0
2024,10,Snacks,ITC,ITC_Snacks_product,97,11671.712478231422,2327.969719515531,249.26666666666668,3,139.0,72.0,65.0,106.0,93.25,97.25,76.0
2024,11,Snacks,ITC,ITC_Snacks_product,76,9026.131477463061,1442.0455784661467,226.0,3,97.0,139.0,72.0,65.0,96.0,94.75,132.0
2024,12,Snacks,ITC,ITC_Snacks_product,132,18126.46990717767,3990.468921643331,283.725,3,76.0,97.0,139.0,72.0,111.0,99.25,76.0
2024,13,Snacks,ITC,ITC_Snacks_product,76,8831.19900627752,1927.3560836946538,238.41379310344828,3,132.0,76.0,97.0,139.0,95.25,95.375,141.0
2024,14,Snacks,ITC,ITC_Snacks_product,141,16055.091540722831,3280.907926116455,268.3333333333333,4,76.0,132.0,76.0,97.0,106.25,99.75,88.0
2024,15,Snacks,ITC,ITC_Snacks_product,88,11745.80815080434,2272.427224338055,260.0357142857143,4,141.0,76.0,132.0,76.0,109.25,102.625,62.0
2024,16,Snacks,ITC,ITC_Snacks_product,62,8990.00824739473,1974.900604763055,301.9,4,88.0,141.0,76.0,132.0,91.75,101.375,111.0
2024,17,Snacks,ITC,ITC_Snacks_product,111,10970.987880268347,2025.3684131873167,249.57575757575756,4,62.0,88.0,141.0,76.0,100.5,97.875,86.0
2024,18,Snacks,ITC,ITC_Snacks_product,86,12334.082672452387,2756.2319948909467,261.38461538461536,5,111.0,62.0,88.0,141.0,86.75,96.5,92.0
2024,19,Snacks,ITC,ITC_Snacks_product,92,13006.35320827313,2391.01646976436,243.1818181818182,5,86.0,111.0,62.0,88.0,87.75,98.5,86.0
2024,20,Snacks,ITC,ITC_Snacks_product,86,11091.66425035307,2345.038645500377,227.75,5,92.0,86.0,111.0,62.0,93.75,92.75,105.0
2024,21,Snacks,ITC,ITC_Snacks_product,105,12715.046315415988,2487.380976991487,283.42857142857144,5,86.0,92.0,86.0,111.0,92.25,96.375,101.0
2024,22,Snacks,ITC,ITC_Snacks_product,101,14386.253798108526,3242.2638576821482,282.74285714285713,5,105.0,86.0,92.0,86.0,96.0,91.375,84.0
2024,23,Snacks,ITC,ITC_Snacks_product,84,10455.578207158333,2262.782031184751,275.25,6,101.0,105.0,86.0,92.0,94.0,90.875,75.0
2024,24,Snacks,ITC,ITC_Snacks_product,75,10187.845792347396,1862.8028592008454,307.56,6,84.0,101.0,105.0,86.0,91.25,92.5,97.0
2024,25,Snacks,ITC,ITC_Snacks_product,97,15301.837065867872,3383.728631670298,255.0,6,75.0,84.0,101.0,105.0,89.25,90.75,75.0
2024,26,Snacks,ITC,ITC_Snacks_product,75,9320.465851921988,2215.9446339865103,291.48,6,97.0,75.0,84.0,101.0,82.75,89.375,69.0
2024,27,Snacks,ITC,ITC_Snacks_product,69,10498.403127426205,2275.6042252711572,220.7391304347826,7,75.0,97.0,75.0,84.0,79.0,86.5,71.0
2024,28,Snacks,ITC,ITC_Snacks_product,71,8395.381532099045,1758.3712146181867,317.95652173913044,7,69.0,75.0,97.0,75.0,78.0,84.625,84.0
2024,29,Snacks,ITC,ITC_Snacks_product,84,11163.433094596401,2222.3903972001376,302.26666666666665,7,71.0,69.0,75.0,97.0,74.75,82.0,108.0
2024,30,Snacks,ITC,ITC_Snacks_product,108,14717.356987174071,3260.845545087709,246.31034482758622,7,84.0,71.0,69.0,75.0,83.0,82.875,86.0
2024,31,Snacks,ITC,ITC_Snacks_product,86,11661.936771010956,2553.0533283210725,277.7241379310345,7,108.0,84.0,71.0,69.0,87.25,83.125,115.0
2024,32,Snacks,ITC,ITC_Snacks_product,115,14677.803581281065,2830.919098660037,305.9142857142857,8,86.0,108.0,84.0,71.0,98.25,88.125,99.0
2024,33,Snacks,ITC,ITC_Snacks_product,99,11547.966379452964,2182.703481738483,261.3888888888889,8,115.0,86.0,108.0,84.0,102.0,88.375,125.0
2024,34,Snacks,ITC,ITC_Snacks_product,125,17030.287606968803,3673.1557665408673,262.7560975609756,8,99.0,115.0,86.0,108.0,106.25,94.625,100.0
2024,35,Snacks,ITC,ITC_Snacks_product,100,14344.651935526723,3023.7789369703946,238.26666666666668,8,125.0,99.0,115.0,86.0,109.75,98.5,104.0
2024,36,Snacks,ITC,ITC_Snacks_product,104,13768.786706409934,2657.53896333352,297.21875,9,100.0,125.0,99.0,115.0,107.0,102.625,89.0
2024,37,Snacks,ITC,ITC_Snacks_product,89,9909.793171729583,1794.684184645306,281.8709677419355,9,104.0,100.0,125.0,99.0,104.5,103.25,108.0
2024,38,Snacks,ITC,ITC_Snacks_product,108,14831.570894407758,2716.5984719001444,263.95238095238096,9,89.0,104.0,100.0,125.0,100.25,103.25,68.0
2024,39,Snacks,ITC,ITC_Snacks_product,68,8021.553778626596,1706.6907265794318,303.54545454545456,9,108.0,89.0,104.0,100.0,92.25,101.0,66.0
2024,40,Snacks,ITC,ITC_Snacks_product,66,6500.554273874008,1053.1031267734284,327.4,10,68.0,108.0,89.0,104.0,82.75,94.875,74.0
2024,41,Snacks,ITC,ITC_Snacks_product,74,8902.155931422461,1993.81379339049,246.5,10,66.0,68.0,108.0,89.0,79.0,91.75,147.0
2024,42,Snacks,ITC,ITC_Snacks_product,147,18424.481499454418,3348.3616730733934,274.95238095238096,10,74.0,66.0,68.0,108.0,88.75,94.5,90.0
2024,43,Snacks,ITC,ITC_Snacks_product,90,12708.664553411112,2412.6679846840575,266.46875,10,147.0,74.0,66.0,68.0,94.25,93.25,84.0
2024,44,Snacks,ITC,ITC_Snacks_product,84,10602.792897783844,2376.7797022529867,235.65625,11,90.0,147.0,74.0,66.0,98.75,90.75,145.0
2024,45,Snacks,ITC,ITC_Snacks_product,145,19173.78905231289,3562.337102397688,266.97777777777776,11,84.0,90.0,147.0,74.0,116.5,97.75,176.0
2024,46,Snacks,ITC,ITC_Snacks_product,176,27362.713786169836,5146.046716630206,259.4313725490196,11,145.0,84.0,90.0,147.0,123.75,106.25,90.0
2024,47,Snacks,ITC,ITC_Snacks_product,90,10068.635648030868,1859.6468394135159,284.1111111111111,11,176.0,145.0,84.0,90.0,123.75,109.0,100.0
2024,48,Snacks,ITC,ITC_Snacks_product,100,14328.920948950368,2966.308294301718,245.75,11,90.0,176.0,145.0,84.0,127.75,113.25,66.0
2024,49,Snacks,ITC,ITC_Snacks_product,66,8321.655520907636,1660.1686319702721,259.24,12,100.0,90.0,176.0,145.0,108.0,112.25,93.0
2024,50,Snacks,ITC,ITC_Snacks_product,93,11224.669622806698,2360.0488451541187,317.5,12,66.0,100.0,90.0,176.0,87.25,105.5,98.0
2024,51,Snacks,ITC,ITC_Snacks_product,98,13446.671946285105,2583.2216406150037,242.02941176470588,12,93.0,66.0,100.0,90.0,89.25,106.5,116.0
2024,8,Vegetables,ITC,ITC_Vegetables_product,89,12757.380347950713,2502.7225191470507,271.258064516129,2,92.0,96.0,75.0,80.0,88.0,83.375,107.0
2024,9,Vegetables,ITC,ITC_Vegetables_product,107,15608.222815049081,3136.782017327219,288.8125,2,89.0,92.0,96.0,75.0,96.0,86.875,92.0
2024,10,Vegetables,ITC,ITC_Vegetables_product,92,11595.44496925274,2380.9025643612963,243.3030303030303,3,107.0,89.0,92.0,96.0,95.0,88.0,97.0
2024,11,Vegetables,ITC,ITC_Vegetables_product,97,10639.536361931705,2112.1673485020024,275.94117647058823,3,92.0,107.0,89.0,92.0,96.25,91.0,134.0
2024,12,Vegetables,ITC,ITC_Vegetables_product,134,17530.752988480253,3704.897157063535,248.1904761904762,3,97.0,92.0,107.0,89.0,107.5,97.75,79.0
2024,13,Vegetables,ITC,ITC_Vegetables_product,79,8327.728329940825,1582.768634507411,330.39285714285717,3,134.0,97.0,92.0,107.0,100.5,98.25,116.0
2024,14,Vegetables,ITC,ITC_Vegetables_product,116,12600.385897715503,2605.580832093817,280.1463414634146,4,79.0,134.0,97.0,92.0,106.5,100.75,106.0
2024,15,Vegetables,ITC,ITC_Vegetables_product,106,12458.713142095803,2153.570307784119,248.5151515151515,4,116.0,79.0,134.0,97.0,108.75,102.5,102.0
2024,16,Vegetables,ITC,ITC_Vegetables_product,102,14989.297906186583,3017.629570577803,267.8421052631579,4,106.0,116.0,79.0,134.0,100.75,104.125,89.0
2024,17,Vegetables,ITC,ITC_Vegetables_product,89,13260.358576482184,2746.353899021275,254.4516129032258,4,102.0,106.0,116.0,79.0,103.25,101.875,94.0
2024,18,Vegetables,ITC,ITC_Vegetables_product,94,15274.957427443713,2985.0729598439334,291.96875,5,89.0,102.0,106.0,116.0,97.75,102.125,90.0
2024,19,Vegetables,ITC,ITC_Vegetables_product,90,11393.270346884496,1938.301590318928,318.48275862068965,5,94.0,89.0,102.0,106.0,93.75,101.25,64.0
2024,20,Vegetables,ITC,ITC_Vegetables_product,64,8695.12071535508,1605.786834399549,256.6666666666667,5,90.0,94.0,89.0,102.0,84.25,92.5,58.0
2024,21,Vegetables,ITC,ITC_Vegetables_product,58,9305.781589683544,2215.802158993463,304.8888888888889,5,64.0,90.0,94.0,89.0,76.5,89.875,111.0
2024,22,Vegetables,ITC,ITC_Vegetables_product,111,11563.090786304865,2031.4566454808803,250.42857142857142,5,58.0,64.0,90.0,94.0,80.75,89.25,107.0
2024,23,Vegetables,ITC,ITC_Vegetables_product,107,16756.69065397107,3548.9334965430085,301.88235294117646,6,111.0,58.0,64.0,90.0,85.0,89.375,98.0
2024,24,Vegetables,ITC,ITC_Vegetables_product,98,11809.831715717366,2426.4276376291127,293.2857142857143,6,107.0,111.0,58.0,64.0,93.5,88.875,113.0
2024,25,Vegetables,ITC,ITC_Vegetables_product,113,16067.376563781936,3155.0348922483663,266.1842105263158,6,98.0,107.0,111.0,58.0,107.25,91.875,112.0
2024,26,Vegetables,ITC,ITC_Vegetables_product,112,16235.113066985614,3748.5261601467614,272.28125,6,113.0,98.0,107.0,111.0,107.5,94.125,98.0
2024,27,Vegetables,ITC,ITC_Vegetables_product,98,14962.084842357837,2838.541689828333,266.2121212121212,7,112.0,113.0,98.0,107.0,105.25,95.125,105.0
2024,28,Vegetables,ITC,ITC_Vegetables_product,105,13558.443511100586,2862.8549738001025,291.3157894736842,7,98.0,112.0,113.0,98.0,107.0,100.25,105.0
2024,29,Vegetables,ITC,ITC_Vegetables_product,105,12224.734992088768,2566.228471564583,293.60526315789474,7,105.0,98.0,112.0,113.0,105.0,106.125,102.0
2024,30,Vegetables,ITC,ITC_Vegetables_product,102,13331.323162019758,2419.4680538009816,293.06451612903226,7,105.0,105.0,98.0,112.0,102.5,105.0,106.0
2024,31,Vegetables,ITC,ITC_Vegetables_product,106,13148.532950356293,2517.288228589306,250.34375,8,102.0,105.0,105.0,98.0,104.5,104.875,95.0
2024,32,Vegetables,ITC,ITC_Vegetables_product,95,12876.196276296201,2699.2745957049156,247.19354838709677,8,106.0,102.0,105.0,105.0,102.0,104.5,72.0
2024,33,Vegetables,ITC,ITC_Vegetables_product,72,9992.789757470298,1986.542654731655,296.6666666666667,8,95.0,106.0,102.0,105.0,93.75,99.375,114.0
2024,34,Vegetables,ITC,ITC_Vegetables_product,114,16304.610968281238,3439.0123472663477,281.48571428571427,8,72.0,95.0,106.0,102.0,96.75,99.625,52.0
2024,35,Vegetables,ITC,ITC_Vegetables_product,52,8252.527782719468,1839.4198022031428,280.3333333333333,8,114.0,72.0,95.0,106.0,83.25,93.875,101.0
2024,36,Vegetables,ITC,ITC_Vegetables_product,101,14968.485550614185,2787.6825295810286,236.0625,9,52.0,114.0,72.0,95.0,84.75,93.375,103.0
2024,37,Vegetables,ITC,ITC_Vegetables_product,103,11002.612635187388,1825.8112733802095,277.40625,9,101.0,52.0,114.0,72.0,92.5,93.125,100.0
2024,38,Vegetables,ITC,ITC_Vegetables_product,100,12136.24901455466,2732.296274880395,265.741935483871,9,103.0,101.0,52.0,114.0,89.0,92.875,85.0
2024,39,Vegetables,ITC,ITC_Vegetables_product,85,11566.87136562689,2395.1641215688846,272.1818181818182,9,100.0,103.0,101.0,52.0,97.25,90.25,79.0
2024,40,Vegetables,ITC,ITC_Vegetables_product,79,10200.802526064555,2109.59352635276,287.84615384615387,10,85.0,100.0,103.0,101.0,91.75,88.25,97.0
2024,41,Vegetables,ITC,ITC_Vegetables_product,97,12443.011425712773,2184.6541656261275,254.54285714285714,10,79.0,85.0,100.0,103.0,90.25,91.375,109.0
2024,42,Vegetables,ITC,ITC_Vegetables_product,109,15984.27623655915,3481.292435791343,271.3888888888889,10,97.0,79.0,85.0,100.0,92.5,90.75,75.0
2024,43,Vegetables,ITC,ITC_Vegetables_product,75,10511.920165060143,2060.2306723549614,305.5,10,109.0,97.0,79.0,85.0,90.0,93.625,106.0
2024,44,Vegetables,ITC,ITC_Vegetables_product,106,13005.441105361417,2363.4961934435855,293.88235294117646,10,75.0,109.0,97.0,79.0,96.75,94.25,72.0
2024,45,Vegetables,ITC,ITC_Vegetables_product,72,8662.799687561652,1812.3613495895306,279.55555555555554,11,106.0,75.0,109.0,97.0,90.5,90.375,71.0
2024,46,Vegetables,ITC,ITC_Vegetables_product,71,8287.166628041445,1670.3721611143123,253.07692307692307,11,72.0,106.0,75.0,109.0,81.0,86.75,59.0
2024,47,Vegetables,ITC,ITC_Vegetables_product,59,7846.203112282434,1424.9363926619806,279.7894736842105,11,71.0,72.0,106.0,75.0,77.0,83.5,99.0
2024,48,Vegetables,ITC,ITC_Vegetables_product,99,12837.799268420811,2725.516731545534,263.21875,11,59.0,71.0,72.0,106.0,75.25,86.0,98.0
2024,49,Vegetables,ITC,ITC_Vegetables_product,98,13076.133767966377,2351.721194283293,246.46875,12,99.0,59.0,71.0,72.0,81.75,86.125,63.0
2024,50,Vegetables,ITC,ITC_Vegetables_product,63,6809.91574764215,1301.8239314437835,262.39130434782606,12,98.0,99.0,59.0,71.0,79.75,80.375,111.0
2024,51,Vegetables,ITC,ITC_Vegetables_product,111,12625.18505045058,2250.6796962879794,244.03125,12,63.0,98.0,99.0,59.0,92.75,84.875,109.0
2024,8,Snacks,PepsiCo,Kurkure Masala,38,4738.809946258104,918.4648634512229,260.27272727272725,2,20.0,20.0,12.0,26.0,22.5,23.125,25.0
2024,9,Snacks,PepsiCo,Kurkure Masala,25,4372.799848931076,1060.0823181878918,305.75,2,38.0,20.0,20.0,12.0,25.75,22.875,30.0
2024,10,Snacks,PepsiCo,Kurkure Masala,30,3828.47932368128,912.2439019189726,244.83333333333334,3,25.0,38.0,20.0,20.0,28.25,23.375,43.0
2024,11,Snacks,PepsiCo,Kurkure Masala,43,5933.404035857892,987.8117817171774,291.9166666666667,3,30.0,25.0,38.0,20.0,34.0,26.75,13.0
2024,12,Snacks,PepsiCo,Kurkure Masala,13,1050.572597161873,213.01542166607481,298.6666666666667,3,43.0,30.0,25.0,38.0,27.75,25.125,14.0
2024,13,Snacks,PepsiCo,Kurkure Masala,14,1665.1235628697384,242.4358560247064,354.8,3,13.0,43.0,30.0,25.0,25.0,25.375,14.0
2024,14,Snacks,PepsiCo,Kurkure Masala,14,1717.8488278443801,157.22728329414502,364.4,4,14.0,13.0,43.0,30.0,21.0,24.625,26.0
2024,15,Snacks,PepsiCo,Kurkure Masala,26,3405.4682360292577,463.2616761716531,307.8888888888889,4,14.0,14.0,13.0,43.0,16.75,25.375,21.0
2024,16,Snacks,PepsiCo,Kurkure Masala,21,3123.0887930851295,738.9052531312843,198.85714285714286,4,26.0,14.0,14.0,13.0,18.75,23.25,16.0
2024,17,Snacks,PepsiCo,Kurkure Masala,16,2092.360131054355,412.15444938404545,325.8333333333333,4,21.0,26.0,14.0,14.0,19.25,22.125,19.0
2024,18,Snacks,PepsiCo,Kurkure Masala,19,2348.9577339727666,459.7356834817422,313.0,5,16.0,21.0,26.0,14.0,20.5,20.75,15.0
2024,19,Snacks,PepsiCo,Kurkure Masala,15,2035.3189417642493,442.0759529700538,250.8,5,19.0,16.0,21.0,26.0,17.75,17.25,25.0
2024,20,Snacks,PepsiCo,Kurkure Masala,25,3472.094853548063,766.1029398715858,267.625,5,15.0,19.0,16.0,21.0,18.75,18.75,23.0
2024,21,Snacks,PepsiCo,Kurkure Masala,23,2908.600412832415,420.09254515690844,264.75,5,25.0,15.0,19.0,16.0,20.5,19.875,18.0
2024,22,Snacks,PepsiCo,Kurkure Masala,18,2565.7820730540534,240.09804814914514,251.0,5,23.0,25.0,15.0,19.0,20.25,20.375,24.0
2024,23,Snacks,PepsiCo,Kurkure Masala,24,1925.1710033513773,340.67693051881855,202.0,6,18.0,23.0,25.0,15.0,22.5,20.125,21.0
2024,24,Snacks,PepsiCo,Kurkure Masala,21,2860.308631021573,655.7507215115991,313.0,6,24.0,18.0,23.0,25.0,21.5,20.125,18.0
2024,25,Snacks,PepsiCo,Kurkure Masala,18,2420.773852151326,309.95007294377757,229.57142857142858,6,21.0,24.0,18.0,23.0,20.25,20.375,2.0
2024,26,Snacks,PepsiCo,Kurkure Masala,2,306.0174222548974,66.69837235703947,110.5,6,18.0,21.0,24.0,18.0,16.25,18.25,13.0
2024,27,Snacks,PepsiCo,Kurkure Masala,13,1874.227337227191,361.2658528838135,287.4,7,2.0,18.0,21.0,24.0,13.5,18.0,29.0
2024,28,Snacks,PepsiCo,Kurkure Masala,29,2456.2619353526657,516.3693709608553,252.0,7,13.0,2.0,18.0,21.0,15.5,18.5,38.0
2024,29,Snacks,PepsiCo,Kurkure Masala,38,5575.629617230611,1052.1787539060663,266.61538461538464,7,29.0,13.0,2.0,18.0,20.5,20.375,15.0
2024,30,Snacks,PepsiCo,Kurkure Masala,15,2118.8365955714935,534.9507939450917,309.25,7,38.0,29.0,13.0,2.0,23.75,20.0,17.0
2024,31,Snacks,PepsiCo,Kurkure Masala,17,2147.76872221373,504.2777710314468,333.1666666666667,7,15.0,38.0,29.0,13.0,24.75,19.125,11.0
2024,32,Snacks,PepsiCo,Kurkure Masala,11,1452.5848423918064,249.20776242600053,177.5,8,17.0,15.0,38.0,29.0,20.25,17.875,51.0
2024,33,Snacks,PepsiCo,Kurkure Masala,51,6394.250782970462,1227.9195655641088,307.4,8,11.0,17.0,15.0,38.0,23.5,22.0,17.0
2024,34,Snacks,PepsiCo,Kurkure Masala,17,2515.014867216055,603.4191068265476,203.0,8,51.0,11.0,17.0,15.0,24.0,23.875,9.0
2024,35,Snacks,PepsiCo,Kurkure Masala,9,1477.1872617903387,291.1032431877386,198.25,8,17.0,51.0,11.0,17.0,22.0,23.375,28.0
2024,36,Snacks,PepsiCo,Kurkure Masala,28,3775.5109937154675,767.0786963815472,226.2,9,9.0,17.0,51.0,11.0,26.25,23.25,23.0
2024,37,Snacks,PepsiCo,Kurkure Masala,23,2017.620491081895,307.78651614708616,234.75,9,28.0,9.0,17.0,51.0,19.25,21.375,28.0
2024,38,Snacks,PepsiCo,Kurkure Masala,28,3267.7674536289633,769.8643697251824,319.55555555555554,9,23.0,28.0,9.0,17.0,22.0,23.0,16.0
2024,39,Snacks,PepsiCo,Kurkure Masala,16,2324.681512275059,493.05134255087535,253.8,9,28.0,23.0,28.0,9.0,23.75,22.875,35.0
2024,40,Snacks,PepsiCo,Kurkure Masala,35,4348.139524571493,908.9173938764374,285.8333333333333,10,16.0,28.0,23.0,28.0,25.5,25.875,26.0
2024,41,Snacks,PepsiCo,Kurkure Masala,26,3528.066578591294,707.0030427836459,271.75,10,35.0,16.0,28.0,23.0,26.25,22.75,23.0
2024,42,Snacks,PepsiCo,Kurkure Masala,23,3499.8583456634437,658.5851998340539,276.57142857142856,10,26.0,35.0,16.0,28.0,25.0,23.5,32.0
2024,43,Snacks,PepsiCo,Kurkure Masala,32,3924.257685770365,784.1940740247414,266.6666666666667,10,23.0,26.0,35.0,16.0,29.0,26.375,9.0
2024,44,Snacks,PepsiCo,Kurkure Masala,9,730.3661738549587,97.67808066553455,362.0,11,32.0,23.0,26.0,35.0,22.5,24.0,28.0
2024,45,Snacks,PepsiCo,Kurkure Masala,28,4177.404776375512,713.9889223247375,253.875,11,9.0,32.0,23.0,26.0,23.0,24.625,19.0
2024,46,Snacks,PepsiCo,Kurkure Masala,19,2711.9842458856347,613.0635506833078,332.7142857142857,11,28.0,9.0,32.0,23.0,22.0,23.5,28.0
2024,47,Snacks,PepsiCo,Kurkure Masala,28,4091.58981550716,838.9052134549247,231.11111111111111,11,19.0,28.0,9.0,32.0,21.0,25.0,19.0
2024,48,Snacks,PepsiCo,Kurkure Masala,19,2531.9241269623367,499.6587343254374,238.14285714285714,11,28.0,19.0,28.0,9.0,23.5,23.0,18.0
2024,49,Snacks,PepsiCo,Kurkure Masala,18,2749.057853017423,495.4854381456507,319.4,12,19.0,28.0,19.0,28.0,21.0,22.0,14.0
2024,50,Snacks,PepsiCo,Kurkure Masala,14,1884.099668120456,328.5695299366497,275.75,12,18.0,19.0,28.0,19.0,19.75,20.875,28.0
2024,51,Snacks,PepsiCo,Kurkure Masala,28,4409.000659705717,751.4210881480135,365.77777777777777,12,14.0,18.0,19.0,28.0,19.75,20.375,9.0
2024,8,Snacks,PepsiCo,Lays Classic,18,1456.9657215685397,395.12133702063903,246.2,2,34.0,17.0,32.0,20.0,25.25,23.875,24.0
2024,9,Snacks,PepsiCo,Lays Classic,24,2228.4884632958892,443.3471279334857,222.0,2,18.0,34.0,17.0,32.0,23.25,24.625,27.0
2024,10,Snacks,PepsiCo,Lays Classic,27,2978.6037402371576,520.7127789650846,278.0,3,24.0,18.0,34.0,17.0,25.75,23.125,22.0
2024,11,Snacks,PepsiCo,Lays Classic,22,2106.7464365696583,354.1641452939103,289.0,3,27.0,24.0,18.0,34.0,22.75,24.25,18.0
2024,12,Snacks,PepsiCo,Lays Classic,18,1955.830183223948,252.67732661898395,269.6666666666667,3,22.0,27.0,24.0,18.0,22.75,24.0,24.0
2024,13,Snacks,PepsiCo,Lays Classic,24,2628.3685770736147,394.27951855245,284.42857142857144,3,18.0,22.0,27.0,24.0,22.75,23.0,9.0
2024,14,Snacks,PepsiCo,Lays Classic,9,758.9467181151501,145.26650416148712,305.2,4,24.0,18.0,22.0,27.0,18.25,22.0,30.0
2024,15,Snacks,PepsiCo,Lays Classic,30,4040.4467490997204,861.0157248110038,255.875,4,9.0,24.0,18.0,22.0,20.25,21.5,24.0
2024,16,Snacks,PepsiCo,Lays Classic,24,3092.1005477275835,598.7545411402416,275.0,4,30.0,9.0,24.0,18.0,21.75,22.25,25.0
2024,17,Snacks,PepsiCo,Lays Classic,25,4483.243283128848,808.6991638958722,264.55555555555554,4,24.0,30.0,9.0,24.0,22.0,22.375,26.0
2024,18,Snacks,PepsiCo,Lays Classic,26,3576.222517807922,747.4848034754294,188.14285714285714,5,25.0,24.0,30.0,9.0,26.25,22.25,40.0
2024,19,Snacks,PepsiCo,Lays Classic,40,4094.024216329515,827.6908790990349,245.84615384615384,5,26.0,25.0,24.0,30.0,28.75,24.5,22.0
2024,20,Snacks,PepsiCo,Lays Classic,22,2378.823224004499,281.35017101207325,210.4,5,40.0,26.0,25.0,24.0,28.25,25.0,27.0
2024,21,Snacks,PepsiCo,Lays Classic,27,2723.5491483240694,601.3733655218482,266.7142857142857,5,22.0,40.0,26.0,25.0,28.75,25.375,25.0
2024,22,Snacks,PepsiCo,Lays Classic,25,2666.6962142673583,532.2099452415601,257.7142857142857,6,27.0,22.0,40.0,26.0,28.5,27.375,20.0
2024,23,Snacks,PepsiCo,Lays Classic,20,2547.1220364330698,398.43549304617824,284.55555555555554,6,25.0,27.0,22.0,40.0,23.5,26.125,25.0
2024,24,Snacks,PepsiCo,Lays Classic,25,2357.0828070635357,510.24092022118316,250.77777777777777,6,20.0,25.0,27.0,22.0,24.25,26.25,23.0
2024,25,Snacks,PepsiCo,Lays Classic,23,2947.4066323481393,549.1681617309116,305.8888888888889,6,25.0,20.0,25.0,27.0,23.25,26.0,15.0
2024,26,Snacks,PepsiCo,Lays Classic,15,1388.4147888403706,240.30853318488033,179.16666666666666,6,23.0,25.0,20.0,25.0,20.75,24.625,38.0
2024,27,Snacks,PepsiCo,Lays Classic,38,4761.430355391464,965.821301527564,217.23076923076923,7,15.0,23.0,25.0,20.0,25.25,24.375,19.0
2024,28,Snacks,PepsiCo,Lays Classic,19,2604.5421524192307,606.8333609971224,210.14285714285714,7,38.0,15.0,23.0,25.0,23.75,24.0,14.0
2024,29,Snacks,PepsiCo,Lays Classic,14,1465.8294172151577,277.360389634818,182.8,7,19.0,38.0,15.0,23.0,21.5,22.375,31.0
2024,30,Snacks,PepsiCo,Lays Classic,31,2494.8836092729643,494.82800323224,374.8,7,14.0,19.0,38.0,15.0,25.5,23.125,31.0
2024,31,Snacks,PepsiCo,Lays Classic,31,4687.9144113949515,721.2256046994191,203.5,8,31.0,14.0,19.0,38.0,23.75,24.5,28.0
2024,32,Snacks,PepsiCo,Lays Classic,28,4943.480843644436,1131.3511198079732,295.55555555555554,8,31.0,31.0,14.0,19.0,26.0,24.875,18.0
2024,33,Snacks,PepsiCo,Lays Classic,18,2361.5663865810675,528.0392538792813,250.8,8,28.0,31.0,31.0,14.0,27.0,24.25,9.0
2024,34,Snacks,PepsiCo,Lays Classic,9,1261.8876916798463,164.37751137171003,152.75,8,18.0,28.0,31.0,31.0,21.5,23.5,26.0
2024,35,Snacks,PepsiCo,Lays Classic,26,4213.479150742219,799.6411987959549,340.3333333333333,8,9.0,18.0,28.0,31.0,20.25,22.0,29.0
2024,36,Snacks,PepsiCo,Lays Classic,29,3769.025182889266,662.5862784322885,280.4,9,26.0,9.0,18.0,28.0,20.5,23.25,15.0
2024,37,Snacks,PepsiCo,Lays Classic,15,2115.807361146698,381.9314682486297,321.7142857142857,9,29.0,26.0,9.0,18.0,19.75,23.375,28.0
2024,38,Snacks,PepsiCo,Lays Classic,28,3722.503635690174,687.7709569282991,195.4,9,15.0,29.0,26.0,9.0,24.5,23.0,31.0
2024,39,Snacks,PepsiCo,Lays Classic,31,4786.6547077357445,1010.5885606546651,291.1111111111111,9,28.0,15.0,29.0,26.0,25.75,23.0,11.0
2024,40,Snacks,PepsiCo,Lays Classic,11,1738.2770898167241,320.7857211041772,290.0,10,31.0,28.0,15.0,29.0,21.25,20.875,15.0
2024,41,Snacks,PepsiCo,Lays Classic,15,1053.3299159718326,207.5914354200879,359.0,10,11.0,31.0,28.0,15.0,21.25,20.5,16.0
2024,42,Snacks,PepsiCo,Lays Classic,16,2463.6044529617097,430.68921437923393,296.42857142857144,10,15.0,11.0,31.0,28.0,18.25,21.375,11.0
2024,43,Snacks,PepsiCo,Lays Classic,11,1251.7453135154276,320.28766379952816,334.0,10,16.0,15.0,11.0,31.0,13.25,19.5,30.0
2024,44,Snacks,PepsiCo,Lays Classic,30,4851.491717096124,960.5382598704749,324.6666666666667,11,11.0,16.0,15.0,11.0,18.0,19.625,17.0
2024,45,Snacks,PepsiCo,Lays Classic,17,2718.0202022254994,501.1494529223843,331.57142857142856,11,30.0,11.0,16.0,15.0,18.5,19.875,17.0
2024,46,Snacks,PepsiCo,Lays Classic,17,1699.9657318943355,385.0485438234901,349.8,11,17.0,30.0,11.0,16.0,18.75,18.5,17.0
2024,47,Snacks,PepsiCo,Lays Classic,17,2873.0543213889337,723.2610248868505,332.5,11,17.0,17.0,30.0,11.0,20.25,16.75,24.0
2024,48,Snacks,PepsiCo,Lays Classic,24,3302.7377187374223,788.3062066250704,250.16666666666666,11,17.0,17.0,17.0,30.0,18.75,18.375,19.0
2024,49,Snacks,PepsiCo,Lays Classic,19,2149.391840920024,279.32845437047706,192.16666666666666,12,24.0,17.0,17.0,17.0,19.25,18.875,25.0
2024,50,Snacks,PepsiCo,Lays Classic,25,4275.065050511831,743.5346825012626,243.11111111111111,12,19.0,24.0,17.0,17.0,21.25,20.0,22.0
2024,51,Snacks,PepsiCo,Lays Classic,22,3943.477124536417,915.3006682291565,335.6666666666667,12,25.0,19.0,24.0,17.0,22.5,21.375,30.0
2024,8,Snacks,PepsiCo,Lays Magic Masala,39,5259.801297914119,949.6440519469248,303.5,2,42.0,49.0,42.0,25.0,43.0,34.625,24.0
2024,9,Snacks,PepsiCo,Lays Magic Masala,24,3231.8472235119298,480.0475867994734,302.3333333333333,3,39.0,42.0,49.0,42.0,38.5,34.125,24.0
2024,10,Snacks,PepsiCo,Lays Magic Masala,24,4072.232978768464,787.2751353285582,270.875,3,24.0,39.0,42.0,49.0,32.25,34.0,15.0
2024,11,Snacks,PepsiCo,Lays Magic Masala,15,1726.660941440845,349.4651455617561,302.8333333333333,3,24.0,24.0,39.0,42.0,25.5,32.5,26.0
2024,12,Snacks,PepsiCo,Lays Magic Masala,26,3333.7638845220467,613.1319036418682,315.22222222222223,3,15.0,24.0,24.0,39.0,22.25,32.625,23.0
2024,13,Snacks,PepsiCo,Lays Magic Masala,23,3392.6065034531584,703.2168515666185,192.28571428571428,3,26.0,15.0,24.0,24.0,22.0,30.25,12.0
2024,14,Snacks,PepsiCo,Lays Magic Masala,12,2167.165558569085,413.4066726871325,316.0,4,23.0,26.0,15.0,24.0,19.0,25.625,28.0
2024,15,Snacks,PepsiCo,Lays Magic Masala,28,3368.4023935826644,637.9158930629825,318.25,4,12.0,23.0,26.0,15.0,22.25,23.875,21.0
2024,16,Snacks,PepsiCo,Lays Magic Masala,21,2976.4728297417655,619.3263574972445,280.5,4,28.0,12.0,23.0,26.0,21.0,21.625,19.0
2024,17,Snacks,PepsiCo,Lays Magic Masala,19,3155.6338351630748,581.4140515302333,230.44444444444446,4,21.0,28.0,12.0,23.0,20.0,21.0,18.0
2024,18,Snacks,PepsiCo,Lays Magic Masala,18,2700.4928020333473,601.1276936756814,220.71428571428572,5,19.0,21.0,28.0,12.0,21.5,20.25,25.0
2024,19,Snacks,PepsiCo,Lays Magic Masala,25,3133.216573076656,726.8589496868377,296.0,5,18.0,19.0,21.0,28.0,20.75,21.5,24.0
2024,20,Snacks,PepsiCo,Lays Magic Masala,24,1585.1885234318659,308.01431640753617,287.44444444444446,5,25.0,18.0,19.0,21.0,21.5,21.25,24.0
2024,21,Snacks,PepsiCo,Lays Magic Masala,24,2990.1851630425185,538.3674912743224,396.42857142857144,5,24.0,25.0,18.0,19.0,22.75,21.375,24.0
2024,22,Snacks,PepsiCo,Lays Magic Masala,24,4596.701563373132,619.3450941695395,213.33333333333334,5,24.0,24.0,25.0,18.0,24.25,22.875,13.0
2024,23,Snacks,PepsiCo,Lays Magic Masala,13,2808.3246375836115,552.6532854400361,399.0,6,24.0,24.0,24.0,25.0,21.25,21.0,20.0
2024,24,Snacks,PepsiCo,Lays Magic Masala,20,2700.351086011176,512.2482346960559,339.77777777777777,6,13.0,24.0,24.0,24.0,20.25,20.875,15.0
2024,25,Snacks,PepsiCo,Lays Magic Masala,15,2097.1105659137834,384.7684911091456,223.66666666666666,6,20.0,13.0,24.0,24.0,18.0,20.375,21.0
2024,26,Snacks,PepsiCo,Lays Magic Masala,21,3579.417784815093,858.184712531797,276.85714285714283,6,15.0,20.0,13.0,24.0,17.25,20.75,22.0
2024,27,Snacks,PepsiCo,Lays Magic Masala,22,2544.3428059436646,594.3176430983534,265.875,7,21.0,15.0,20.0,13.0,19.5,20.375,23.0
2024,28,Snacks,PepsiCo,Lays Magic Masala,23,2221.0689714178247,296.4024712772032,199.83333333333334,7,22.0,21.0,15.0,20.0,20.25,20.25,30.0
2024,29,Snacks,PepsiCo,Lays Magic Masala,30,4166.9760909293045,975.9893643650411,264.5,7,23.0,22.0,21.0,15.0,24.0,21.0,14.0
2024,30,Snacks,PepsiCo,Lays Magic Masala,14,2264.192458695043,464.1229863591675,264.1666666666667,7,30.0,23.0,22.0,21.0,22.25,19.75,21.0
2024,31,Snacks,PepsiCo,Lays Magic Masala,21,2165.2531320692647,414.88215701843427,332.0,8,14.0,30.0,23.0,22.0,22.0,20.75,35.0
2024,32,Snacks,PepsiCo,Lays Magic Masala,35,3924.622150967906,767.9611646980024,244.4,8,21.0,14.0,30.0,23.0,25.0,22.625,23.0
2024,33,Snacks,PepsiCo,Lays Magic Masala,23,4241.747436606467,755.211355623277,314.375,8,35.0,21.0,14.0,30.0,23.25,23.625,17.0
2024,34,Snacks,PepsiCo,Lays Magic Masala,17,3446.9923140533765,763.1731781735449,276.2857142857143,8,23.0,35.0,21.0,14.0,24.0,23.125,23.0
2024,35,Snacks,PepsiCo,Lays Magic Masala,23,3062.836865467717,719.4436662092116,265.875,8,17.0,23.0,35.0,21.0,24.5,23.25,25.0
2024,36,Snacks,PepsiCo,Lays Magic Masala,25,2910.044142046447,537.1029144847437,321.125,9,23.0,17.0,23.0,35.0,22.0,23.5,17.0
2024,37,Snacks,PepsiCo,Lays Magic Masala,17,2428.343245590905,471.7257129773461,365.0,9,25.0,23.0,17.0,23.0,20.5,21.875,34.0
2024,38,Snacks,PepsiCo,Lays Magic Masala,34,6242.00115734674,1008.6821730402695,218.0,9,17.0,25.0,23.0,17.0,24.75,24.375,28.0
2024,39,Snacks,PepsiCo,Lays Magic Masala,28,3591.370681190261,612.0462055819289,201.07692307692307,9,34.0,17.0,25.0,23.0,26.0,25.25,12.0
2024,40,Snacks,PepsiCo,Lays Magic Masala,12,1333.7844428944381,174.73869211776776,353.0,10,28.0,34.0,17.0,25.0,22.75,22.375,7.0
2024,41,Snacks,PepsiCo,Lays Magic Masala,7,1512.7662351708404,359.8411876335698,221.0,10,12.0,28.0,34.0,17.0,20.25,20.375,29.0
2024,42,Snacks,PepsiCo,Lays Magic Masala,29,3494.576387727109,598.3301810922557,209.875,10,7.0,12.0,28.0,34.0,19.0,21.875,18.0
2024,43,Snacks,PepsiCo,Lays Magic Masala,18,2486.6311577589627,521.9370913596463,263.75,10,29.0,7.0,12.0,28.0,16.5,21.25,19.0
2024,44,Snacks,PepsiCo,Lays Magic Masala,19,3211.3860711102757,786.8550166960215,265.25,10,18.0,29.0,7.0,12.0,18.25,20.5,20.0
2024,45,Snacks,PepsiCo,Lays Magic Masala,20,2663.19218399524,440.2704358813302,256.75,11,19.0,18.0,29.0,7.0,21.5,20.875,35.0
2024,46,Snacks,PepsiCo,Lays Magic Masala,35,2702.690909548556,503.70480742529355,252.58333333333334,11,20.0,19.0,18.0,29.0,23.0,21.0,13.0
2024,47,Snacks,PepsiCo,Lays Magic Masala,13,1324.7921921749114,291.75286701908055,322.6,11,35.0,20.0,19.0,18.0,21.75,19.125,10.0
2024,48,Snacks,PepsiCo,Lays Magic Masala,10,640.0314897060485,113.07047112958324,210.25,11,13.0,35.0,20.0,19.0,19.5,18.875,14.0
2024,49,Snacks,PepsiCo,Lays Magic Masala,14,2232.992574571027,410.78046010602685,391.4,12,10.0,13.0,35.0,20.0,18.0,19.75,22.0
2024,50,Snacks,PepsiCo,Lays Magic Masala,22,4136.833746290782,974.6382406248767,204.6,12,14.0,10.0,13.0,35.0,14.75,18.875,6.0
2024,51,Snacks,PepsiCo,Lays Magic Masala,6,1195.0465074085607,226.98963526637937,238.66666666666666,12,22.0,14.0,10.0,13.0,13.0,17.375,29.0
2024,8,Snacks,Parle,Monaco Biscuits,37,3435.7053766148333,771.3810713174028,265.26666666666665,2,20.0,34.0,39.0,31.0,32.5,32.875,23.0
2024,9,Snacks,Parle,Monaco Biscuits,23,3097.111894856019,503.0251570167604,227.625,2,37.0,20.0,34.0,39.0,28.5,31.25,12.0
2024,10,Snacks,Parle,Monaco Biscuits,12,1363.52936907077,269.36622812222873,149.4,3,23.0,37.0,20.0,34.0,23.0,29.125,35.0
2024,11,Snacks,Parle,Monaco Biscuits,35,4114.213227616593,873.9625249707203,247.25,3,12.0,23.0,37.0,20.0,26.75,28.875,48.0
2024,12,Snacks,Parle,Monaco Biscuits,48,5684.159233030632,1138.325775950323,339.7692307692308,3,35.0,12.0,23.0,37.0,29.5,31.0,34.0
2024,13,Snacks,Parle,Monaco Biscuits,34,5180.64267796646,1093.4965390841016,276.75,3,48.0,35.0,12.0,23.0,32.25,30.375,48.0
2024,14,Snacks,Parle,Monaco Biscuits,48,7401.981628543554,1607.6161236235412,302.625,4,34.0,48.0,35.0,12.0,41.25,32.125,12.0
2024,15,Snacks,Parle,Monaco Biscuits,12,1710.1021618710502,381.32214684243337,323.75,4,48.0,34.0,48.0,35.0,35.5,31.125,12.0
2024,16,Snacks,Parle,Monaco Biscuits,12,1225.932129409702,247.07010135380654,317.8,4,12.0,48.0,34.0,48.0,26.5,28.0,39.0
2024,17,Snacks,Parle,Monaco Biscuits,39,4278.838743236358,774.9609435386396,327.90909090909093,4,12.0,12.0,48.0,34.0,27.75,30.0,35.0
2024,18,Snacks,Parle,Monaco Biscuits,35,5456.910593249607,1310.4086663129808,290.06666666666666,5,39.0,12.0,12.0,48.0,24.5,32.875,34.0
2024,19,Snacks,Parle,Monaco Biscuits,34,3762.611411327991,876.0261769598806,322.3,5,35.0,39.0,12.0,12.0,30.0,32.75,30.0
2024,20,Snacks,Parle,Monaco Biscuits,30,4220.272679250219,1014.2868249831344,252.0,5,34.0,35.0,39.0,12.0,34.5,30.5,23.0
2024,21,Snacks,Parle,Monaco Biscuits,23,3188.758917941533,570.2928512639169,250.9,5,30.0,34.0,35.0,39.0,30.5,29.125,33.0
2024,22,Snacks,Parle,Monaco Biscuits,33,4238.158658384496,1077.6548611742542,304.1,5,23.0,30.0,34.0,35.0,30.0,27.25,36.0
2024,23,Snacks,Parle,Monaco Biscuits,36,4359.42336745694,685.9348977741508,319.0,6,33.0,23.0,30.0,34.0,30.5,30.25,33.0
2024,24,Snacks,Parle,Monaco Biscuits,33,4216.964577492303,1111.2240974549372,334.9,6,36.0,33.0,23.0,30.0,31.25,32.875,15.0
2024,25,Snacks,Parle,Monaco Biscuits,15,2222.311303456785,411.9384149227753,306.1666666666667,6,33.0,36.0,33.0,23.0,29.25,29.875,27.0
2024,26,Snacks,Parle,Monaco Biscuits,27,2469.4972269430837,682.7529014324966,284.14285714285717,6,15.0,33.0,36.0,33.0,27.75,28.875,38.0
2024,27,Snacks,Parle,Monaco Biscuits,38,6233.316335138865,1493.695469333541,293.3333333333333,7,27.0,15.0,33.0,36.0,28.25,29.375,51.0
2024,28,Snacks,Parle,Monaco Biscuits,51,7292.167333269029,1561.1218603673624,285.11764705882354,7,38.0,27.0,15.0,33.0,32.75,32.0,12.0
2024,29,Snacks,Parle,Monaco Biscuits,12,1352.3556465247007,189.54361158469942,314.3333333333333,7,51.0,38.0,27.0,15.0,32.0,30.625,25.0
2024,30,Snacks,Parle,Monaco Biscuits,25,3512.133697271504,686.8584835433817,232.11111111111111,7,12.0,51.0,38.0,27.0,31.5,29.625,27.0
2024,31,Snacks,Parle,Monaco Biscuits,27,5107.779130366331,1017.8388514604299,284.5,8,25.0,12.0,51.0,38.0,28.75,28.5,49.0
2024,32,Snacks,Parle,Monaco Biscuits,49,7417.384232139415,1442.0589714225553,253.5,8,27.0,25.0,12.0,51.0,28.25,30.5,34.0
2024,33,Snacks,Parle,Monaco Biscuits,34,3796.738483880861,526.3945103851137,270.22222222222223,8,49.0,27.0,25.0,12.0,33.75,32.875,36.0
2024,34,Snacks,Parle,Monaco Biscuits,36,4313.284448148173,918.2783297196174,252.9090909090909,8,34.0,49.0,27.0,25.0,36.5,34.0,25.0
2024,35,Snacks,Parle,Monaco Biscuits,25,3034.66538113341,564.100270710812,238.4,8,36.0,34.0,49.0,27.0,36.0,32.375,28.0
2024,36,Snacks,Parle,Monaco Biscuits,28,4224.332190969588,787.989150690512,276.875,9,25.0,36.0,34.0,49.0,30.75,29.5,26.0
2024,37,Snacks,Parle,Monaco Biscuits,26,3567.819447247104,687.3824046185305,253.72727272727272,9,28.0,25.0,36.0,34.0,28.75,31.25,31.0
2024,38,Snacks,Parle,Monaco Biscuits,31,4004.439556532533,679.9023362588141,135.7,9,26.0,28.0,25.0,36.0,27.5,32.0,17.0
2024,39,Snacks,Parle,Monaco Biscuits,17,1164.7722472342662,239.9915889649622,262.8333333333333,9,31.0,26.0,28.0,25.0,25.5,30.75,24.0
2024,40,Snacks,Parle,Monaco Biscuits,24,3604.6081865560573,885.3473041142348,269.1,9,17.0,31.0,26.0,28.0,24.5,27.625,32.0
2024,41,Snacks,Parle,Monaco Biscuits,32,4652.883371741702,1118.7716630119137,320.25,10,24.0,17.0,31.0,26.0,26.0,27.375,31.0
2024,42,Snacks,Parle,Monaco Biscuits,31,4076.013951279971,701.7209503818837,257.9,10,32.0,24.0,17.0,31.0,26.0,26.75,31.0
2024,43,Snacks,Parle,Monaco Biscuits,31,3068.5507541446177,572.4670145183113,244.7,10,31.0,32.0,24.0,17.0,29.5,27.5,16.0
2024,44,Snacks,Parle,Monaco Biscuits,16,2491.401851009416,513.052013899482,250.42857142857142,10,31.0,31.0,32.0,24.0,27.5,26.0,25.0
2024,45,Snacks,Parle,Monaco Biscuits,25,3768.7977718026787,656.3201695609091,276.75,11,16.0,31.0,31.0,32.0,25.75,25.875,25.0
2024,46,Snacks,Parle,Monaco Biscuits,25,3490.0830442813144,773.276692807383,245.22222222222223,11,25.0,16.0,31.0,31.0,24.25,25.125,26.0
2024,47,Snacks,Parle,Monaco Biscuits,26,3267.357367082266,660.6590065485757,242.125,11,25.0,25.0,16.0,31.0,23.0,26.25,22.0
2024,48,Snacks,Parle,Monaco Biscuits,22,2121.9793539466077,518.5088660242023,252.85714285714286,11,26.0,25.0,25.0,16.0,24.5,26.0,22.0
2024,49,Snacks,Parle,Monaco Biscuits,22,3285.4350016524522,645.7329201043653,265.7,12,22.0,26.0,25.0,25.0,23.75,24.75,22.0
2024,50,Snacks,Parle,Monaco Biscuits,22,3430.909477678936,571.8866952914095,244.28571428571428,12,22.0,22.0,26.0,25.0,23.0,23.625,39.0
2024,51,Snacks,Parle,Monaco Biscuits,39,3706.7347902966085,776.3202265368028,252.92307692307693,12,22.0,22.0,22.0,26.0,26.25,24.625,24.0
2024,8,Beverages,PepsiCo,Mountain Dew,17,1464.3395017452444,264.35436438764316,278.0,2,56.0,20.0,18.0,34.0,27.75,29.75,23.0
2024,9,Beverages,PepsiCo,Mountain Dew,23,4368.025723807331,777.8347972757153,213.42857142857142,2,17.0,56.0,20.0,18.0,29.0,29.125,30.0
2024,10,Beverages,PepsiCo,Mountain Dew,30,3025.2014459897,598.421105834377,282.3076923076923,3,23.0,17.0,56.0,20.0,31.5,29.375,24.0
2024,11,Beverages,PepsiCo,Mountain Dew,24,3214.0321017866313,609.6576787746463,242.55555555555554,3,30.0,23.0,17.0,56.0,23.5,27.75,35.0
2024,12,Beverages,PepsiCo,Mountain Dew,35,4147.938553823511,825.0205882051421,293.54545454545456,3,24.0,30.0,23.0,17.0,28.0,27.875,43.0
2024,13,Beverages,PepsiCo,Mountain Dew,43,6294.65848921548,1119.6444317371343,259.3333333333333,3,35.0,24.0,30.0,23.0,33.0,31.0,28.0
2024,14,Beverages,PepsiCo,Mountain Dew,28,4643.958245993872,1095.082839911638,225.85714285714286,4,43.0,35.0,24.0,30.0,32.5,32.0,19.0
2024,15,Beverages,PepsiCo,Mountain Dew,19,2654.021792129122,504.0694865642655,315.25,4,28.0,43.0,35.0,24.0,31.25,27.375,16.0
2024,16,Beverages,PepsiCo,Mountain Dew,16,1485.799832099397,275.06327195230153,200.8,4,19.0,28.0,43.0,35.0,26.5,27.25,40.0
2024,17,Beverages,PepsiCo,Mountain Dew,40,5164.756681845214,933.523777028438,274.46153846153845,4,16.0,19.0,28.0,43.0,25.75,29.375,13.0
2024,18,Beverages,PepsiCo,Mountain Dew,13,1426.7246938285336,322.18521121470815,178.5,5,40.0,16.0,19.0,28.0,22.0,27.25,18.0
2024,19,Beverages,PepsiCo,Mountain Dew,18,3509.3710711818344,582.7073142833553,228.25,5,13.0,40.0,16.0,19.0,21.75,26.5,30.0
2024,20,Beverages,PepsiCo,Mountain Dew,30,4143.105954717062,580.0179348805231,283.3636363636364,5,18.0,13.0,40.0,16.0,25.25,25.875,24.0
2024,21,Beverages,PepsiCo,Mountain Dew,24,3544.8342289688167,735.7727136583856,233.5,5,30.0,18.0,13.0,40.0,21.25,23.5,37.0
2024,22,Beverages,PepsiCo,Mountain Dew,37,2583.4071416184206,457.4295975877354,292.38461538461536,6,24.0,30.0,18.0,13.0,27.25,24.625,27.0
2024,23,Beverages,PepsiCo,Mountain Dew,27,3292.380640524558,548.4741312955424,281.3,6,37.0,24.0,30.0,18.0,29.5,25.625,19.0
2024,24,Beverages,PepsiCo,Mountain Dew,19,2312.3430103247915,342.85205619999067,355.6666666666667,6,27.0,37.0,24.0,30.0,26.75,26.0,37.0
2024,25,Beverages,PepsiCo,Mountain Dew,37,5009.996350125302,958.797013279354,275.2,6,19.0,27.0,37.0,24.0,30.0,25.625,22.0
2024,26,Beverages,PepsiCo,Mountain Dew,22,3816.6176377957927,758.5202952880669,290.14285714285717,6,37.0,19.0,27.0,37.0,26.25,26.75,13.0
2024,27,Beverages,PepsiCo,Mountain Dew,13,1430.002029416356,302.8256100707568,276.6,7,22.0,37.0,19.0,27.0,22.75,26.125,39.0
2024,28,Beverages,PepsiCo,Mountain Dew,39,5848.139872337733,1239.0813994326354,236.72727272727272,7,13.0,22.0,37.0,19.0,27.75,27.25,31.0
2024,29,Beverages,PepsiCo,Mountain Dew,31,4118.044587547892,932.3793718044765,230.08333333333334,7,39.0,13.0,22.0,37.0,26.25,28.125,27.0
2024,30,Beverages,PepsiCo,Mountain Dew,27,3821.1281085266933,899.6482186436211,327.0,7,31.0,39.0,13.0,22.0,27.5,26.875,26.0
2024,31,Beverages,PepsiCo,Mountain Dew,26,3781.569974665996,577.9746663131991,318.7,8,27.0,31.0,39.0,13.0,30.75,26.75,19.0
2024,32,Beverages,PepsiCo,Mountain Dew,19,2492.3375134855796,490.4554527757125,308.0,8,26.0,27.0,31.0,39.0,25.75,26.75,14.0
2024,33,Beverages,PepsiCo,Mountain Dew,14,1134.7027879889977,164.3074310506978,226.25,8,19.0,26.0,27.0,31.0,21.5,23.875,11.0
2024,34,Beverages,PepsiCo,Mountain Dew,11,1642.0575583727125,271.892502655733,324.0,8,14.0,19.0,26.0,27.0,17.5,22.5,49.0
2024,35,Beverages,PepsiCo,Mountain Dew,49,5551.182792532758,1037.4046965671973,326.25,8,11.0,14.0,19.0,26.0,23.25,27.0,18.0
2024,36,Beverages,PepsiCo,Mountain Dew,18,2104.7040168790304,326.144309837523,203.28571428571428,9,49.0,11.0,14.0,19.0,23.0,24.375,38.0
2024,37,Beverages,PepsiCo,Mountain Dew,38,4647.962942241105,1085.4329464619213,297.3,9,18.0,49.0,11.0,14.0,29.0,25.25,35.0
2024,38,Beverages,PepsiCo,Mountain Dew,35,3191.9032800022496,454.0396519344355,232.9090909090909,9,38.0,18.0,49.0,11.0,35.0,26.25,32.0
2024,39,Beverages,PepsiCo,Mountain Dew,32,2595.5150450493343,560.8982143023917,324.8181818181818,9,35.0,38.0,18.0,49.0,30.75,27.0,29.0
2024,40,Beverages,PepsiCo,Mountain Dew,29,4459.002136207572,946.1823698234759,278.2,10,32.0,35.0,38.0,18.0,33.5,28.25,39.0
2024,41,Beverages,PepsiCo,Mountain Dew,39,4758.165587060197,971.3399568410116,283.7857142857143,10,29.0,32.0,35.0,38.0,33.75,31.375,40.0
2024,42,Beverages,PepsiCo,Mountain Dew,40,4870.608421220621,862.1236093851896,297.2142857142857,10,39.0,29.0,32.0,35.0,35.0,35.0,40.0
2024,43,Beverages,PepsiCo,Mountain Dew,40,3290.399620382298,588.7513106111714,253.92857142857142,10,40.0,39.0,29.0,32.0,37.0,33.875,28.0
2024,44,Beverages,PepsiCo,Mountain Dew,28,3135.327429267133,690.1670074518069,200.22222222222223,11,40.0,40.0,39.0,29.0,36.75,35.125,12.0
2024,45,Beverages,PepsiCo,Mountain Dew,12,1540.6747485274077,173.2060648104167,251.33333333333334,11,28.0,40.0,40.0,39.0,30.0,31.875,27.0
2024,46,Beverages,PepsiCo,Mountain Dew,27,3059.868161309022,741.5530680226719,285.8888888888889,11,12.0,28.0,40.0,40.0,26.75,30.875,31.0
2024,47,Beverages,PepsiCo,Mountain Dew,31,3227.641559440154,661.2616035183182,306.8333333333333,11,27.0,12.0,28.0,40.0,24.5,30.75,20.0
2024,48,Beverages,PepsiCo,Mountain Dew,20,1597.0192473098825,311.8717192121423,223.875,11,31.0,27.0,12.0,28.0,22.5,29.625,42.0
2024,49,Beverages,PepsiCo,Mountain Dew,42,6683.152699529618,1323.8719671375113,244.6153846153846,12,20.0,31.0,27.0,12.0,30.0,30.0,12.0
2024,50,Beverages,PepsiCo,Mountain Dew,12,1609.0970672146204,356.5806101291175,262.42857142857144,12,42.0,20.0,31.0,27.0,26.25,26.5,28.0
2024,51,Beverages,PepsiCo,Mountain Dew,28,3451.805834156957,715.0544147290008,252.6,12,12.0,42.0,20.0,31.0,25.5,25.0,18.0
2024,8,Dairy,Nestle,Nestle Milk Powder,36,3770.172212029945,718.6304645334524,244.66666666666666,2,26.0,41.0,69.0,27.0,43.0,47.25,82.0
2024,9,Dairy,Nestle,Nestle Milk Powder,82,11275.70911755749,2562.9450536884915,274.8,2,36.0,26.0,41.0,69.0,46.25,49.25,47.0
2024,10,Dairy,Nestle,Nestle Milk Powder,47,6808.430982296569,1493.7073809272174,291.875,3,82.0,36.0,26.0,41.0,47.75,46.5,34.0
2024,11,Dairy,Nestle,Nestle Milk Powder,34,4209.597248500017,985.728176255651,257.8,3,47.0,82.0,36.0,26.0,49.75,45.25,26.0
2024,12,Dairy,Nestle,Nestle Milk Powder,26,4129.254218920243,799.9969749047228,235.1,3,34.0,47.0,82.0,36.0,47.25,45.125,90.0
2024,13,Dairy,Nestle,Nestle Milk Powder,90,11347.275945991487,2549.3625917482873,279.5833333333333,3,26.0,34.0,47.0,82.0,49.25,47.75,42.0
2024,14,Dairy,Nestle,Nestle Milk Powder,42,5559.935328450701,1180.8102926324293,320.05263157894734,4,90.0,26.0,34.0,47.0,48.0,47.875,53.0
2024,15,Dairy,Nestle,Nestle Milk Powder,53,6519.321124842037,1471.5483804657874,334.2352941176471,4,42.0,90.0,26.0,34.0,52.75,51.25,32.0
2024,16,Dairy,Nestle,Nestle Milk Powder,32,3879.415733787102,680.9350858954683,319.9166666666667,4,53.0,42.0,90.0,26.0,54.25,50.75,41.0
2024,17,Dairy,Nestle,Nestle Milk Powder,41,5068.249907501358,939.3806785086266,240.06666666666666,4,32.0,53.0,42.0,90.0,42.0,45.625,45.0
2024,18,Dairy,Nestle,Nestle Milk Powder,45,5133.304517092613,1029.0553086661007,270.61538461538464,5,41.0,32.0,53.0,42.0,42.75,45.375,60.0
2024,19,Dairy,Nestle,Nestle Milk Powder,60,8979.713538737198,1708.6326092593781,238.68421052631578,5,45.0,41.0,32.0,53.0,44.5,48.625,31.0
2024,20,Dairy,Nestle,Nestle Milk Powder,31,4102.265098688024,758.7937196042318,190.0909090909091,5,60.0,45.0,41.0,32.0,44.25,49.25,48.0
2024,21,Dairy,Nestle,Nestle Milk Powder,48,7270.6724998705,1550.3983821689003,200.8,5,31.0,60.0,45.0,41.0,46.0,44.0,40.0
2024,22,Dairy,Nestle,Nestle Milk Powder,40,6218.463058723964,1067.1562128920432,260.0769230769231,5,48.0,31.0,60.0,45.0,44.75,43.75,34.0
2024,23,Dairy,Nestle,Nestle Milk Powder,34,3769.480648380621,673.3123329127379,250.1818181818182,6,40.0,48.0,31.0,60.0,38.25,41.375,33.0
2024,24,Dairy,Nestle,Nestle Milk Powder,33,4396.573158072912,722.8938064970343,261.1666666666667,6,34.0,40.0,48.0,31.0,38.75,41.5,41.0
2024,25,Dairy,Nestle,Nestle Milk Powder,41,5501.566094875804,1300.6762078552267,275.3529411764706,6,33.0,34.0,40.0,48.0,37.0,41.5,39.0
2024,26,Dairy,Nestle,Nestle Milk Powder,39,5233.466579097634,1144.0212258530314,282.72727272727275,6,41.0,33.0,34.0,40.0,36.75,40.75,41.0
2024,27,Dairy,Nestle,Nestle Milk Powder,41,5732.9731463519765,1176.7999563714145,261.375,7,39.0,41.0,33.0,34.0,38.5,38.375,54.0
2024,28,Dairy,Nestle,Nestle Milk Powder,54,6764.040512192976,1264.0123847828838,269.3125,7,41.0,39.0,41.0,33.0,43.75,41.25,61.0
2024,29,Dairy,Nestle,Nestle Milk Powder,61,7121.636512298393,1311.5864037330982,277.72727272727275,7,54.0,41.0,39.0,41.0,48.75,42.875,34.0
2024,30,Dairy,Nestle,Nestle Milk Powder,34,4717.3589823611655,938.4614184360553,212.73333333333332,7,61.0,54.0,41.0,39.0,47.5,42.125,41.0
2024,31,Dairy,Nestle,Nestle Milk Powder,41,5952.017571463672,1112.719563627682,308.2857142857143,8,34.0,61.0,54.0,41.0,47.5,43.0,51.0
2024,32,Dairy,Nestle,Nestle Milk Powder,51,7278.358247269239,1398.4600934503205,274.5882352941176,8,41.0,34.0,61.0,54.0,46.75,45.25,51.0
2024,33,Dairy,Nestle,Nestle Milk Powder,51,4926.368476756501,992.2216807072799,250.76470588235293,8,51.0,41.0,34.0,61.0,44.25,46.5,36.0
2024,34,Dairy,Nestle,Nestle Milk Powder,36,4987.154419952819,1060.6582846496174,261.2307692307692,8,51.0,51.0,41.0,34.0,44.75,46.125,43.0
2024,35,Dairy,Nestle,Nestle Milk Powder,43,6066.597196878472,1155.6440673168397,237.6153846153846,8,36.0,51.0,51.0,41.0,45.25,46.375,35.0
2024,36,Dairy,Nestle,Nestle Milk Powder,35,4033.56191587828,896.4622619542779,260.84615384615387,9,43.0,36.0,51.0,51.0,41.25,44.0,49.0
2024,37,Dairy,Nestle,Nestle Milk Powder,49,6880.301299284236,1353.1418189959168,264.5,9,35.0,43.0,36.0,51.0,40.75,42.5,36.0
2024,38,Dairy,Nestle,Nestle Milk Powder,36,5502.930405277097,1177.6089451098876,258.3636363636364,9,49.0,35.0,43.0,36.0,40.75,42.75,44.0
2024,39,Dairy,Nestle,Nestle Milk Powder,44,6641.766639768082,1135.487485458829,256.5,9,36.0,49.0,35.0,43.0,41.0,43.125,57.0
2024,40,Dairy,Nestle,Nestle Milk Powder,57,6569.568109100701,1119.1041985899128,307.94444444444446,10,44.0,36.0,49.0,35.0,46.5,43.875,58.0
2024,41,Dairy,Nestle,Nestle Milk Powder,58,9208.620886456072,1989.9144699399328,274.1666666666667,10,57.0,44.0,36.0,49.0,48.75,44.75,15.0
2024,42,Dairy,Nestle,Nestle Milk Powder,15,1682.2200441692682,313.7368041180672,236.28571428571428,10,58.0,57.0,44.0,36.0,43.5,42.125,27.0
2024,43,Dairy,Nestle,Nestle Milk Powder,27,3686.477275270004,503.30025426970343,188.45454545454547,10,15.0,58.0,57.0,44.0,39.25,40.125,31.0
2024,44,Dairy,Nestle,Nestle Milk Powder,31,3943.026501558733,784.2121772151955,268.5,11,27.0,15.0,58.0,57.0,32.75,39.625,38.0
2024,45,Dairy,Nestle,Nestle Milk Powder,38,4160.053891805809,629.505866711804,281.72727272727275,11,31.0,27.0,15.0,58.0,27.75,38.25,45.0
2024,46,Dairy,Nestle,Nestle Milk Powder,45,7374.842445541931,1511.9854699590671,271.61538461538464,11,38.0,31.0,27.0,15.0,35.25,39.375,32.0
2024,47,Dairy,Nestle,Nestle Milk Powder,32,4487.278478289905,1174.8664359905977,287.72727272727275,11,45.0,38.0,31.0,27.0,36.5,37.875,32.0
2024,48,Dairy,Nestle,Nestle Milk Powder,32,4612.54703061608,1084.7844411337305,304.54545454545456,11,32.0,45.0,38.0,31.0,36.75,34.75,60.0
2024,49,Dairy,Nestle,Nestle Milk Powder,60,8358.369175999804,2091.8966503193483,297.2631578947368,12,32.0,32.0,45.0,38.0,42.25,35.0,37.0
2024,50,Dairy,Nestle,Nestle Milk Powder,37,4722.959488139083,1246.5810618564876,270.0769230769231,12,60.0,32.0,32.0,45.0,40.25,37.75,55.0
2024,51,Dairy,Nestle,Nestle Milk Powder,55,7625.9979067402355,1621.9201836210727,255.16666666666666,12,37.0,60.0,32.0,32.0,46.0,41.25,45.0
2024,8,Dairy,Nestle,Nestle Yogurt,37,5844.3843993421215,1212.4859329232936,277.53846153846155,2,56.0,42.0,60.0,55.0,48.75,49.875,57.0
2024,9,Dairy,Nestle,Nestle Yogurt,57,9467.430154203083,2147.801051222685,323.22222222222223,2,37.0,56.0,42.0,60.0,48.0,48.625,49.0
2024,10,Dairy,Nestle,Nestle Yogurt,49,6380.449289582943,1148.3019569053258,240.0,3,57.0,37.0,56.0,42.0,49.75,49.5,28.0
2024,11,Dairy,Nestle,Nestle Yogurt,28,4064.5782525581153,708.7482214402031,188.45454545454547,3,49.0,57.0,37.0,56.0,42.75,48.0,45.0
2024,12,Dairy,Nestle,Nestle Yogurt,45,6498.676049209594,1374.0228146178683,196.5,3,28.0,49.0,57.0,37.0,44.75,46.75,39.0
2024,13,Dairy,Nestle,Nestle Yogurt,39,4244.351955686841,890.6818582411795,185.46666666666667,3,45.0,28.0,49.0,57.0,40.25,44.125,43.0
2024,14,Dairy,Nestle,Nestle Yogurt,43,5019.740076942442,788.0535406130119,279.29411764705884,4,39.0,45.0,28.0,49.0,38.75,44.25,47.0
2024,15,Dairy,Nestle,Nestle Yogurt,47,4127.967108882776,1026.5446861849102,306.6666666666667,4,43.0,39.0,45.0,28.0,43.5,43.125,27.0
2024,16,Dairy,Nestle,Nestle Yogurt,27,4573.6950741772425,903.2601905086476,263.4,4,47.0,43.0,39.0,45.0,39.0,41.875,40.0
2024,17,Dairy,Nestle,Nestle Yogurt,40,5961.08178954317,1173.8977231320564,238.42857142857142,4,27.0,47.0,43.0,39.0,39.25,39.75,41.0
2024,18,Dairy,Nestle,Nestle Yogurt,41,5110.603816695859,1249.0338658999933,328.57142857142856,5,40.0,27.0,47.0,43.0,38.75,38.75,53.0
2024,19,Dairy,Nestle,Nestle Yogurt,53,7545.068716216809,1579.424838606118,289.05882352941177,5,41.0,40.0,27.0,47.0,40.25,41.875,29.0
2024,20,Dairy,Nestle,Nestle Yogurt,29,3110.5773596551026,642.632759528612,344.22222222222223,5,53.0,41.0,40.0,27.0,40.75,39.875,69.0
2024,21,Dairy,Nestle,Nestle Yogurt,69,9097.428627603307,1946.969640107851,257.8181818181818,5,29.0,53.0,41.0,40.0,48.0,43.625,58.0
2024,22,Dairy,Nestle,Nestle Yogurt,58,7516.827262304364,1339.4130936840124,255.1875,5,69.0,29.0,53.0,41.0,52.25,45.5,45.0
2024,23,Dairy,Nestle,Nestle Yogurt,45,5525.930562253443,1094.3407164794567,229.5625,6,58.0,69.0,29.0,53.0,50.25,45.25,28.0
2024,24,Dairy,Nestle,Nestle Yogurt,28,2825.6153510146423,497.8516171516127,254.28571428571428,6,45.0,58.0,69.0,29.0,50.0,45.375,49.0
2024,25,Dairy,Nestle,Nestle Yogurt,49,4492.1500437893155,899.7998821771049,285.1764705882353,6,28.0,45.0,58.0,69.0,45.0,46.5,35.0
2024,26,Dairy,Nestle,Nestle Yogurt,35,2988.180718450827,513.6527749239826,241.63636363636363,6,49.0,28.0,45.0,58.0,39.25,45.75,45.0
2024,27,Dairy,Nestle,Nestle Yogurt,45,6491.180901258991,1313.1999527366274,280.14285714285717,7,35.0,49.0,28.0,45.0,39.25,44.75,40.0
2024,28,Dairy,Nestle,Nestle Yogurt,40,4801.751903008113,888.2295390421355,205.14285714285714,7,45.0,35.0,49.0,28.0,42.25,46.125,26.0
2024,29,Dairy,Nestle,Nestle Yogurt,26,3120.2396385223547,658.5067094077381,224.55555555555554,7,40.0,45.0,35.0,49.0,36.5,40.75,32.0
2024,30,Dairy,Nestle,Nestle Yogurt,32,4118.703355894365,846.6025391365853,275.5833333333333,7,26.0,40.0,45.0,35.0,35.75,37.5,46.0
2024,31,Dairy,Nestle,Nestle Yogurt,46,4711.289279710069,930.5891201857917,325.2307692307692,7,32.0,26.0,40.0,45.0,36.0,37.625,31.0
2024,32,Dairy,Nestle,Nestle Yogurt,31,4950.262879327366,870.9437165138254,245.4,8,46.0,32.0,26.0,40.0,33.75,38.0,38.0
2024,33,Dairy,Nestle,Nestle Yogurt,38,6434.955204235778,1238.4402576087793,260.3076923076923,8,31.0,46.0,32.0,26.0,36.75,36.625,57.0
2024,34,Dairy,Nestle,Nestle Yogurt,57,7298.925736628625,1448.701667928266,242.6315789473684,8,38.0,31.0,46.0,32.0,43.0,39.375,29.0
2024,35,Dairy,Nestle,Nestle Yogurt,29,3892.523732421756,844.8922579959288,341.4,8,57.0,38.0,31.0,46.0,38.75,37.375,48.0
2024,36,Dairy,Nestle,Nestle Yogurt,48,5250.214781744291,1020.4301672116624,307.22222222222223,9,29.0,57.0,38.0,31.0,43.0,38.375,49.0
2024,37,Dairy,Nestle,Nestle Yogurt,49,6702.576697026479,1298.8029371894643,357.3333333333333,9,48.0,29.0,57.0,38.0,45.75,41.25,62.0
2024,38,Dairy,Nestle,Nestle Yogurt,62,9341.576871349802,2130.4303202949773,267.7368421052632,9,49.0,48.0,29.0,57.0,47.0,45.0,58.0
2024,39,Dairy,Nestle,Nestle Yogurt,58,7871.748615937651,1793.1366033410052,220.9,9,62.0,49.0,48.0,29.0,54.25,46.5,34.0
2024,40,Dairy,Nestle,Nestle Yogurt,34,3988.4442945722067,715.4345051658593,300.6923076923077,10,58.0,62.0,49.0,48.0,50.75,46.875,38.0
2024,41,Dairy,Nestle,Nestle Yogurt,38,4854.462197123337,986.249696948042,268.45454545454544,10,34.0,58.0,62.0,49.0,48.0,46.875,24.0
2024,42,Dairy,Nestle,Nestle Yogurt,24,2975.4039559263556,521.5880284788839,330.375,10,38.0,34.0,58.0,62.0,38.5,42.75,62.0
2024,43,Dairy,Nestle,Nestle Yogurt,62,6772.707559156174,1563.8507590225486,309.2631578947368,10,24.0,38.0,34.0,58.0,39.5,46.875,68.0
2024,44,Dairy,Nestle,Nestle Yogurt,68,10103.812910885901,1920.9880505758679,223.0909090909091,10,62.0,24.0,38.0,34.0,48.0,49.375,69.0
2024,45,Dairy,Nestle,Nestle Yogurt,69,8619.370726307228,1916.5161050542774,254.6,11,68.0,62.0,24.0,38.0,55.75,51.875,41.0
2024,46,Dairy,Nestle,Nestle Yogurt,41,5027.6294081520355,970.6271087373451,307.84615384615387,11,69.0,68.0,62.0,24.0,60.0,49.25,62.0
2024,47,Dairy,Nestle,Nestle Yogurt,62,9031.28323057191,2038.6722142739463,294.22222222222223,11,41.0,69.0,68.0,62.0,60.0,49.75,51.0
2024,48,Dairy,Nestle,Nestle Yogurt,51,6980.662445395305,1125.6144164921493,277.5,11,62.0,41.0,69.0,68.0,55.75,51.875,36.0
2024,49,Dairy,Nestle,Nestle Yogurt,36,4483.1937355859955,775.717756816713,377.1666666666667,12,51.0,62.0,41.0,69.0,47.5,51.625,53.0
2024,50,Dairy,Nestle,Nestle Yogurt,53,5453.997575504832,868.6967677111495,217.33333333333334,12,36.0,51.0,62.0,41.0,50.5,55.25,24.0
2024,51,Dairy,Nestle,Nestle Yogurt,24,2535.6195532861243,540.0377287980994,202.91666666666666,12,53.0,36.0,51.0,62.0,41.0,50.5,27.0
2024,8,Beverages,Nestle,Nestle_Beverages_product,87,10000.704061888531,2057.2310490848567,286.3103448275862,2,90.0,99.0,70.0,104.0,86.5,93.5,77.0
2024,9,Beverages,Nestle,Nestle_Beverages_product,77,9819.966254451607,1733.5086968717906,253.5,3,87.0,90.0,99.0,70.0,88.25,95.125,70.0
2024,10,Beverages,Nestle,Nestle_Beverages_product,70,8867.590984612616,1862.8687717585165,302.1666666666667,3,77.0,87.0,90.0,99.0,81.0,90.125,84.0
2024,11,Beverages,Nestle,Nestle_Beverages_product,84,12602.119282420716,2364.202451581771,288.44827586206895,3,70.0,77.0,87.0,90.0,79.5,85.125,113.0
2024,12,Beverages,Nestle,Nestle_Beverages_product,113,14968.418747453503,2725.4781875706312,263.07894736842104,3,84.0,70.0,77.0,87.0,86.0,86.25,67.0
2024,13,Beverages,Nestle,Nestle_Beverages_product,67,10052.702797572914,1991.5141934971082,292.3333333333333,3,113.0,84.0,70.0,77.0,83.5,85.875,99.0
2024,14,Beverages,Nestle,Nestle_Beverages_product,99,12606.161136249037,2290.8230870143975,286.8235294117647,4,67.0,113.0,84.0,70.0,90.75,85.875,83.0
2024,15,Beverages,Nestle,Nestle_Beverages_product,83,11644.99887278169,2015.843632868184,268.7037037037037,4,99.0,67.0,113.0,84.0,90.5,85.0,77.0
2024,16,Beverages,Nestle,Nestle_Beverages_product,77,11606.382840129721,2695.2022902617573,287.3448275862069,4,83.0,99.0,67.0,113.0,81.5,83.75,95.0
2024,17,Beverages,Nestle,Nestle_Beverages_product,95,12569.547616864162,2413.0562026998705,254.66666666666666,4,77.0,83.0,99.0,67.0,88.5,86.0,112.0
2024,18,Beverages,Nestle,Nestle_Beverages_product,112,13323.38052870023,2592.086489209052,262.94871794871796,4,95.0,77.0,83.0,99.0,91.75,91.25,116.0
2024,19,Beverages,Nestle,Nestle_Beverages_product,116,14849.978793606791,2764.0425812926055,268.030303030303,5,112.0,95.0,77.0,83.0,100.0,95.25,60.0
2024,20,Beverages,Nestle,Nestle_Beverages_product,60,9318.206808635034,1933.5884645402234,258.82608695652175,5,116.0,112.0,95.0,77.0,95.75,88.625,102.0
2024,21,Beverages,Nestle,Nestle_Beverages_product,102,14907.130361232075,3051.5110442085315,241.6060606060606,5,60.0,116.0,112.0,95.0,97.5,93.0,103.0
2024,22,Beverages,Nestle,Nestle_Beverages_product,103,12733.595562667188,2539.0471791888517,262.86206896551727,5,102.0,60.0,116.0,112.0,95.25,93.5,84.0
2024,23,Beverages,Nestle,Nestle_Beverages_product,84,9801.757824983792,1710.1406115044576,275.3333333333333,6,103.0,102.0,60.0,116.0,87.25,93.625,56.0
2024,24,Beverages,Nestle,Nestle_Beverages_product,56,6727.504237401812,1592.250488396077,231.83333333333334,6,84.0,103.0,102.0,60.0,86.25,91.0,56.0
2024,25,Beverages,Nestle,Nestle_Beverages_product,56,6617.510405677807,1138.2780400474928,336.2857142857143,6,56.0,84.0,103.0,102.0,74.75,86.125,77.0
2024,26,Beverages,Nestle,Nestle_Beverages_product,77,10513.835356694668,2105.1456897743356,277.5357142857143,6,56.0,56.0,84.0,103.0,68.25,81.75,128.0
2024,27,Beverages,Nestle,Nestle_Beverages_product,128,15772.24271294046,3412.5873306075355,307.5952380952381,7,77.0,56.0,56.0,84.0,79.25,83.25,88.0
2024,28,Beverages,Nestle,Nestle_Beverages_product,88,12835.25083752624,2332.225946697518,313.1333333333333,7,128.0,77.0,56.0,56.0,87.25,86.75,110.0
2024,29,Beverages,Nestle,Nestle_Beverages_product,110,14593.66308949916,3141.2350618190108,272.3636363636364,7,88.0,128.0,77.0,56.0,100.75,87.75,75.0
2024,30,Beverages,Nestle,Nestle_Beverages_product,75,10039.513634312514,2514.8886790508514,307.34615384615387,7,110.0,88.0,128.0,77.0,100.25,84.25,106.0
2024,31,Beverages,Nestle,Nestle_Beverages_product,106,10900.162177108896,2070.0645601079063,296.7837837837838,8,75.0,110.0,88.0,128.0,94.75,87.0,81.0
2024,32,Beverages,Nestle,Nestle_Beverages_product,81,10669.153564759294,2210.3892871641747,291.3703703703704,8,106.0,75.0,110.0,88.0,93.0,90.125,106.0
2024,33,Beverages,Nestle,Nestle_Beverages_product,106,14499.882215796957,3106.5316129024627,251.425,8,81.0,106.0,75.0,110.0,92.0,96.375,104.0
2024,34,Beverages,Nestle,Nestle_Beverages_product,104,15551.097724399484,3332.87414858824,307.3235294117647,8,106.0,81.0,106.0,75.0,99.25,99.75,119.0
2024,35,Beverages,Nestle,Nestle_Beverages_product,119,17154.325950938863,3807.8468305965134,243.10256410256412,8,104.0,106.0,81.0,106.0,102.5,98.625,97.0
2024,36,Beverages,Nestle,Nestle_Beverages_product,97,13242.189413523194,2470.11333366809,281.775,9,119.0,104.0,106.0,81.0,106.5,99.75,81.0
2024,37,Beverages,Nestle,Nestle_Beverages_product,81,9659.627685073336,1856.2958948532428,283.61538461538464,9,97.0,119.0,104.0,106.0,100.25,96.125,69.0
2024,38,Beverages,Nestle,Nestle_Beverages_product,69,9375.594851043901,1686.496458853176,273.9230769230769,9,81.0,97.0,119.0,104.0,91.5,95.375,71.0
2024,39,Beverages,Nestle,Nestle_Beverages_product,71,8697.80734045938,1683.5321836986157,243.55555555555554,9,69.0,81.0,97.0,119.0,79.5,91.0,124.0
2024,40,Beverages,Nestle,Nestle_Beverages_product,124,16217.156574024146,3303.8829734679202,244.825,9,71.0,69.0,81.0,97.0,86.25,96.375,90.0
2024,41,Beverages,Nestle,Nestle_Beverages_product,90,11665.330503236215,2561.350597636091,226.36363636363637,10,124.0,71.0,69.0,81.0,88.5,94.375,94.0
2024,42,Beverages,Nestle,Nestle_Beverages_product,94,13212.995795832292,2689.0604685175613,317.8,10,90.0,124.0,71.0,69.0,94.75,93.125,109.0
2024,43,Beverages,Nestle,Nestle_Beverages_product,109,14525.42945167503,2700.922555455187,268.8611111111111,10,94.0,90.0,124.0,71.0,104.25,91.875,108.0
2024,44,Beverages,Nestle,Nestle_Beverages_product,108,12293.447481812542,2400.1488188652565,267.7894736842105,11,109.0,94.0,90.0,124.0,100.25,93.25,44.0
2024,45,Beverages,Nestle,Nestle_Beverages_product,44,5516.227804240342,1394.9167468987528,274.1764705882353,11,108.0,109.0,94.0,90.0,88.75,88.625,69.0
2024,46,Beverages,Nestle,Nestle_Beverages_product,69,8193.903487989599,1812.8856309143366,259.76,11,44.0,108.0,109.0,94.0,82.5,88.625,84.0
2024,47,Beverages,Nestle,Nestle_Beverages_product,84,11024.691951003724,2365.7540982190158,211.41379310344828,11,69.0,44.0,108.0,109.0,76.25,90.25,92.0
2024,48,Beverages,Nestle,Nestle_Beverages_product,92,11162.602497863469,2172.7220799564893,264.0740740740741,11,84.0,69.0,44.0,108.0,72.25,86.25,89.0
2024,49,Beverages,Nestle,Nestle_Beverages_product,89,12503.00204331477,2942.6953497000945,259.24,12,92.0,84.0,69.0,44.0,83.5,86.125,82.0
2024,50,Beverages,Nestle,Nestle_Beverages_product,82,9554.93891433576,1773.663799897305,296.17857142857144,12,89.0,92.0,84.0,69.0,86.75,84.625,112.0
2024,51,Beverages,Nestle,Nestle_Beverages_product,112,15132.822082717517,3074.0711774601796,255.97297297297297,12,82.0,89.0,92.0,84.0,93.75,85.0,65.0
2024,8,Fruits,Nestle,Nestle_Fruits_product,86,12877.531579634273,2521.290535279067,262.64516129032256,2,89.0,81.0,73.0,113.0,82.25,92.875,87.0
2024,9,Fruits,Nestle,Nestle_Fruits_product,87,11692.842285227134,2317.504905000386,257.61538461538464,2,86.0,89.0,81.0,73.0,85.75,88.75,88.0
2024,10,Fruits,Nestle,Nestle_Fruits_product,88,12209.698401430902,2247.058704334081,291.93548387096774,3,87.0,86.0,89.0,81.0,87.5,88.5,85.0
2024,11,Fruits,Nestle,Nestle_Fruits_product,85,10420.412879255504,2072.283345955106,251.20689655172413,3,88.0,87.0,86.0,89.0,86.5,87.75,60.0
2024,12,Fruits,Nestle,Nestle_Fruits_product,60,8409.47422893469,1650.4287863741515,316.35,3,85.0,88.0,87.0,86.0,80.0,81.125,85.0
2024,13,Fruits,Nestle,Nestle_Fruits_product,85,9501.142879164574,1851.1723082783647,268.1111111111111,3,60.0,85.0,88.0,87.0,79.5,82.625,94.0
2024,14,Fruits,Nestle,Nestle_Fruits_product,94,13758.28403056112,2534.2451541768637,251.88235294117646,4,85.0,60.0,85.0,88.0,81.0,84.25,110.0
2024,15,Fruits,Nestle,Nestle_Fruits_product,110,15406.241520985483,3280.938531902909,253.34285714285716,4,94.0,85.0,60.0,85.0,87.25,86.875,66.0
2024,16,Fruits,Nestle,Nestle_Fruits_product,66,8444.863085399027,1847.6348155542191,292.8,4,110.0,94.0,85.0,60.0,88.75,84.375,72.0
2024,17,Fruits,Nestle,Nestle_Fruits_product,72,9003.90479843283,1782.0552272146565,245.12,4,66.0,110.0,94.0,85.0,85.5,82.5,111.0
2024,18,Fruits,Nestle,Nestle_Fruits_product,111,17506.187753503906,3821.660909902701,264.4,5,72.0,66.0,110.0,94.0,89.75,85.375,80.0
2024,19,Fruits,Nestle,Nestle_Fruits_product,80,9198.945535002951,1586.9308713653381,234.58333333333334,5,111.0,72.0,66.0,110.0,82.25,84.75,84.0
2024,20,Fruits,Nestle,Nestle_Fruits_product,84,9746.617098086632,2006.8890347975237,278.72,5,80.0,111.0,72.0,66.0,86.75,87.75,55.0
2024,21,Fruits,Nestle,Nestle_Fruits_product,55,7825.0026102538095,1517.051751642152,270.0,5,84.0,80.0,111.0,72.0,82.5,84.0,126.0
2024,22,Fruits,Nestle,Nestle_Fruits_product,126,15049.373311415367,3182.7412227035784,289.4736842105263,6,55.0,84.0,80.0,111.0,86.25,88.0,80.0
2024,23,Fruits,Nestle,Nestle_Fruits_product,80,10175.246502312983,2169.527162434279,277.61290322580646,6,126.0,55.0,84.0,80.0,86.25,84.25,82.0
2024,24,Fruits,Nestle,Nestle_Fruits_product,82,9114.052185342634,1749.9946266160964,287.81481481481484,6,80.0,126.0,55.0,84.0,85.75,86.25,98.0
2024,25,Fruits,Nestle,Nestle_Fruits_product,98,13709.148332147659,2796.0237229198015,264.09090909090907,6,82.0,80.0,126.0,55.0,96.5,89.5,112.0
2024,26,Fruits,Nestle,Nestle_Fruits_product,112,15343.469316243249,2825.950658383416,266.0,6,98.0,82.0,80.0,126.0,93.0,89.625,65.0
2024,27,Fruits,Nestle,Nestle_Fruits_product,65,6911.347309248095,1334.0367125057921,242.28,7,112.0,98.0,82.0,80.0,89.25,87.75,101.0
2024,28,Fruits,Nestle,Nestle_Fruits_product,101,12929.514346301248,2247.177262372538,283.3529411764706,7,65.0,112.0,98.0,82.0,94.0,89.875,104.0
2024,29,Fruits,Nestle,Nestle_Fruits_product,104,15361.306526380122,2855.9924974511123,266.90909090909093,7,101.0,65.0,112.0,98.0,95.5,96.0,125.0
2024,30,Fruits,Nestle,Nestle_Fruits_product,125,16711.226626444684,2984.301500783252,283.9189189189189,7,104.0,101.0,65.0,112.0,98.75,95.875,93.0
2024,31,Fruits,Nestle,Nestle_Fruits_product,93,11037.01777747614,1976.8333195224448,249.36666666666667,8,125.0,104.0,101.0,65.0,105.75,97.5,108.0
2024,32,Fruits,Nestle,Nestle_Fruits_product,108,14311.256128438969,2540.6893912802293,278.4186046511628,8,93.0,125.0,104.0,101.0,107.5,100.75,92.0
2024,33,Fruits,Nestle,Nestle_Fruits_product,92,11846.799662316045,2457.491987209094,293.9230769230769,8,108.0,93.0,125.0,104.0,104.5,100.0,73.0
2024,34,Fruits,Nestle,Nestle_Fruits_product,73,10926.429157310591,2297.7220041564838,269.69565217391306,8,92.0,108.0,93.0,125.0,91.5,95.125,60.0
2024,35,Fruits,Nestle,Nestle_Fruits_product,60,8373.542697688385,1903.0936388825844,278.5652173913044,9,73.0,92.0,108.0,93.0,83.25,94.5,121.0
2024,36,Fruits,Nestle,Nestle_Fruits_product,121,14203.61371274869,2860.947765856066,269.02702702702703,9,60.0,73.0,92.0,108.0,86.5,97.0,84.0
2024,37,Fruits,Nestle,Nestle_Fruits_product,84,11267.488798655722,2378.5613661713705,284.2,9,121.0,60.0,73.0,92.0,84.5,94.5,112.0
2024,38,Fruits,Nestle,Nestle_Fruits_product,112,15332.372363755025,2840.8966124929475,283.6756756756757,9,84.0,121.0,60.0,73.0,94.25,92.875,129.0
2024,39,Fruits,Nestle,Nestle_Fruits_product,129,13905.773939995424,2987.6780087254815,330.475,9,112.0,84.0,121.0,60.0,111.5,97.375,90.0
2024,40,Fruits,Nestle,Nestle_Fruits_product,90,11188.251632008609,2082.6640640342057,285.0357142857143,10,129.0,112.0,84.0,121.0,103.75,95.125,98.0
2024,41,Fruits,Nestle,Nestle_Fruits_product,98,16465.80658188922,3449.404503554541,310.0625,10,90.0,129.0,112.0,84.0,107.25,95.875,103.0
2024,42,Fruits,Nestle,Nestle_Fruits_product,103,10892.789409191884,2019.3099900403322,271.05882352941177,10,98.0,90.0,129.0,112.0,105.0,99.625,90.0
2024,43,Fruits,Nestle,Nestle_Fruits_product,90,11644.715643105888,2196.3874863915503,301.46875,10,103.0,98.0,90.0,129.0,95.25,103.375,94.0
2024,44,Fruits,Nestle,Nestle_Fruits_product,94,13310.714238927203,2531.170458749534,258.1,10,90.0,103.0,98.0,90.0,96.25,100.0,86.0
2024,45,Fruits,Nestle,Nestle_Fruits_product,86,8974.26947876116,1660.7596657913762,224.53125,11,94.0,90.0,103.0,98.0,93.25,100.25,97.0
2024,46,Fruits,Nestle,Nestle_Fruits_product,97,13297.395768465318,2736.3380353643583,244.65625,11,86.0,94.0,90.0,103.0,91.75,98.375,102.0
2024,47,Fruits,Nestle,Nestle_Fruits_product,102,12373.355416895267,1895.6480920018478,260.56666666666666,11,97.0,86.0,94.0,90.0,94.75,95.0,95.0
2024,48,Fruits,Nestle,Nestle_Fruits_product,95,10557.951327872923,2265.6715431920434,283.51724137931035,11,102.0,97.0,86.0,94.0,95.0,95.625,89.0
2024,49,Fruits,Nestle,Nestle_Fruits_product,89,12001.674950221752,2281.475662374182,271.0,12,95.0,102.0,97.0,86.0,95.75,94.5,76.0
2024,50,Fruits,Nestle,Nestle_Fruits_product,76,10996.974032238595,2152.509995440222,324.44,12,89.0,95.0,102.0,97.0,90.5,91.125,105.0
2024,51,Fruits,Nestle,Nestle_Fruits_product,105,13135.084667335379,2438.171259998209,291.8974358974359,12,76.0,89.0,95.0,102.0,91.25,93.0,81.0
2024,8,Grocery,Nestle,Nestle_Grocery_product,92,12000.732694809478,2472.440631525612,238.37037037037038,2,91.0,90.0,92.0,88.0,91.25,83.625,86.0
2024,9,Grocery,Nestle,Nestle_Grocery_product,86,12904.041600802473,3047.1027074255694,284.8484848484849,2,92.0,91.0,90.0,92.0,89.75,83.0,107.0
2024,10,Grocery,Nestle,Nestle_Grocery_product,107,15963.425726743586,3230.7638262070795,235.69444444444446,3,86.0,92.0,91.0,90.0,94.0,88.375,85.0
2024,11,Grocery,Nestle,Nestle_Grocery_product,85,12378.995161973922,2578.894834704513,248.79310344827587,3,107.0,86.0,92.0,91.0,92.5,91.375,108.0
2024,12,Grocery,Nestle,Nestle_Grocery_product,108,13071.646467773831,2349.3632758939443,267.05882352941177,3,85.0,107.0,86.0,92.0,96.5,93.875,100.0
2024,13,Grocery,Nestle,Nestle_Grocery_product,100,14150.654909970843,2368.9791813742218,290.80645161290323,3,108.0,85.0,107.0,86.0,100.0,94.875,47.0
2024,14,Grocery,Nestle,Nestle_Grocery_product,47,5733.0065335769095,886.8461998231604,226.42857142857142,4,100.0,108.0,85.0,107.0,85.0,89.5,139.0
2024,15,Grocery,Nestle,Nestle_Grocery_product,139,18426.983387004566,3803.8059824094294,278.32608695652175,4,47.0,100.0,108.0,85.0,98.5,95.5,64.0
2024,16,Grocery,Nestle,Nestle_Grocery_product,64,8241.165599231406,1521.3288001588326,264.6363636363636,4,139.0,47.0,100.0,108.0,87.5,92.0,92.0
2024,17,Grocery,Nestle,Nestle_Grocery_product,92,12752.703544768841,2468.702761785754,297.2,4,64.0,139.0,47.0,100.0,85.5,92.75,84.0
2024,18,Grocery,Nestle,Nestle_Grocery_product,84,14423.935008482997,2817.328130541805,290.26666666666665,5,92.0,64.0,139.0,47.0,94.75,89.875,67.0
2024,19,Grocery,Nestle,Nestle_Grocery_product,67,10401.862250019227,2313.6856948200716,299.14814814814815,5,84.0,92.0,64.0,139.0,76.75,87.625,99.0
2024,20,Grocery,Nestle,Nestle_Grocery_product,99,13607.379542145807,2542.721970240578,269.5806451612903,5,67.0,84.0,92.0,64.0,85.5,86.5,83.0
2024,21,Grocery,Nestle,Nestle_Grocery_product,83,10310.281143805429,2233.66846449477,225.6551724137931,5,99.0,67.0,84.0,92.0,83.25,84.375,88.0
2024,22,Grocery,Nestle,Nestle_Grocery_product,88,13078.41347019849,2580.900598779158,253.31034482758622,6,83.0,99.0,67.0,84.0,84.25,89.5,92.0
2024,23,Grocery,Nestle,Nestle_Grocery_product,92,13193.529536632786,3002.383593148036,274.8709677419355,6,88.0,83.0,99.0,67.0,90.5,83.625,98.0
2024,24,Grocery,Nestle,Nestle_Grocery_product,98,13702.687353228052,2883.992915196184,287.6969696969697,6,92.0,88.0,83.0,99.0,90.25,87.875,96.0
2024,25,Grocery,Nestle,Nestle_Grocery_product,96,10170.665695348524,2023.8062696885456,268.875,6,98.0,92.0,88.0,83.0,93.5,88.375,86.0
2024,26,Grocery,Nestle,Nestle_Grocery_product,86,12421.426613841904,2651.4290315694707,322.04,6,96.0,98.0,92.0,88.0,93.0,88.625,73.0
2024,27,Grocery,Nestle,Nestle_Grocery_product,73,7789.760891023042,1443.9660950178777,279.5416666666667,7,86.0,96.0,98.0,92.0,88.25,89.375,107.0
2024,28,Grocery,Nestle,Nestle_Grocery_product,107,13912.107370426631,3137.07157965311,293.2432432432432,7,73.0,86.0,96.0,98.0,90.5,90.375,87.0
2024,29,Grocery,Nestle,Nestle_Grocery_product,87,11708.247848642462,2297.6771476500153,285.51612903225805,7,107.0,73.0,86.0,96.0,88.25,90.875,84.0
2024,30,Grocery,Nestle,Nestle_Grocery_product,84,10286.892982529029,1748.771698604811,303.5925925925926,7,87.0,107.0,73.0,86.0,87.75,90.375,113.0
2024,31,Grocery,Nestle,Nestle_Grocery_product,113,15000.85882089055,2529.554187410201,325.51428571428573,7,84.0,87.0,107.0,73.0,97.75,93.0,107.0
2024,32,Grocery,Nestle,Nestle_Grocery_product,107,14513.012754725269,2891.8816199464977,270.48571428571427,8,113.0,84.0,87.0,107.0,97.75,94.125,83.0
2024,33,Grocery,Nestle,Nestle_Grocery_product,83,8853.72910781272,1987.0067107374389,328.89285714285717,8,107.0,113.0,84.0,87.0,96.75,92.5,84.0
2024,34,Grocery,Nestle,Nestle_Grocery_product,84,10924.378427545429,2537.841629962176,283.23333333333335,8,83.0,107.0,113.0,84.0,96.75,92.25,106.0
2024,35,Grocery,Nestle,Nestle_Grocery_product,106,11902.09413090694,2413.136616988059,259.84375,8,84.0,83.0,107.0,113.0,95.0,96.375,72.0
2024,36,Grocery,Nestle,Nestle_Grocery_product,72,8480.569261278768,1577.40566046808,257.54545454545456,9,106.0,84.0,83.0,107.0,86.25,92.0,50.0
2024,37,Grocery,Nestle,Nestle_Grocery_product,50,6202.645271748798,1512.875173120033,269.44444444444446,9,72.0,106.0,84.0,83.0,78.0,87.375,77.0
2024,38,Grocery,Nestle,Nestle_Grocery_product,77,7644.585504606028,1375.7082637924425,299.2173913043478,9,50.0,72.0,106.0,84.0,76.25,86.5,98.0
2024,39,Grocery,Nestle,Nestle_Grocery_product,98,13010.415413466562,2571.3642617255323,294.37931034482756,9,77.0,50.0,72.0,106.0,74.25,84.625,121.0
2024,40,Grocery,Nestle,Nestle_Grocery_product,121,14994.370512447747,2871.432805337838,301.9,10,98.0,77.0,50.0,72.0,86.5,86.375,102.0
2024,41,Grocery,Nestle,Nestle_Grocery_product,102,13135.305357376532,2809.3152463768397,257.7647058823529,10,121.0,98.0,77.0,50.0,99.5,88.75,101.0
2024,42,Grocery,Nestle,Nestle_Grocery_product,101,11335.121608263787,1985.0254347580396,248.2,10,102.0,121.0,98.0,77.0,105.5,90.875,55.0
2024,43,Grocery,Nestle,Nestle_Grocery_product,55,6739.715040859943,1260.5046094686459,294.10526315789474,10,101.0,102.0,121.0,98.0,94.75,84.5,61.0
2024,44,Grocery,Nestle,Nestle_Grocery_product,61,7923.713732319202,1380.6973312909204,249.77272727272728,10,55.0,101.0,102.0,121.0,79.75,83.125,84.0
2024,45,Grocery,Nestle,Nestle_Grocery_product,84,10446.593868915572,1884.524557489819,256.53333333333336,11,61.0,55.0,101.0,102.0,75.25,87.375,81.0
2024,46,Grocery,Nestle,Nestle_Grocery_product,81,9661.187361585833,1850.3619254315706,268.10714285714283,11,84.0,61.0,55.0,101.0,70.25,87.875,103.0
2024,47,Grocery,Nestle,Nestle_Grocery_product,103,16553.529114695455,3752.132897187694,316.1764705882353,11,81.0,84.0,61.0,55.0,82.25,88.5,91.0
2024,48,Grocery,Nestle,Nestle_Grocery_product,91,11611.664540293723,2482.583489272237,287.58620689655174,11,103.0,81.0,84.0,61.0,89.75,84.75,74.0
2024,49,Grocery,Nestle,Nestle_Grocery_product,74,8982.376509340618,1835.313529367287,291.6923076923077,12,91.0,103.0,81.0,84.0,87.25,81.25,67.0
2024,50,Grocery,Nestle,Nestle_Grocery_product,67,9675.261875176562,1834.2023230022967,261.48,12,74.0,91.0,103.0,81.0,83.75,77.0,88.0
2024,51,Grocery,Nestle,Nestle_Grocery_product,88,11834.709145177794,2432.4386034655554,283.38461538461536,12,67.0,74.0,91.0,103.0,80.0,81.125,87.0
2024,8,Home Care,Nestle,Nestle_Home Care_product,114,14836.926095139954,3216.0326371684614,266.05405405405406,2,75.0,144.0,102.0,73.0,108.75,99.875,93.0
2024,9,Home Care,Nestle,Nestle_Home Care_product,93,11786.970574163863,1820.7982451376795,247.66666666666666,2,114.0,75.0,144.0,102.0,106.5,97.625,127.0
2024,10,Home Care,Nestle,Nestle_Home Care_product,127,15687.777739654222,2893.6804688782763,314.1621621621622,3,93.0,114.0,75.0,144.0,102.25,101.25,78.0
2024,11,Home Care,Nestle,Nestle_Home Care_product,78,10155.109474453893,1838.8329013375271,283.25925925925924,3,127.0,93.0,114.0,75.0,103.0,100.75,88.0
2024,12,Home Care,Nestle,Nestle_Home Care_product,88,11080.342202436019,2689.604845358825,230.55172413793105,3,78.0,127.0,93.0,114.0,96.5,102.625,111.0
2024,13,Home Care,Nestle,Nestle_Home Care_product,111,14036.276530283303,2776.406629476467,293.45714285714286,3,88.0,78.0,127.0,93.0,101.0,103.75,130.0
2024,14,Home Care,Nestle,Nestle_Home Care_product,130,17237.054423973528,3530.33379289435,269.36842105263156,4,111.0,88.0,78.0,127.0,101.75,102.0,61.0
2024,15,Home Care,Nestle,Nestle_Home Care_product,61,6715.553905464447,1325.1776764618435,275.9047619047619,4,130.0,111.0,88.0,78.0,97.5,100.25,102.0
2024,16,Home Care,Nestle,Nestle_Home Care_product,102,13410.945706560895,2692.637725229452,238.38235294117646,4,61.0,130.0,111.0,88.0,101.0,98.75,99.0
2024,17,Home Care,Nestle,Nestle_Home Care_product,99,15717.81300462448,3104.8055490421148,287.6,4,102.0,61.0,130.0,111.0,98.0,99.5,90.0
2024,18,Home Care,Nestle,Nestle_Home Care_product,90,10189.778892967453,1991.7199895894125,254.0,5,99.0,102.0,61.0,130.0,88.0,94.875,89.0
2024,19,Home Care,Nestle,Nestle_Home Care_product,89,11603.19449883532,2289.8553517847913,303.96666666666664,5,90.0,99.0,102.0,61.0,95.0,96.25,82.0
2024,20,Home Care,Nestle,Nestle_Home Care_product,82,12502.180122887536,2893.1504190056394,291.0869565217391,5,89.0,90.0,99.0,102.0,90.0,95.5,67.0
2024,21,Home Care,Nestle,Nestle_Home Care_product,67,10136.017864461464,1932.995807955943,306.4782608695652,5,82.0,89.0,90.0,99.0,82.0,90.0,94.0
2024,22,Home Care,Nestle,Nestle_Home Care_product,94,12488.7996167119,2557.0995814781313,273.96774193548384,5,67.0,82.0,89.0,90.0,83.0,85.5,97.0
2024,23,Home Care,Nestle,Nestle_Home Care_product,97,11922.170999462984,2220.6116856706253,265.7878787878788,6,94.0,67.0,82.0,89.0,85.0,90.0,59.0
2024,24,Home Care,Nestle,Nestle_Home Care_product,59,7531.618976775248,1398.5377286247701,263.54545454545456,6,97.0,94.0,67.0,82.0,79.25,84.625,89.0
2024,25,Home Care,Nestle,Nestle_Home Care_product,89,10497.459066877647,2028.2620697883426,293.07142857142856,6,59.0,97.0,94.0,67.0,84.75,83.375,80.0
2024,26,Home Care,Nestle,Nestle_Home Care_product,80,10285.645904732017,2223.0664937392935,283.82608695652175,6,89.0,59.0,97.0,94.0,81.25,82.125,91.0
2024,27,Home Care,Nestle,Nestle_Home Care_product,91,12080.90504544564,2211.938112501627,323.2,7,80.0,89.0,59.0,97.0,79.75,82.375,93.0
2024,28,Home Care,Nestle,Nestle_Home Care_product,93,13676.730421615559,2921.4490116268566,248.6060606060606,7,91.0,80.0,89.0,59.0,88.25,83.75,124.0
2024,29,Home Care,Nestle,Nestle_Home Care_product,124,17184.874034024026,3322.4041961905345,286.32608695652175,7,93.0,91.0,80.0,89.0,97.0,90.875,83.0
2024,30,Home Care,Nestle,Nestle_Home Care_product,83,11777.295012330003,2186.582130052685,297.7931034482759,7,124.0,93.0,91.0,80.0,97.75,89.5,59.0
2024,31,Home Care,Nestle,Nestle_Home Care_product,59,7226.705514877115,1244.7542201811548,293.4347826086956,7,83.0,124.0,93.0,91.0,89.75,84.75,92.0
2024,32,Home Care,Nestle,Nestle_Home Care_product,92,13868.494478814207,3235.1248362660476,280.25925925925924,8,59.0,83.0,124.0,93.0,89.5,88.875,73.0
2024,33,Home Care,Nestle,Nestle_Home Care_product,73,7356.854980918336,1120.8430531267113,261.39130434782606,8,92.0,59.0,83.0,124.0,76.75,86.875,64.0
2024,34,Home Care,Nestle,Nestle_Home Care_product,64,7874.00656144693,1453.4027243139353,319.2173913043478,8,73.0,92.0,59.0,83.0,72.0,84.875,98.0
2024,35,Home Care,Nestle,Nestle_Home Care_product,98,13994.20255294711,3024.9448472304007,250.57142857142858,8,64.0,73.0,92.0,59.0,81.75,85.75,84.0
2024,36,Home Care,Nestle,Nestle_Home Care_product,84,10942.622329624133,2518.094052710719,254.19354838709677,9,98.0,64.0,73.0,92.0,79.75,84.625,111.0
2024,37,Home Care,Nestle,Nestle_Home Care_product,111,12189.544172660704,2228.178411754844,279.64864864864865,9,84.0,98.0,64.0,73.0,89.25,83.0,115.0
2024,38,Home Care,Nestle,Nestle_Home Care_product,115,13832.74807696828,2866.791210696976,226.21621621621622,9,111.0,84.0,98.0,64.0,102.0,87.0,107.0
2024,39,Home Care,Nestle,Nestle_Home Care_product,107,11677.199122475855,2192.5419463568746,263.25714285714287,9,115.0,111.0,84.0,98.0,104.25,93.0,89.0
2024,40,Home Care,Nestle,Nestle_Home Care_product,89,13904.79074736924,2798.7666669391324,249.40625,10,107.0,115.0,111.0,84.0,105.5,92.625,85.0
2024,41,Home Care,Nestle,Nestle_Home Care_product,85,13604.648133328186,3091.055328780253,300.2258064516129,10,89.0,107.0,115.0,111.0,99.0,94.125,109.0
2024,42,Home Care,Nestle,Nestle_Home Care_product,109,12333.152350586784,2534.1725362911034,286.9428571428571,10,85.0,89.0,107.0,115.0,97.5,99.75,64.0
2024,43,Home Care,Nestle,Nestle_Home Care_product,64,9521.723779378433,2101.9027635891266,236.45833333333334,10,109.0,85.0,89.0,107.0,86.75,95.5,93.0
2024,44,Home Care,Nestle,Nestle_Home Care_product,93,12601.558308960386,2437.9023215388356,248.84375,11,64.0,109.0,85.0,89.0,87.75,96.625,121.0
2024,45,Home Care,Nestle,Nestle_Home Care_product,121,14191.862793603188,2948.1124049867867,235.78947368421052,11,93.0,64.0,109.0,85.0,96.75,97.875,67.0
2024,46,Home Care,Nestle,Nestle_Home Care_product,67,8116.066402413325,1220.806848096794,277.2608695652174,11,121.0,93.0,64.0,109.0,86.25,91.875,106.0
2024,47,Home Care,Nestle,Nestle_Home Care_product,106,12712.530993654329,2603.5163899320246,280.0882352941176,11,67.0,121.0,93.0,64.0,96.75,91.75,46.0
2024,48,Home Care,Nestle,Nestle_Home Care_product,46,6409.237508489985,1368.6040621725479,247.86363636363637,11,106.0,67.0,121.0,93.0,85.0,86.375,98.0
2024,49,Home Care,Nestle,Nestle_Home Care_product,98,12043.710821989907,2466.5146263974157,272.30555555555554,12,46.0,106.0,67.0,121.0,79.25,88.0,87.0
2024,50,Home Care,Nestle,Nestle_Home Care_product,87,12251.034449765522,2307.357146263413,252.86666666666667,12,98.0,46.0,106.0,67.0,84.25,85.25,75.0
2024,51,Home Care,Nestle,Nestle_Home Care_product,75,9241.987796002006,1842.0801382760285,282.2083333333333,12,87.0,98.0,46.0,106.0,76.5,86.625,73.0
2024,8,Personal Care,Nestle,Nestle_Personal Care_product,110,12814.35815550377,2441.4922288080916,241.52777777777777,2,79.0,71.0,112.0,76.0,93.0,86.625,87.0
2024,9,Personal Care,Nestle,Nestle_Personal Care_product,87,12979.055715088318,2643.835556579241,336.85185185185185,2,110.0,79.0,71.0,112.0,86.75,88.375,82.0
2024,10,Personal Care,Nestle,Nestle_Personal Care_product,82,11444.390132773164,2041.7203511858302,318.258064516129,3,87.0,110.0,79.0,71.0,89.5,88.375,78.0
2024,11,Personal Care,Nestle,Nestle_Personal Care_product,78,8527.182592509285,1883.2045453323844,222.30769230769232,3,82.0,87.0,110.0,79.0,89.25,86.875,68.0
2024,12,Personal Care,Nestle,Nestle_Personal Care_product,68,10513.359984327493,2068.1674002437526,256.30434782608694,3,78.0,82.0,87.0,110.0,78.75,85.875,87.0
2024,13,Personal Care,Nestle,Nestle_Personal Care_product,87,10951.441563301032,2281.98834369058,252.86206896551724,3,68.0,78.0,82.0,87.0,78.75,82.75,90.0
2024,14,Personal Care,Nestle,Nestle_Personal Care_product,90,11107.504829945461,2370.920358471899,299.3103448275862,4,87.0,68.0,78.0,82.0,80.75,85.125,83.0
2024,15,Personal Care,Nestle,Nestle_Personal Care_product,83,12332.219769940206,2348.2411008462004,258.3333333333333,4,90.0,87.0,68.0,78.0,82.0,85.625,93.0
2024,16,Personal Care,Nestle,Nestle_Personal Care_product,93,11478.989991232089,2188.7470370218784,294.1666666666667,4,83.0,90.0,87.0,68.0,88.25,83.5,66.0
2024,17,Personal Care,Nestle,Nestle_Personal Care_product,66,8146.266908052088,1375.3745232817348,232.3181818181818,4,93.0,83.0,90.0,87.0,83.0,80.875,92.0
2024,18,Personal Care,Nestle,Nestle_Personal Care_product,92,11597.70689145155,2369.4150034860913,262.51724137931035,5,66.0,93.0,83.0,90.0,83.5,82.125,88.0
2024,19,Personal Care,Nestle,Nestle_Personal Care_product,88,12897.022213520708,2903.7434777391504,298.4074074074074,5,92.0,66.0,93.0,83.0,84.75,83.375,117.0
2024,20,Personal Care,Nestle,Nestle_Personal Care_product,117,16422.422377986557,3395.7109454629676,282.77777777777777,5,88.0,92.0,66.0,93.0,90.75,89.5,87.0
2024,21,Personal Care,Nestle,Nestle_Personal Care_product,87,11768.239299044228,2240.5628999426517,215.41379310344828,5,117.0,88.0,92.0,66.0,96.0,89.5,102.0
2024,22,Personal Care,Nestle,Nestle_Personal Care_product,102,11726.19353477133,2152.7424848972096,271.54545454545456,5,87.0,117.0,88.0,92.0,98.5,91.0,101.0
2024,23,Personal Care,Nestle,Nestle_Personal Care_product,101,11793.13120221336,2489.3041084736615,286.2758620689655,6,102.0,87.0,117.0,88.0,101.75,93.25,91.0
2024,24,Personal Care,Nestle,Nestle_Personal Care_product,91,13035.500316464237,2822.49054277482,281.0357142857143,6,101.0,102.0,87.0,117.0,95.25,93.0,117.0
2024,25,Personal Care,Nestle,Nestle_Personal Care_product,117,17827.96527004008,4055.457633231941,281.8857142857143,6,91.0,101.0,102.0,87.0,102.75,99.375,149.0
2024,26,Personal Care,Nestle,Nestle_Personal Care_product,149,18809.899613038357,4106.768769467263,272.2391304347826,6,117.0,91.0,101.0,102.0,114.5,106.5,93.0
2024,27,Personal Care,Nestle,Nestle_Personal Care_product,93,11880.271049238752,2213.3875872013396,255.8181818181818,7,149.0,117.0,91.0,101.0,112.5,107.125,87.0
2024,28,Personal Care,Nestle,Nestle_Personal Care_product,87,11531.858336877207,2356.5185965326623,266.37142857142857,7,93.0,149.0,117.0,91.0,111.5,103.375,93.0
2024,29,Personal Care,Nestle,Nestle_Personal Care_product,93,11950.20002957918,2162.8775767298566,303.7692307692308,7,87.0,93.0,149.0,117.0,105.5,104.125,80.0
2024,30,Personal Care,Nestle,Nestle_Personal Care_product,80,9616.561526609883,1969.561018185854,276.6923076923077,7,93.0,87.0,93.0,149.0,88.25,101.375,60.0
2024,31,Personal Care,Nestle,Nestle_Personal Care_product,60,8806.796702297457,2035.4348948953711,274.84,7,80.0,93.0,87.0,93.0,80.0,96.25,80.0
2024,32,Personal Care,Nestle,Nestle_Personal Care_product,80,10807.056517642388,1998.932494695815,293.7307692307692,8,60.0,80.0,93.0,87.0,78.25,94.875,84.0
2024,33,Personal Care,Nestle,Nestle_Personal Care_product,84,10977.423564409039,2344.3730715994793,255.80645161290323,8,80.0,60.0,80.0,93.0,76.0,90.75,95.0
2024,34,Personal Care,Nestle,Nestle_Personal Care_product,95,13220.80028111178,2579.024366762533,258.0,8,84.0,80.0,60.0,80.0,79.75,84.0,101.0
2024,35,Personal Care,Nestle,Nestle_Personal Care_product,101,13882.86113020697,2628.8748558428333,243.53125,8,95.0,84.0,80.0,60.0,90.0,85.0,91.0
2024,36,Personal Care,Nestle,Nestle_Personal Care_product,91,12432.322065873583,2687.918446194748,286.1034482758621,9,101.0,95.0,84.0,80.0,92.75,85.5,81.0
2024,37,Personal Care,Nestle,Nestle_Personal Care_product,81,11612.46638359384,2359.0242989904264,250.93103448275863,9,91.0,101.0,95.0,84.0,92.0,84.0,96.0
2024,38,Personal Care,Nestle,Nestle_Personal Care_product,96,10381.009250793557,2130.579261622648,285.19354838709677,9,81.0,91.0,101.0,95.0,92.25,86.0,84.0
2024,39,Personal Care,Nestle,Nestle_Personal Care_product,84,9745.177195486078,1868.6421486617744,286.3125,9,96.0,81.0,91.0,101.0,88.0,89.0,121.0
2024,40,Personal Care,Nestle,Nestle_Personal Care_product,121,17269.415238228077,3738.2801075935654,245.66666666666666,10,84.0,96.0,81.0,91.0,95.5,94.125,82.0
2024,41,Personal Care,Nestle,Nestle_Personal Care_product,82,12896.46435515622,2317.0389746888777,245.08,10,121.0,84.0,96.0,81.0,95.75,93.875,117.0
2024,42,Personal Care,Nestle,Nestle_Personal Care_product,117,14198.718552308437,2782.3958542944993,311.05555555555554,10,82.0,121.0,84.0,96.0,101.0,96.625,80.0
2024,43,Personal Care,Nestle,Nestle_Personal Care_product,80,9671.56770614616,2017.882639911688,266.258064516129,10,117.0,82.0,121.0,84.0,100.0,94.0,115.0
2024,44,Personal Care,Nestle,Nestle_Personal Care_product,115,15580.817496202166,3110.349772802599,281.8333333333333,11,80.0,117.0,82.0,121.0,98.5,97.0,83.0
2024,45,Personal Care,Nestle,Nestle_Personal Care_product,83,11250.477950939483,2416.3763075853726,285.9375,11,115.0,80.0,117.0,82.0,98.75,97.25,84.0
2024,46,Personal Care,Nestle,Nestle_Personal Care_product,84,11251.736139063009,2309.5093477970104,331.36,11,83.0,115.0,80.0,117.0,90.5,95.75,82.0
2024,47,Personal Care,Nestle,Nestle_Personal Care_product,82,8507.86017122151,1455.0515790408408,262.37931034482756,11,84.0,83.0,115.0,80.0,91.0,95.5,89.0
2024,48,Personal Care,Nestle,Nestle_Personal Care_product,89,11808.206359535918,2284.008289805621,258.35483870967744,11,82.0,84.0,83.0,115.0,84.5,91.5,83.0
2024,49,Personal Care,Nestle,Nestle_Personal Care_product,83,10908.974543623312,2312.5098830128813,265.1,12,89.0,82.0,84.0,83.0,84.5,91.625,115.0
2024,50,Personal Care,Nestle,Nestle_Personal Care_product,115,17252.012408917763,3005.9425316210327,249.7741935483871,12,83.0,89.0,82.0,84.0,92.25,91.375,83.0
2024,51,Personal Care,Nestle,Nestle_Personal Care_product,83,9993.798532581022,1983.6684331034073,293.28125,12,115.0,83.0,89.0,82.0,92.5,91.75,108.0
2024,8,Snacks,Nestle,Nestle_Snacks_product,78,10361.587623112504,2467.471022014547,290.64,2,99.0,101.0,74.0,69.0,88.0,87.625,85.0
2024,9,Snacks,Nestle,Nestle_Snacks_product,85,11474.692467083498,2416.358922101577,312.4074074074074,3,78.0,99.0,101.0,74.0,90.75,84.75,92.0
2024,10,Snacks,Nestle,Nestle_Snacks_product,92,13391.982946508273,2362.3342807796125,292.6774193548387,3,85.0,78.0,99.0,101.0,88.5,84.375,103.0
2024,11,Snacks,Nestle,Nestle_Snacks_product,103,14079.092334689429,2931.8942623336743,265.38235294117646,3,92.0,85.0,78.0,99.0,89.5,87.625,114.0
2024,12,Snacks,Nestle,Nestle_Snacks_product,114,14058.08765031911,2683.5034193289935,272.0571428571429,3,103.0,92.0,85.0,78.0,98.5,93.25,120.0
2024,13,Snacks,Nestle,Nestle_Snacks_product,120,15589.43306778631,3288.3118517025778,278.8378378378378,3,114.0,103.0,92.0,85.0,107.25,99.0,78.0
2024,14,Snacks,Nestle,Nestle_Snacks_product,78,9099.180837605847,1743.0015054175158,281.55555555555554,4,120.0,114.0,103.0,92.0,103.75,96.125,57.0
2024,15,Snacks,Nestle,Nestle_Snacks_product,57,8269.820403979762,1340.8651430151483,279.27272727272725,4,78.0,120.0,114.0,103.0,92.25,90.875,105.0
2024,16,Snacks,Nestle,Nestle_Snacks_product,105,11938.183912822065,2404.897309773533,264.9117647058824,4,57.0,78.0,120.0,114.0,90.0,94.25,103.0
2024,17,Snacks,Nestle,Nestle_Snacks_product,103,14077.803771142137,2434.79801384401,252.4102564102564,4,105.0,57.0,78.0,120.0,85.75,96.5,123.0
2024,18,Snacks,Nestle,Nestle_Snacks_product,123,17308.09915752855,3349.36478865995,257.6666666666667,4,103.0,105.0,57.0,78.0,97.0,100.375,115.0
2024,19,Snacks,Nestle,Nestle_Snacks_product,115,16205.702004889246,3407.7255815698713,285.72972972972974,5,123.0,103.0,105.0,57.0,111.5,101.875,104.0
2024,20,Snacks,Nestle,Nestle_Snacks_product,104,17912.486167159605,3888.539662200965,236.1290322580645,5,115.0,123.0,103.0,105.0,111.25,100.625,100.0
2024,21,Snacks,Nestle,Nestle_Snacks_product,100,12161.103933101362,2412.5613716309726,287.1,5,104.0,115.0,123.0,103.0,110.5,98.125,67.0
2024,22,Snacks,Nestle,Nestle_Snacks_product,67,8523.905741940775,1565.7556519123345,291.8333333333333,5,100.0,104.0,115.0,123.0,96.5,96.75,106.0
2024,23,Snacks,Nestle,Nestle_Snacks_product,106,14749.683634135086,2985.947103309643,264.0571428571429,6,67.0,100.0,104.0,115.0,94.25,102.875,100.0
2024,24,Snacks,Nestle,Nestle_Snacks_product,100,13069.397683149346,2644.6896151584756,292.47058823529414,6,106.0,67.0,100.0,104.0,93.25,102.25,116.0
2024,25,Snacks,Nestle,Nestle_Snacks_product,116,13281.267123859618,2640.2571393012363,266.8205128205128,6,100.0,106.0,67.0,100.0,97.25,103.875,67.0
2024,26,Snacks,Nestle,Nestle_Snacks_product,67,9141.095916869686,2119.3218949216116,252.70833333333334,6,116.0,100.0,106.0,67.0,97.25,96.875,119.0
2024,27,Snacks,Nestle,Nestle_Snacks_product,119,14962.51941715887,3325.333511891287,278.1111111111111,7,67.0,116.0,100.0,106.0,100.5,97.375,102.0
2024,28,Snacks,Nestle,Nestle_Snacks_product,102,13697.297095561775,3019.9725470108065,252.4878048780488,7,119.0,67.0,116.0,100.0,101.0,97.125,93.0
2024,29,Snacks,Nestle,Nestle_Snacks_product,93,12419.430693912665,2706.88126488509,300.1290322580645,7,102.0,119.0,67.0,116.0,95.25,96.25,71.0
2024,30,Snacks,Nestle,Nestle_Snacks_product,71,9452.908919286843,2072.580668645023,301.12,7,93.0,102.0,119.0,67.0,96.25,96.75,73.0
2024,31,Snacks,Nestle,Nestle_Snacks_product,73,8916.591885106467,1656.5468365525867,261.56,7,71.0,93.0,102.0,119.0,84.75,92.625,85.0
2024,32,Snacks,Nestle,Nestle_Snacks_product,85,11839.218413920926,2571.7985316782465,272.2692307692308,8,73.0,71.0,93.0,102.0,80.5,90.75,88.0
2024,33,Snacks,Nestle,Nestle_Snacks_product,88,12038.60569443098,2342.3362579420746,306.90625,8,85.0,73.0,71.0,93.0,79.25,87.25,85.0
2024,34,Snacks,Nestle,Nestle_Snacks_product,85,10082.821239769812,2052.3343979276497,223.53571428571428,8,88.0,85.0,73.0,71.0,82.75,89.5,95.0
2024,35,Snacks,Nestle,Nestle_Snacks_product,95,15883.66011718866,3903.586072056147,243.83333333333334,8,85.0,88.0,85.0,73.0,88.25,86.5,70.0
2024,36,Snacks,Nestle,Nestle_Snacks_product,70,9172.230733658063,1780.8249784423992,270.2962962962963,9,95.0,85.0,88.0,85.0,84.5,82.5,87.0
2024,37,Snacks,Nestle,Nestle_Snacks_product,87,12414.040693658235,2330.195619266534,276.9655172413793,9,70.0,95.0,85.0,88.0,84.25,81.75,87.0
2024,38,Snacks,Nestle,Nestle_Snacks_product,87,10173.12788802542,1867.6656922036861,278.09375,9,87.0,70.0,95.0,85.0,84.75,83.75,90.0
2024,39,Snacks,Nestle,Nestle_Snacks_product,90,11654.300049615103,2261.8905484786196,280.25,9,87.0,87.0,70.0,95.0,83.5,85.875,69.0
2024,40,Snacks,Nestle,Nestle_Snacks_product,69,10871.261312877508,2334.774086005263,314.92,10,90.0,87.0,87.0,70.0,83.25,83.875,118.0
2024,41,Snacks,Nestle,Nestle_Snacks_product,118,18118.382316260657,3177.958018169287,275.8787878787879,10,69.0,90.0,87.0,87.0,91.0,87.625,65.0
2024,42,Snacks,Nestle,Nestle_Snacks_product,65,6832.64707096591,1444.586940937402,274.3076923076923,10,118.0,69.0,90.0,87.0,85.5,85.125,100.0
2024,43,Snacks,Nestle,Nestle_Snacks_product,100,12756.907867738348,2394.692166428596,253.28571428571428,10,65.0,118.0,69.0,90.0,88.0,85.75,103.0
2024,44,Snacks,Nestle,Nestle_Snacks_product,103,12820.289811258463,2391.315371433031,321.1333333333333,10,100.0,65.0,118.0,69.0,96.5,89.875,87.0
2024,45,Snacks,Nestle,Nestle_Snacks_product,87,9458.516204602833,1444.348300578696,275.0967741935484,11,103.0,100.0,65.0,118.0,88.75,89.875,77.0
2024,46,Snacks,Nestle,Nestle_Snacks_product,77,9693.28826003633,1664.9012880129183,242.36,11,87.0,103.0,100.0,65.0,91.75,88.625,92.0
2024,47,Snacks,Nestle,Nestle_Snacks_product,92,10131.951997183634,1997.9075080149303,313.3666666666667,11,77.0,87.0,103.0,100.0,89.75,88.875,90.0
2024,48,Snacks,Nestle,Nestle_Snacks_product,90,13524.52801243023,2472.540473824916,259.64516129032256,11,92.0,77.0,87.0,103.0,86.5,91.5,83.0
2024,49,Snacks,Nestle,Nestle_Snacks_product,83,10720.537645351389,2108.759288794388,278.03846153846155,12,90.0,92.0,77.0,87.0,85.5,87.125,107.0
2024,50,Snacks,Nestle,Nestle_Snacks_product,107,12637.506714604691,2285.92101844416,245.575,12,83.0,90.0,92.0,77.0,93.0,92.375,86.0
2024,51,Snacks,Nestle,Nestle_Snacks_product,86,11856.786082039667,2772.122253749267,305.14285714285717,12,107.0,83.0,90.0,92.0,91.5,90.625,89.0
2024,8,Vegetables,Nestle,Nestle_Vegetables_product,77,9135.726965046217,2151.699405226994,273.0,2,95.0,76.0,61.0,131.0,77.25,86.25,103.0
2024,9,Vegetables,Nestle,Nestle_Vegetables_product,103,12474.869669167323,2439.9790371485947,266.0882352941176,2,77.0,95.0,76.0,61.0,87.75,87.375,88.0
2024,10,Vegetables,Nestle,Nestle_Vegetables_product,88,10213.327089956878,1924.9526662326355,255.25,3,103.0,77.0,95.0,76.0,90.75,87.0,94.0
2024,11,Vegetables,Nestle,Nestle_Vegetables_product,94,11536.406913370305,2294.409930330221,289.3235294117647,3,88.0,103.0,77.0,95.0,90.5,90.625,99.0
2024,12,Vegetables,Nestle,Nestle_Vegetables_product,99,14394.493098970952,3184.187772773154,317.9142857142857,3,94.0,88.0,103.0,77.0,96.0,86.625,125.0
2024,13,Vegetables,Nestle,Nestle_Vegetables_product,125,13921.643221417387,2790.198878166685,268.55,3,99.0,94.0,88.0,103.0,101.5,94.625,114.0
2024,14,Vegetables,Nestle,Nestle_Vegetables_product,114,15637.25225840889,3457.01324031357,315.030303030303,4,125.0,99.0,94.0,88.0,108.0,99.375,93.0
2024,15,Vegetables,Nestle,Nestle_Vegetables_product,93,12079.445550615745,2159.413449330812,272.51724137931035,4,114.0,125.0,99.0,94.0,107.75,99.125,100.0
2024,16,Vegetables,Nestle,Nestle_Vegetables_product,100,13222.1297147497,2422.3804014685556,282.5151515151515,4,93.0,114.0,125.0,99.0,108.0,102.0,91.0
2024,17,Vegetables,Nestle,Nestle_Vegetables_product,91,12056.189089169911,2343.7735849630585,302.5483870967742,4,100.0,93.0,114.0,125.0,99.5,100.5,144.0
2024,18,Vegetables,Nestle,Nestle_Vegetables_product,144,19626.57827739639,3622.4516570591854,242.83333333333334,5,91.0,100.0,93.0,114.0,107.0,107.5,99.0
2024,19,Vegetables,Nestle,Nestle_Vegetables_product,99,12964.024976480781,2274.1277192479447,238.4375,5,144.0,91.0,100.0,93.0,108.5,108.125,79.0
2024,20,Vegetables,Nestle,Nestle_Vegetables_product,79,10630.27028133781,2320.96662704973,288.5945945945946,5,99.0,144.0,91.0,100.0,103.25,105.625,118.0
2024,21,Vegetables,Nestle,Nestle_Vegetables_product,118,15857.967134311437,3211.235162666421,261.47222222222223,5,79.0,99.0,144.0,91.0,110.0,104.75,130.0
2024,22,Vegetables,Nestle,Nestle_Vegetables_product,130,16781.30259070119,3634.101747368211,257.6388888888889,6,118.0,79.0,99.0,144.0,106.5,106.75,63.0
2024,23,Vegetables,Nestle,Nestle_Vegetables_product,63,6782.976278371856,1282.2229378527447,286.04347826086956,6,130.0,118.0,79.0,99.0,97.5,103.0,87.0
2024,24,Vegetables,Nestle,Nestle_Vegetables_product,87,11809.296426982879,1824.6438012572048,269.59375,6,63.0,130.0,118.0,79.0,99.5,101.375,70.0
2024,25,Vegetables,Nestle,Nestle_Vegetables_product,70,6986.204732152519,1213.3940093915635,285.08,6,87.0,63.0,130.0,118.0,87.5,98.75,63.0
2024,26,Vegetables,Nestle,Nestle_Vegetables_product,63,8266.0228271128,1339.2584049306815,261.625,6,70.0,87.0,63.0,130.0,70.75,88.625,64.0
2024,27,Vegetables,Nestle,Nestle_Vegetables_product,64,7448.549993345654,1492.380539299467,267.7142857142857,7,63.0,70.0,87.0,63.0,71.0,84.25,100.0
2024,28,Vegetables,Nestle,Nestle_Vegetables_product,100,10540.281727186279,1911.4832470535184,240.8235294117647,7,64.0,63.0,70.0,87.0,74.25,86.875,97.0
2024,29,Vegetables,Nestle,Nestle_Vegetables_product,97,13382.455105671554,2565.271400672153,279.73333333333335,7,100.0,64.0,63.0,70.0,81.0,84.25,79.0
2024,30,Vegetables,Nestle,Nestle_Vegetables_product,79,10566.301607328198,1811.8344174684523,272.11538461538464,7,97.0,100.0,64.0,63.0,85.0,77.875,84.0
2024,31,Vegetables,Nestle,Nestle_Vegetables_product,84,11652.998728092347,2302.863558880813,268.51724137931035,7,79.0,97.0,100.0,64.0,90.0,80.5,55.0
2024,32,Vegetables,Nestle,Nestle_Vegetables_product,55,5335.864872368529,699.2995409644789,238.68421052631578,8,84.0,79.0,97.0,100.0,78.75,76.5,116.0
2024,33,Vegetables,Nestle,Nestle_Vegetables_product,116,16940.05583007419,3264.89220765812,285.3243243243243,8,55.0,84.0,79.0,97.0,83.5,82.25,112.0
2024,34,Vegetables,Nestle,Nestle_Vegetables_product,112,16018.126318472543,3545.4593201917965,259.15384615384613,8,116.0,55.0,84.0,79.0,91.75,88.375,91.0
2024,35,Vegetables,Nestle,Nestle_Vegetables_product,91,13317.186285312624,3019.2779194759346,261.79487179487177,8,112.0,116.0,55.0,84.0,93.5,91.75,104.0
2024,36,Vegetables,Nestle,Nestle_Vegetables_product,104,15700.916095987017,3169.4764534699752,259.06666666666666,9,91.0,112.0,116.0,55.0,105.75,92.25,62.0
2024,37,Vegetables,Nestle,Nestle_Vegetables_product,62,7513.914875804513,1641.7825882177756,268.2857142857143,9,104.0,91.0,112.0,116.0,92.25,87.875,85.0
2024,38,Vegetables,Nestle,Nestle_Vegetables_product,85,12356.350266553522,2275.000034161576,259.44827586206895,9,62.0,104.0,91.0,112.0,85.5,88.625,42.0
2024,39,Vegetables,Nestle,Nestle_Vegetables_product,42,4174.616980162786,919.5004863562721,264.625,9,85.0,62.0,104.0,91.0,73.25,83.375,122.0
2024,40,Vegetables,Nestle,Nestle_Vegetables_product,122,17667.871292345626,3288.225959695227,280.87179487179486,10,42.0,85.0,62.0,104.0,77.75,91.75,89.0
2024,41,Vegetables,Nestle,Nestle_Vegetables_product,89,11764.364787653187,2482.8238179369414,293.5135135135135,10,122.0,42.0,85.0,62.0,84.5,88.375,102.0
2024,42,Vegetables,Nestle,Nestle_Vegetables_product,102,13992.503913335411,3265.486776696611,262.6666666666667,10,89.0,122.0,42.0,85.0,88.75,87.125,74.0
2024,43,Vegetables,Nestle,Nestle_Vegetables_product,74,11466.023838473433,2196.491882491355,274.5652173913044,10,102.0,89.0,122.0,42.0,96.75,85.0,95.0
2024,44,Vegetables,Nestle,Nestle_Vegetables_product,95,11568.282544564005,2130.9940467477154,275.07142857142856,10,74.0,102.0,89.0,122.0,90.0,83.875,90.0
2024,45,Vegetables,Nestle,Nestle_Vegetables_product,90,11455.159409552964,2375.3570034111003,229.68965517241378,11,95.0,74.0,102.0,89.0,90.25,87.375,104.0
2024,46,Vegetables,Nestle,Nestle_Vegetables_product,104,13982.386584928032,2973.0129989336724,314.56666666666666,11,90.0,95.0,74.0,102.0,90.75,89.75,67.0
2024,47,Vegetables,Nestle,Nestle_Vegetables_product,67,7104.889440158407,1374.9347378216487,283.9,11,104.0,90.0,95.0,74.0,89.0,92.875,80.0
2024,48,Vegetables,Nestle,Nestle_Vegetables_product,80,10113.551350534208,2386.845504340367,281.4230769230769,11,67.0,104.0,90.0,95.0,85.25,87.625,69.0
2024,49,Vegetables,Nestle,Nestle_Vegetables_product,69,8546.282565894584,1706.2649319895588,259.5,12,80.0,67.0,104.0,90.0,80.0,85.125,66.0
2024,50,Vegetables,Nestle,Nestle_Vegetables_product,66,9181.179839090417,1843.6073071585342,298.04761904761904,12,69.0,80.0,67.0,104.0,70.5,80.625,82.0
2024,51,Vegetables,Nestle,Nestle_Vegetables_product,82,11834.429869837511,2689.8177573895914,294.85714285714283,12,66.0,69.0,80.0,67.0,74.25,81.625,83.0
2024,8,Snacks,Parle,Parle-G Biscuits,39,4773.734256785494,1065.9097465152015,254.41666666666666,2,10.0,20.0,34.0,29.0,25.75,29.375,18.0
2024,9,Snacks,Parle,Parle-G Biscuits,18,2558.5162026057856,418.82920885195216,214.6,2,39.0,10.0,20.0,34.0,21.75,25.5,41.0
2024,10,Snacks,Parle,Parle-G Biscuits,41,4695.4989977766845,795.144052377111,278.57142857142856,3,18.0,39.0,10.0,20.0,27.0,25.375,30.0
2024,11,Snacks,Parle,Parle-G Biscuits,30,3844.137361487697,711.239924255414,271.2,3,41.0,18.0,39.0,10.0,32.0,27.625,51.0
2024,12,Snacks,Parle,Parle-G Biscuits,51,6485.2550608846905,1228.9403197033387,264.35714285714283,3,30.0,41.0,18.0,39.0,35.0,30.375,11.0
2024,13,Snacks,Parle,Parle-G Biscuits,11,920.7865345073766,204.6399326028314,259.0,3,51.0,30.0,41.0,18.0,33.25,27.5,41.0
2024,14,Snacks,Parle,Parle-G Biscuits,41,6889.122955366595,1700.6299108478088,252.875,4,11.0,51.0,30.0,41.0,33.25,30.125,23.0
2024,15,Snacks,Parle,Parle-G Biscuits,23,2826.208943065241,366.6259791615063,242.875,4,41.0,11.0,51.0,30.0,31.5,31.75,24.0
2024,16,Snacks,Parle,Parle-G Biscuits,24,3636.6443875807518,875.7912362628357,324.0,4,23.0,41.0,11.0,51.0,24.75,29.875,6.0
2024,17,Snacks,Parle,Parle-G Biscuits,6,952.9242328279151,146.69554638826946,186.0,4,24.0,23.0,41.0,11.0,23.5,28.375,20.0
2024,18,Snacks,Parle,Parle-G Biscuits,20,2414.159531605314,410.24130587241075,280.0,5,6.0,24.0,23.0,41.0,18.25,25.75,29.0
2024,19,Snacks,Parle,Parle-G Biscuits,29,4454.061048071065,945.9697253478739,337.0,5,20.0,6.0,24.0,23.0,19.75,25.625,19.0
2024,20,Snacks,Parle,Parle-G Biscuits,19,2902.2082791330977,607.5830915685136,344.6,5,29.0,20.0,6.0,24.0,18.5,21.625,30.0
2024,21,Snacks,Parle,Parle-G Biscuits,30,4519.265798273522,937.5571632817303,320.8,5,19.0,29.0,20.0,6.0,24.5,24.0,34.0
2024,22,Snacks,Parle,Parle-G Biscuits,34,5516.456798826454,1204.3963722303765,244.5,5,30.0,19.0,29.0,20.0,28.0,23.125,34.0
2024,23,Snacks,Parle,Parle-G Biscuits,34,3361.216987167672,570.593519654107,264.22222222222223,6,34.0,30.0,19.0,29.0,29.25,24.5,23.0
2024,24,Snacks,Parle,Parle-G Biscuits,23,2681.7042229274516,626.6852101905539,256.25,6,34.0,34.0,30.0,19.0,30.25,24.375,18.0
2024,25,Snacks,Parle,Parle-G Biscuits,18,2088.3222287816,358.4322353735767,299.5,6,23.0,34.0,34.0,30.0,27.25,25.875,26.0
2024,26,Snacks,Parle,Parle-G Biscuits,26,3147.9575155236726,595.3863390107385,308.0,6,18.0,23.0,34.0,34.0,25.25,26.625,23.0
2024,27,Snacks,Parle,Parle-G Biscuits,23,3489.082131220697,632.6326230317233,254.5,7,26.0,18.0,23.0,34.0,22.5,25.875,19.0
2024,28,Snacks,Parle,Parle-G Biscuits,19,1790.2559129728515,411.91668822033614,339.85714285714283,7,23.0,26.0,18.0,23.0,21.5,25.875,38.0
2024,29,Snacks,Parle,Parle-G Biscuits,38,4332.058820162772,789.739308132697,291.35714285714283,7,19.0,23.0,26.0,18.0,26.5,26.875,11.0
2024,30,Snacks,Parle,Parle-G Biscuits,11,1262.902578853995,163.43709064597684,240.8,7,38.0,19.0,23.0,26.0,22.75,24.0,26.0
2024,31,Snacks,Parle,Parle-G Biscuits,26,3414.5119244208204,682.7338814194679,210.3,8,11.0,38.0,19.0,23.0,23.5,23.0,32.0
2024,32,Snacks,Parle,Parle-G Biscuits,32,3725.959082544893,510.99555768985545,207.0,8,26.0,11.0,38.0,19.0,26.75,24.125,20.0
2024,33,Snacks,Parle,Parle-G Biscuits,20,2115.161977749485,492.69792504477834,345.7142857142857,8,32.0,26.0,11.0,38.0,22.25,24.375,25.0
2024,34,Snacks,Parle,Parle-G Biscuits,25,3397.7119672542644,681.8622731870885,145.22222222222223,8,20.0,32.0,26.0,11.0,25.75,24.25,46.0
2024,35,Snacks,Parle,Parle-G Biscuits,46,7163.7965277351195,1658.0017330256862,273.85714285714283,8,25.0,20.0,32.0,26.0,30.75,27.125,10.0
2024,36,Snacks,Parle,Parle-G Biscuits,10,928.9071578120154,97.00269319428716,239.25,9,46.0,25.0,20.0,32.0,25.25,26.0,23.0
2024,37,Snacks,Parle,Parle-G Biscuits,23,3930.5262565555877,875.7425386711041,361.42857142857144,9,10.0,46.0,25.0,20.0,26.0,24.125,28.0
2024,38,Snacks,Parle,Parle-G Biscuits,28,2664.7049545820432,426.56786408762537,296.4,9,23.0,10.0,46.0,25.0,26.75,26.25,32.0
2024,39,Snacks,Parle,Parle-G Biscuits,32,5580.3813397946,1370.9111664900693,223.4,9,28.0,23.0,10.0,46.0,23.25,27.0,37.0
2024,40,Snacks,Parle,Parle-G Biscuits,37,3971.1565878157976,747.4323645337643,336.25,10,32.0,28.0,23.0,10.0,30.0,27.625,25.0
2024,41,Snacks,Parle,Parle-G Biscuits,25,1883.7913477786649,224.95747467201068,245.33333333333334,10,37.0,32.0,28.0,23.0,30.5,28.25,22.0
2024,42,Snacks,Parle,Parle-G Biscuits,22,3378.9849674571424,730.9011789614478,303.3,10,25.0,37.0,32.0,28.0,29.0,27.875,37.0
2024,43,Snacks,Parle,Parle-G Biscuits,37,3394.8403263144633,680.7622983939841,259.1666666666667,10,22.0,25.0,37.0,32.0,30.25,26.75,21.0
2024,44,Snacks,Parle,Parle-G Biscuits,21,3177.9729169044813,633.8205309399498,297.7,10,37.0,22.0,25.0,37.0,26.25,28.125,19.0
2024,45,Snacks,Parle,Parle-G Biscuits,19,2437.049572786472,538.4654680818289,222.28571428571428,11,21.0,37.0,22.0,25.0,24.75,27.625,26.0
2024,46,Snacks,Parle,Parle-G Biscuits,26,2954.325288768604,431.84103538162236,250.0,11,19.0,21.0,37.0,22.0,25.75,27.375,24.0
2024,47,Snacks,Parle,Parle-G Biscuits,24,3161.550930995402,687.2309363893148,329.3333333333333,11,26.0,19.0,21.0,37.0,22.5,26.375,36.0
2024,48,Snacks,Parle,Parle-G Biscuits,36,4884.521170700348,786.6458366078714,271.72727272727275,11,24.0,26.0,19.0,21.0,26.25,26.25,34.0
2024,49,Snacks,Parle,Parle-G Biscuits,34,4029.162440188813,638.3053264368637,281.6363636363636,12,36.0,24.0,26.0,19.0,30.0,27.375,25.0
2024,50,Snacks,Parle,Parle-G Biscuits,25,4164.7647810430935,912.8349658095532,255.375,12,34.0,36.0,24.0,26.0,29.75,27.75,19.0
2024,51,Snacks,Parle,Parle-G Biscuits,19,2781.654343956815,579.8405880772569,307.22222222222223,12,25.0,34.0,36.0,24.0,28.5,25.5,27.0
2024,8,Beverages,Parle,Parle_Beverages_product,86,8961.123227172993,1718.1511468425094,200.1851851851852,2,86.0,93.0,89.0,85.0,88.5,95.25,104.0
2024,9,Beverages,Parle,Parle_Beverages_product,104,13513.02671887569,2879.056312279069,270.8125,3,86.0,86.0,93.0,89.0,92.25,93.875,92.0
2024,10,Beverages,Parle,Parle_Beverages_product,92,11785.721791858516,2495.3760331490653,258.76666666666665,3,104.0,86.0,86.0,93.0,92.0,90.625,88.0
2024,11,Beverages,Parle,Parle_Beverages_product,88,12365.459323363972,2668.6294054802092,268.2758620689655,3,92.0,104.0,86.0,86.0,92.5,90.375,84.0
2024,12,Beverages,Parle,Parle_Beverages_product,84,11923.498725521531,2200.1625012560635,245.35714285714286,3,88.0,92.0,104.0,86.0,92.0,90.25,79.0
2024,13,Beverages,Parle,Parle_Beverages_product,79,9243.802335308757,1810.353640306256,225.8,3,84.0,88.0,92.0,104.0,85.75,89.0,116.0
2024,14,Beverages,Parle,Parle_Beverages_product,116,14060.516127194902,2944.824155553164,267.25,4,79.0,84.0,88.0,92.0,91.75,91.875,66.0
2024,15,Beverages,Parle,Parle_Beverages_product,66,6800.643787713111,1479.964507126269,232.52380952380952,4,116.0,79.0,84.0,88.0,86.25,89.375,94.0
2024,16,Beverages,Parle,Parle_Beverages_product,94,15019.231353172041,2730.5534861961346,282.6774193548387,4,66.0,116.0,79.0,84.0,88.75,90.375,137.0
2024,17,Beverages,Parle,Parle_Beverages_product,137,18329.195319214698,3106.558917300447,245.5681818181818,4,94.0,66.0,116.0,79.0,103.25,94.5,91.0
2024,18,Beverages,Parle,Parle_Beverages_product,91,14006.899481446153,2784.756077189023,320.4642857142857,5,137.0,94.0,66.0,116.0,97.0,94.375,87.0
2024,19,Beverages,Parle,Parle_Beverages_product,87,9681.392100700648,1778.2861169086436,277.62068965517244,5,91.0,137.0,94.0,66.0,102.25,94.25,96.0
2024,20,Beverages,Parle,Parle_Beverages_product,96,13580.629162103662,2692.17817212013,252.57575757575756,5,87.0,91.0,137.0,94.0,102.75,95.75,75.0
2024,21,Beverages,Parle,Parle_Beverages_product,75,9787.09418199218,2125.6406383988133,246.7037037037037,5,96.0,87.0,91.0,137.0,87.25,95.25,80.0
2024,22,Beverages,Parle,Parle_Beverages_product,80,8168.171785463287,1528.1748337332413,263.1923076923077,5,75.0,96.0,87.0,91.0,84.5,90.75,82.0
2024,23,Beverages,Parle,Parle_Beverages_product,82,10378.112288236785,2017.5111317880044,294.39285714285717,6,80.0,75.0,96.0,87.0,83.25,92.75,104.0
2024,24,Beverages,Parle,Parle_Beverages_product,104,11946.462346372928,2193.5760166493574,303.76666666666665,6,82.0,80.0,75.0,96.0,85.25,94.0,84.0
2024,25,Beverages,Parle,Parle_Beverages_product,84,9912.34700154095,2024.32343136785,247.85185185185185,6,104.0,82.0,80.0,75.0,87.5,87.375,83.0
2024,26,Beverages,Parle,Parle_Beverages_product,83,10268.188485594354,2126.765608409764,268.75,6,84.0,104.0,82.0,80.0,88.25,86.375,78.0
2024,27,Beverages,Parle,Parle_Beverages_product,78,9109.206473585207,2173.0745343703493,339.8,7,83.0,84.0,104.0,82.0,87.25,85.25,89.0
2024,28,Beverages,Parle,Parle_Beverages_product,89,11357.945640914431,2139.229666356616,280.83870967741933,7,78.0,83.0,84.0,104.0,83.5,84.375,58.0
2024,29,Beverages,Parle,Parle_Beverages_product,58,8095.2779947271665,1670.170269696496,327.5238095238095,7,89.0,78.0,83.0,84.0,77.0,82.25,75.0
2024,30,Beverages,Parle,Parle_Beverages_product,75,7667.886222206872,1523.9669917115373,287.7142857142857,7,58.0,89.0,78.0,83.0,75.0,81.625,92.0
2024,31,Beverages,Parle,Parle_Beverages_product,92,12719.159450669345,2773.202267663243,262.2857142857143,7,75.0,58.0,89.0,78.0,78.5,82.875,83.0
2024,32,Beverages,Parle,Parle_Beverages_product,83,11470.22307898266,2147.796849370343,270.2857142857143,8,92.0,75.0,58.0,89.0,77.0,80.25,90.0
2024,33,Beverages,Parle,Parle_Beverages_product,90,12944.512794701532,2205.255942917653,218.27586206896552,8,83.0,92.0,75.0,58.0,85.0,81.0,98.0
2024,34,Beverages,Parle,Parle_Beverages_product,98,14026.464560730523,2917.5103273264317,286.56666666666666,8,90.0,83.0,92.0,75.0,90.75,82.875,91.0
2024,35,Beverages,Parle,Parle_Beverages_product,91,11196.824339998937,2157.741323546246,229.5151515151515,8,98.0,90.0,83.0,92.0,90.5,84.5,74.0
2024,36,Beverages,Parle,Parle_Beverages_product,74,9126.952426055765,1763.8447494073105,288.7692307692308,9,91.0,98.0,90.0,83.0,88.25,82.625,123.0
2024,37,Beverages,Parle,Parle_Beverages_product,123,15824.220303213137,3187.974186871233,260.9736842105263,9,74.0,91.0,98.0,90.0,96.5,90.75,96.0
2024,38,Beverages,Parle,Parle_Beverages_product,96,11571.56577724556,2151.3056261144775,240.44117647058823,9,123.0,74.0,91.0,98.0,96.0,93.375,98.0
2024,39,Beverages,Parle,Parle_Beverages_product,98,11649.344298781925,2406.2176868555607,288.06060606060606,9,96.0,123.0,74.0,91.0,97.75,94.125,84.0
2024,40,Beverages,Parle,Parle_Beverages_product,84,9274.39182952975,2007.0535997069487,230.53571428571428,10,98.0,96.0,123.0,74.0,100.25,94.25,62.0
2024,41,Beverages,Parle,Parle_Beverages_product,62,10050.707789579026,2003.123282735693,207.54545454545453,10,84.0,98.0,96.0,123.0,85.0,90.75,114.0
2024,42,Beverages,Parle,Parle_Beverages_product,114,16565.59033938508,3479.600342651158,279.35135135135135,10,62.0,84.0,98.0,96.0,89.5,92.75,93.0
2024,43,Beverages,Parle,Parle_Beverages_product,93,10155.976074069311,1730.61370229513,267.41379310344826,10,114.0,62.0,84.0,98.0,88.25,93.0,94.0
2024,44,Beverages,Parle,Parle_Beverages_product,94,12512.287947153149,2873.1351214627994,291.84375,10,93.0,114.0,62.0,84.0,90.75,95.5,63.0
2024,45,Beverages,Parle,Parle_Beverages_product,63,8914.066431441963,1815.5861394749045,311.57142857142856,11,94.0,93.0,114.0,62.0,91.0,88.0,86.0
2024,46,Beverages,Parle,Parle_Beverages_product,86,12135.040463615152,2637.706680892176,275.51612903225805,11,63.0,94.0,93.0,114.0,84.0,86.75,66.0
2024,47,Beverages,Parle,Parle_Beverages_product,66,8612.735474574223,1646.7441376263323,244.23809523809524,11,86.0,63.0,94.0,93.0,77.25,82.75,78.0
2024,48,Beverages,Parle,Parle_Beverages_product,78,12422.928407284808,2568.429817138929,247.46153846153845,12,66.0,86.0,63.0,94.0,73.25,82.0,106.0
2024,49,Beverages,Parle,Parle_Beverages_product,106,14316.329565621694,2993.7705669085717,282.9166666666667,12,78.0,66.0,86.0,63.0,84.0,87.5,96.0
2024,50,Beverages,Parle,Parle_Beverages_product,96,10549.208327961986,1951.076645436585,266.6666666666667,12,106.0,78.0,66.0,86.0,86.5,85.25,64.0
2024,51,Beverages,Parle,Parle_Beverages_product,64,9083.357686214456,1811.940588399141,248.14285714285714,12,96.0,106.0,78.0,66.0,86.0,81.625,106.0
2024,8,Dairy,Parle,Parle_Dairy_product,108,15813.95955019801,3170.526469480772,270.5625,2,114.0,117.0,70.0,106.0,102.25,101.0,123.0
2024,9,Dairy,Parle,Parle_Dairy_product,123,15563.231930832539,3315.6291904397526,265.94871794871796,3,108.0,114.0,117.0,70.0,115.5,102.625,53.0
2024,10,Dairy,Parle,Parle_Dairy_product,53,7486.963626144088,1523.7574257618276,231.8421052631579,3,123.0,108.0,114.0,117.0,99.5,99.0,87.0
2024,11,Dairy,Parle,Parle_Dairy_product,87,13697.730205042482,2545.628585024695,269.4166666666667,3,53.0,123.0,108.0,114.0,92.75,97.25,78.0
2024,12,Dairy,Parle,Parle_Dairy_product,78,10373.373934367755,2054.6469101595094,276.10714285714283,3,87.0,53.0,123.0,108.0,85.25,93.75,99.0
2024,13,Dairy,Parle,Parle_Dairy_product,99,14404.170522864877,2736.9571395271314,230.4375,3,78.0,87.0,53.0,123.0,79.25,97.375,103.0
2024,14,Dairy,Parle,Parle_Dairy_product,103,12680.675913896986,2541.858089591422,277.3333333333333,4,99.0,78.0,87.0,53.0,91.75,95.625,73.0
2024,15,Dairy,Parle,Parle_Dairy_product,73,8621.764271574628,1642.6031754848054,271.7826086956522,4,103.0,99.0,78.0,87.0,88.25,90.5,93.0
2024,16,Dairy,Parle,Parle_Dairy_product,93,14804.385868943911,3290.59852840022,270.6,4,73.0,103.0,99.0,78.0,92.0,88.625,72.0
2024,17,Dairy,Parle,Parle_Dairy_product,72,10381.16954376442,2102.4397774793806,299.125,4,93.0,73.0,103.0,99.0,85.25,82.25,89.0
2024,18,Dairy,Parle,Parle_Dairy_product,89,10782.581230504078,2039.898949912816,278.61290322580646,5,72.0,93.0,73.0,103.0,81.75,86.75,49.0
2024,19,Dairy,Parle,Parle_Dairy_product,49,6347.5043316383735,1490.161003387805,283.3125,5,89.0,72.0,93.0,73.0,75.75,82.0,115.0
2024,20,Dairy,Parle,Parle_Dairy_product,115,15123.786292578718,3100.441367377253,284.7027027027027,5,49.0,89.0,72.0,93.0,81.25,86.625,93.0
2024,21,Dairy,Parle,Parle_Dairy_product,93,11297.870637542848,2356.911724378735,280.85714285714283,5,115.0,49.0,89.0,72.0,86.5,85.875,114.0
2024,22,Dairy,Parle,Parle_Dairy_product,114,14805.35360213785,2579.384116211953,259.5,5,93.0,115.0,49.0,89.0,92.75,87.25,82.0
2024,23,Dairy,Parle,Parle_Dairy_product,82,12221.305874749205,2739.555047563853,257.53846153846155,6,114.0,93.0,115.0,49.0,101.0,88.375,49.0
2024,24,Dairy,Parle,Parle_Dairy_product,49,6764.743174479291,1354.410982107833,304.0,6,82.0,114.0,93.0,115.0,84.5,82.875,62.0
2024,25,Dairy,Parle,Parle_Dairy_product,62,5360.867806723954,1016.1810635722801,288.25,6,49.0,82.0,114.0,93.0,76.75,81.625,104.0
2024,26,Dairy,Parle,Parle_Dairy_product,104,14981.156524233258,3158.3612168285563,278.4848484848485,6,62.0,49.0,82.0,114.0,74.25,83.5,71.0
2024,27,Dairy,Parle,Parle_Dairy_product,71,8298.68616656223,1479.4212426336846,276.1111111111111,7,104.0,62.0,49.0,82.0,71.5,86.25,92.0
2024,28,Dairy,Parle,Parle_Dairy_product,92,10739.339087370847,2077.3576609160355,318.1,7,71.0,104.0,62.0,49.0,82.25,83.375,93.0
2024,29,Dairy,Parle,Parle_Dairy_product,93,13465.449554568031,2584.8885196481087,267.71875,7,92.0,71.0,104.0,62.0,90.0,83.375,62.0
2024,30,Dairy,Parle,Parle_Dairy_product,62,8954.152228859564,1386.065661378379,250.38095238095238,7,93.0,92.0,71.0,104.0,79.5,76.875,83.0
2024,31,Dairy,Parle,Parle_Dairy_product,83,13175.17948969808,2818.3167631435376,265.8709677419355,8,62.0,93.0,92.0,71.0,82.5,77.0,86.0
2024,32,Dairy,Parle,Parle_Dairy_product,86,8527.343969643802,1789.4285197146687,318.6296296296296,8,83.0,62.0,93.0,92.0,81.0,81.625,65.0
2024,33,Dairy,Parle,Parle_Dairy_product,65,7239.67577924055,1488.1596845797087,276.4782608695652,8,86.0,83.0,62.0,93.0,74.0,82.0,59.0
2024,34,Dairy,Parle,Parle_Dairy_product,59,8969.786812588885,1914.7280233486408,298.05263157894734,8,65.0,86.0,83.0,62.0,73.25,76.375,80.0
2024,35,Dairy,Parle,Parle_Dairy_product,80,11127.860151439434,2225.9187689511245,322.92,9,59.0,65.0,86.0,83.0,72.5,77.5,76.0
2024,36,Dairy,Parle,Parle_Dairy_product,76,9191.735186635979,1738.109374125611,279.5,9,80.0,59.0,65.0,86.0,70.0,75.5,114.0
2024,37,Dairy,Parle,Parle_Dairy_product,114,15015.968489578838,3050.5246587240204,251.19444444444446,9,76.0,80.0,59.0,65.0,82.25,78.125,111.0
2024,38,Dairy,Parle,Parle_Dairy_product,111,15977.104624885125,2780.437973434795,274.20588235294116,9,114.0,76.0,80.0,59.0,95.25,84.25,83.0
2024,39,Dairy,Parle,Parle_Dairy_product,83,11056.50314346349,2490.018821447314,246.11111111111111,9,111.0,114.0,76.0,80.0,96.0,84.25,68.0
2024,40,Dairy,Parle,Parle_Dairy_product,68,8331.120620637987,1789.940103790628,299.8695652173913,10,83.0,111.0,114.0,76.0,94.0,82.0,98.0
2024,41,Dairy,Parle,Parle_Dairy_product,98,11917.454748664264,2381.388075219805,273.2432432432432,10,68.0,83.0,111.0,114.0,90.0,86.125,108.0
2024,42,Dairy,Parle,Parle_Dairy_product,108,13296.41978600624,2455.2142666014074,283.3235294117647,10,98.0,68.0,83.0,111.0,89.25,92.25,115.0
2024,43,Dairy,Parle,Parle_Dairy_product,115,16348.90535058345,3371.5142702674702,247.4848484848485,10,108.0,98.0,68.0,83.0,97.25,96.625,68.0
2024,44,Dairy,Parle,Parle_Dairy_product,68,7941.385225266679,1703.0175516110978,270.8695652173913,10,115.0,108.0,98.0,68.0,97.25,95.625,116.0
2024,45,Dairy,Parle,Parle_Dairy_product,116,16158.487583046506,3350.7331350714253,268.8529411764706,11,68.0,115.0,108.0,98.0,101.75,95.875,69.0
2024,46,Dairy,Parle,Parle_Dairy_product,69,9971.951434105951,1758.173036696724,283.48387096774195,11,116.0,68.0,115.0,108.0,92.0,90.625,87.0
2024,47,Dairy,Parle,Parle_Dairy_product,87,13428.855169385823,3078.5199681574663,280.08,11,69.0,116.0,68.0,115.0,85.0,91.125,55.0
2024,48,Dairy,Parle,Parle_Dairy_product,55,5577.137973254468,1226.134693676963,317.94736842105266,11,87.0,69.0,116.0,68.0,81.75,89.5,120.0
2024,49,Dairy,Parle,Parle_Dairy_product,120,12677.454721793663,2790.9982241372836,280.45714285714286,12,55.0,87.0,69.0,116.0,82.75,92.25,72.0
2024,50,Dairy,Parle,Parle_Dairy_product,72,9135.718554501293,1996.667308487352,291.96153846153845,12,120.0,55.0,87.0,69.0,83.5,87.75,121.0
2024,51,Dairy,Parle,Parle_Dairy_product,121,15390.379902808449,3047.3407366494584,262.28205128205127,12,72.0,120.0,55.0,87.0,92.0,88.5,82.0
2024,8,Fruits,Parle,Parle_Fruits_product,96,13672.567699570018,2287.835802289164,292.82142857142856,2,99.0,71.0,84.0,81.0,87.5,92.25,108.0
2024,9,Fruits,Parle,Parle_Fruits_product,108,9970.648484451163,2203.957704491206,244.15151515151516,2,96.0,99.0,71.0,84.0,93.5,93.125,72.0
2024,10,Fruits,Parle,Parle_Fruits_product,72,7625.835615453412,1545.9057193351314,205.17241379310346,3,108.0,96.0,99.0,71.0,93.75,86.875,87.0
2024,11,Fruits,Parle,Parle_Fruits_product,87,10856.892580460873,2030.5498129147365,272.6666666666667,3,72.0,108.0,96.0,99.0,90.75,87.25,51.0
2024,12,Fruits,Parle,Parle_Fruits_product,51,6158.698314457135,1023.9008348413153,244.7,3,87.0,72.0,108.0,96.0,79.5,83.5,165.0
2024,13,Fruits,Parle,Parle_Fruits_product,165,20315.54572209151,4092.212677213779,293.4313725490196,3,51.0,87.0,72.0,108.0,93.75,93.625,98.0
2024,14,Fruits,Parle,Parle_Fruits_product,98,12820.716882531477,2548.376914375507,276.1515151515151,4,165.0,51.0,87.0,72.0,100.25,97.0,102.0
2024,15,Fruits,Parle,Parle_Fruits_product,102,13189.825821749782,2593.8436207601653,258.94117647058823,4,98.0,165.0,51.0,87.0,104.0,97.375,89.0
2024,16,Fruits,Parle,Parle_Fruits_product,89,12550.931137498046,3009.71394056843,306.6333333333333,4,102.0,98.0,165.0,51.0,113.5,96.5,84.0
2024,17,Fruits,Parle,Parle_Fruits_product,84,11884.792926527989,2130.9259440874903,321.7083333333333,4,89.0,102.0,98.0,165.0,93.25,93.5,77.0
2024,18,Fruits,Parle,Parle_Fruits_product,77,10923.034700424634,2154.8780277570972,261.46153846153845,5,84.0,89.0,102.0,98.0,88.0,94.125,68.0
2024,19,Fruits,Parle,Parle_Fruits_product,68,9159.397928105695,1898.480015747792,301.7037037037037,5,77.0,84.0,89.0,102.0,79.5,91.75,116.0
2024,20,Fruits,Parle,Parle_Fruits_product,116,17855.145598617157,3709.436267499981,251.84615384615384,5,68.0,77.0,84.0,89.0,86.25,99.875,100.0
2024,21,Fruits,Parle,Parle_Fruits_product,100,11286.11043560094,2481.6216979902124,296.90625,5,116.0,68.0,77.0,84.0,90.25,91.75,92.0
2024,22,Fruits,Parle,Parle_Fruits_product,92,13371.568449152246,2747.0810790098544,264.21875,5,100.0,116.0,68.0,77.0,94.0,91.0,94.0
2024,23,Fruits,Parle,Parle_Fruits_product,94,11881.349043772001,2198.9202382418835,321.3225806451613,6,92.0,100.0,116.0,68.0,100.5,90.0,98.0
2024,24,Fruits,Parle,Parle_Fruits_product,98,12997.86221981112,2449.7422178736124,303.8,6,94.0,92.0,100.0,116.0,96.0,91.125,85.0
2024,25,Fruits,Parle,Parle_Fruits_product,85,11292.329651989767,2427.8325350670243,270.6551724137931,6,98.0,94.0,92.0,100.0,92.25,91.25,94.0
2024,26,Fruits,Parle,Parle_Fruits_product,94,11603.990440718764,2274.626670154239,275.85714285714283,6,85.0,98.0,94.0,92.0,92.75,93.375,115.0
2024,27,Fruits,Parle,Parle_Fruits_product,115,13242.106805878957,2184.4048473261055,246.94285714285715,7,94.0,85.0,98.0,94.0,98.0,99.25,79.0
2024,28,Fruits,Parle,Parle_Fruits_product,79,9804.821783247395,2120.951421176586,309.34615384615387,7,115.0,94.0,85.0,98.0,93.25,94.625,74.0
2024,29,Fruits,Parle,Parle_Fruits_product,74,10424.221866922198,1860.0107589559036,222.82142857142858,7,79.0,115.0,94.0,85.0,90.5,91.375,67.0
2024,30,Fruits,Parle,Parle_Fruits_product,67,8179.504619630441,1544.6645309563426,243.92,7,74.0,79.0,115.0,94.0,83.75,88.25,94.0
2024,31,Fruits,Parle,Parle_Fruits_product,94,11775.81448346768,2545.6444929643567,288.2352941176471,8,67.0,74.0,79.0,115.0,78.5,88.25,79.0
2024,32,Fruits,Parle,Parle_Fruits_product,79,11376.283834008605,2324.9693109153663,270.8333333333333,8,94.0,67.0,74.0,79.0,78.5,85.875,91.0
2024,33,Fruits,Parle,Parle_Fruits_product,91,12161.879404416426,2361.867451806031,233.03333333333333,8,79.0,94.0,67.0,74.0,82.75,86.625,97.0
2024,34,Fruits,Parle,Parle_Fruits_product,97,13480.810122718456,2736.5039871411495,304.27272727272725,8,91.0,79.0,94.0,67.0,90.25,87.0,113.0
2024,35,Fruits,Parle,Parle_Fruits_product,113,14535.662216906201,2995.2034861528405,276.55882352941177,8,97.0,91.0,79.0,94.0,95.0,86.75,88.0
2024,36,Fruits,Parle,Parle_Fruits_product,88,10762.998735623925,2048.8486910294473,276.60714285714283,9,113.0,97.0,91.0,79.0,97.25,87.875,99.0
2024,37,Fruits,Parle,Parle_Fruits_product,99,13100.370391437014,2824.114577495386,278.20588235294116,9,88.0,113.0,97.0,91.0,99.25,91.0,123.0
2024,38,Fruits,Parle,Parle_Fruits_product,123,17030.98260803121,3149.803944040301,304.56756756756755,9,99.0,88.0,113.0,97.0,105.75,98.0,67.0
2024,39,Fruits,Parle,Parle_Fruits_product,67,9797.881638794068,1964.179706752889,265.17391304347825,9,123.0,99.0,88.0,113.0,94.25,94.625,88.0
2024,40,Fruits,Parle,Parle_Fruits_product,88,12656.706764892637,2896.288991418245,308.2758620689655,10,67.0,123.0,99.0,88.0,94.25,95.75,91.0
2024,41,Fruits,Parle,Parle_Fruits_product,91,12770.29677583554,2385.983688314853,250.93103448275863,10,88.0,67.0,123.0,99.0,92.25,95.75,88.0
2024,42,Fruits,Parle,Parle_Fruits_product,88,9592.281607732126,1941.033667487873,220.53333333333333,10,91.0,88.0,67.0,123.0,83.5,94.625,54.0
2024,43,Fruits,Parle,Parle_Fruits_product,54,6844.853472572084,1370.808375644131,264.9,10,88.0,91.0,88.0,67.0,80.25,87.25,110.0
2024,44,Fruits,Parle,Parle_Fruits_product,110,14433.896858967348,2987.415909317449,291.17241379310343,11,54.0,88.0,91.0,88.0,85.75,90.0,86.0
2024,45,Fruits,Parle,Parle_Fruits_product,86,10167.021034557567,1985.23750118542,293.3333333333333,11,110.0,54.0,88.0,91.0,84.5,88.375,90.0
2024,46,Fruits,Parle,Parle_Fruits_product,90,9377.329526131787,2059.9517340702128,269.0625,11,86.0,110.0,54.0,88.0,85.0,84.25,78.0
2024,47,Fruits,Parle,Parle_Fruits_product,78,9046.12838386455,1667.7137077685184,232.53846153846155,11,90.0,86.0,110.0,54.0,91.0,85.625,109.0
2024,48,Fruits,Parle,Parle_Fruits_product,109,13616.065754859108,2652.749083948687,266.45454545454544,11,78.0,90.0,86.0,110.0,90.75,88.25,88.0
2024,49,Fruits,Parle,Parle_Fruits_product,88,10755.811264757529,2086.9091013612365,279.64285714285717,12,109.0,78.0,90.0,86.0,91.25,87.875,79.0
2024,50,Fruits,Parle,Parle_Fruits_product,79,8503.58068329999,1554.2264162992876,270.0,12,88.0,109.0,78.0,90.0,88.5,86.75,114.0
2024,51,Fruits,Parle,Parle_Fruits_product,114,13243.532402289784,2326.3303568979263,264.7105263157895,12,79.0,88.0,109.0,78.0,97.5,94.25,94.0
2024,8,Grocery,Parle,Parle_Grocery_product,73,8659.633540183255,1559.7605781114514,273.68,2,106.0,67.0,113.0,122.0,89.75,101.5,102.0
2024,9,Grocery,Parle,Parle_Grocery_product,102,16580.3864696956,3403.1905087646464,241.93103448275863,2,73.0,106.0,67.0,113.0,87.0,98.875,98.0
2024,10,Grocery,Parle,Parle_Grocery_product,98,12668.8478458438,2773.778423750253,283.09375,3,102.0,73.0,106.0,67.0,94.75,98.5,65.0
2024,11,Grocery,Parle,Parle_Grocery_product,65,7349.047792712163,1498.5000298873692,288.4,3,98.0,102.0,73.0,106.0,84.5,93.25,73.0
2024,12,Grocery,Parle,Parle_Grocery_product,73,11187.889405623366,2341.9380266233966,287.0,3,65.0,98.0,102.0,73.0,84.5,87.125,59.0
2024,13,Grocery,Parle,Parle_Grocery_product,59,10341.98225811255,2254.8561166891463,320.3636363636364,3,73.0,65.0,98.0,102.0,73.75,80.375,82.0
2024,14,Grocery,Parle,Parle_Grocery_product,82,11665.449514401771,2382.4241806407554,256.82608695652175,4,59.0,73.0,65.0,98.0,69.75,82.25,94.0
2024,15,Grocery,Parle,Parle_Grocery_product,94,13650.671329730578,2900.702637310646,317.64516129032256,4,82.0,59.0,73.0,65.0,77.0,80.75,94.0
2024,16,Grocery,Parle,Parle_Grocery_product,94,15062.970532703004,3387.783277028172,254.11428571428573,4,94.0,82.0,59.0,73.0,82.25,83.375,118.0
2024,17,Grocery,Parle,Parle_Grocery_product,118,18450.10765298314,4290.874789385031,246.125,4,94.0,94.0,82.0,59.0,97.0,85.375,123.0
2024,18,Grocery,Parle,Parle_Grocery_product,123,16210.594629051462,3521.526409424518,292.6511627906977,5,118.0,94.0,94.0,82.0,107.25,88.5,67.0
2024,19,Grocery,Parle,Parle_Grocery_product,67,9407.495719546974,1651.5205573224189,258.81481481481484,5,123.0,118.0,94.0,94.0,100.5,88.75,91.0
2024,20,Grocery,Parle,Parle_Grocery_product,91,12520.634819098574,2340.1484247619223,241.54545454545453,5,67.0,123.0,118.0,94.0,99.75,91.0,88.0
2024,21,Grocery,Parle,Parle_Grocery_product,88,11809.194427023787,2417.670833164323,287.25,5,91.0,67.0,123.0,118.0,92.25,94.625,79.0
2024,22,Grocery,Parle,Parle_Grocery_product,79,9792.29276637423,1977.568279328284,265.38461538461536,5,88.0,91.0,67.0,123.0,81.25,94.25,94.0
2024,23,Grocery,Parle,Parle_Grocery_product,94,11155.407872178368,2194.0211136335283,261.96774193548384,6,79.0,88.0,91.0,67.0,88.0,94.25,70.0
2024,24,Grocery,Parle,Parle_Grocery_product,70,9085.404968238146,1592.9987774511678,240.44827586206895,6,94.0,79.0,88.0,91.0,82.75,91.25,69.0
2024,25,Grocery,Parle,Parle_Grocery_product,69,10833.025969406568,2396.9471056771026,277.2758620689655,6,70.0,94.0,79.0,88.0,78.0,85.125,89.0
2024,26,Grocery,Parle,Parle_Grocery_product,89,10854.714268711949,2031.7866850998064,283.75,6,69.0,70.0,94.0,79.0,80.5,80.875,87.0
2024,27,Grocery,Parle,Parle_Grocery_product,87,8705.181172487539,1889.4098540673128,288.85714285714283,7,89.0,69.0,70.0,94.0,78.75,83.375,124.0
2024,28,Grocery,Parle,Parle_Grocery_product,124,14866.880979628613,2948.746477324969,276.5121951219512,7,87.0,89.0,69.0,70.0,92.25,87.5,105.0
2024,29,Grocery,Parle,Parle_Grocery_product,105,14043.652041904756,2862.614906792864,302.0,7,124.0,87.0,89.0,69.0,101.25,89.625,66.0
2024,30,Grocery,Parle,Parle_Grocery_product,66,9333.416427305605,1964.3574481679568,247.08333333333334,7,105.0,124.0,87.0,89.0,95.5,88.0,98.0
2024,31,Grocery,Parle,Parle_Grocery_product,98,12337.69199433198,2112.026151147976,313.76666666666665,7,66.0,105.0,124.0,87.0,98.25,88.5,80.0
2024,32,Grocery,Parle,Parle_Grocery_product,80,11753.877458284504,2134.458444030713,249.0,8,98.0,66.0,105.0,124.0,87.25,89.75,89.0
2024,33,Grocery,Parle,Parle_Grocery_product,89,13607.995047538121,2436.847457684652,230.89285714285714,8,80.0,98.0,66.0,105.0,83.25,92.25,78.0
2024,34,Grocery,Parle,Parle_Grocery_product,78,10265.1028540272,1817.2670120887856,281.03333333333336,8,89.0,80.0,98.0,66.0,86.25,90.875,82.0
2024,35,Grocery,Parle,Parle_Grocery_product,82,12543.516751240697,2652.3306038393057,261.7,8,78.0,89.0,80.0,98.0,82.25,90.25,61.0
2024,36,Grocery,Parle,Parle_Grocery_product,61,10156.797769854697,2427.909197484089,294.9130434782609,9,82.0,78.0,89.0,80.0,77.5,82.375,64.0
2024,37,Grocery,Parle,Parle_Grocery_product,64,7004.476208569487,1486.438963890726,290.5416666666667,9,61.0,82.0,78.0,89.0,71.25,77.25,104.0
2024,38,Grocery,Parle,Parle_Grocery_product,104,10352.24707818234,1989.5275129458332,289.34375,9,64.0,61.0,82.0,78.0,77.75,82.0,84.0
2024,39,Grocery,Parle,Parle_Grocery_product,84,11687.500795405205,2258.6155973759323,268.37931034482756,9,104.0,64.0,61.0,82.0,78.25,80.25,86.0
2024,40,Grocery,Parle,Parle_Grocery_product,86,12210.104997236484,2330.6715172574995,264.46153846153845,10,84.0,104.0,64.0,61.0,84.5,81.0,92.0
2024,41,Grocery,Parle,Parle_Grocery_product,92,12712.729232862805,2417.076924999659,274.6060606060606,10,86.0,84.0,104.0,64.0,91.5,81.375,68.0
2024,42,Grocery,Parle,Parle_Grocery_product,68,7775.932780766885,1419.0237509566161,302.7142857142857,10,92.0,86.0,84.0,104.0,82.5,80.125,75.0
2024,43,Grocery,Parle,Parle_Grocery_product,75,9645.670461709982,1663.678663664417,282.25,10,68.0,92.0,86.0,84.0,80.25,79.25,85.0
2024,44,Grocery,Parle,Parle_Grocery_product,85,11147.165646316544,2217.304864365157,294.9230769230769,11,75.0,68.0,92.0,86.0,80.0,82.25,101.0
2024,45,Grocery,Parle,Parle_Grocery_product,101,11251.175725183208,2111.2237575699464,305.65625,11,85.0,75.0,68.0,92.0,82.25,86.875,73.0
2024,46,Grocery,Parle,Parle_Grocery_product,73,9495.689544162988,2090.2795297129833,262.25,11,101.0,85.0,75.0,68.0,83.5,83.0,88.0
2024,47,Grocery,Parle,Parle_Grocery_product,88,12331.467640798446,2684.301946688921,308.51612903225805,11,73.0,101.0,85.0,75.0,86.75,83.5,75.0
2024,48,Grocery,Parle,Parle_Grocery_product,75,8523.586324012524,1600.1796935910586,280.62068965517244,11,88.0,73.0,101.0,85.0,84.25,82.125,77.0
2024,49,Grocery,Parle,Parle_Grocery_product,77,11115.340558909507,2273.245642767273,322.8636363636364,12,75.0,88.0,73.0,101.0,78.25,80.25,78.0
2024,50,Grocery,Parle,Parle_Grocery_product,78,11525.235166235712,2288.956541756536,248.76923076923077,12,77.0,75.0,88.0,73.0,79.5,81.5,103.0
2024,51,Grocery,Parle,Parle_Grocery_product,103,13846.881728261153,2502.5339121894044,233.93548387096774,12,78.0,77.0,75.0,88.0,83.25,85.0,76.0
2024,8,Home Care,Parle,Parle_Home Care_product,57,7883.407555039746,1488.2149270035395,261.27272727272725,2,107.0,60.0,66.0,62.0,72.5,80.375,122.0
2024,9,Home Care,Parle,Parle_Home Care_product,122,18753.559559102323,4197.87406115213,274.22857142857146,2,57.0,107.0,60.0,66.0,86.5,85.25,111.0
2024,10,Home Care,Parle,Parle_Home Care_product,111,13998.052618729072,2805.03891029721,281.92105263157896,3,122.0,57.0,107.0,60.0,99.25,86.25,80.0
2024,11,Home Care,Parle,Parle_Home Care_product,80,10482.597770051132,1835.2217729254207,252.89285714285714,3,111.0,122.0,57.0,107.0,92.5,83.125,60.0
2024,12,Home Care,Parle,Parle_Home Care_product,60,7115.905897962982,1157.4962144684707,254.8095238095238,3,80.0,111.0,122.0,57.0,93.25,82.875,100.0
2024,13,Home Care,Parle,Parle_Home Care_product,100,12414.621909213633,2587.0528614823097,237.66666666666666,3,60.0,80.0,111.0,122.0,87.75,87.125,84.0
2024,14,Home Care,Parle,Parle_Home Care_product,84,10251.052003947636,2260.4682793119305,294.39285714285717,4,100.0,60.0,80.0,111.0,81.0,90.125,85.0
2024,15,Home Care,Parle,Parle_Home Care_product,85,10266.364538444059,1788.1103977213934,247.2,4,84.0,100.0,60.0,80.0,82.25,87.375,92.0
2024,16,Home Care,Parle,Parle_Home Care_product,92,10294.189994620845,2315.324339173266,295.60714285714283,4,85.0,84.0,100.0,60.0,90.25,91.75,101.0
2024,17,Home Care,Parle,Parle_Home Care_product,101,10969.273399340775,2192.4918718757995,265.72727272727275,4,92.0,85.0,84.0,100.0,90.5,89.125,93.0
2024,18,Home Care,Parle,Parle_Home Care_product,93,11349.672628191862,2373.3459721830554,278.741935483871,5,101.0,92.0,85.0,84.0,92.75,86.875,75.0
2024,19,Home Care,Parle,Parle_Home Care_product,75,10621.150531983089,1905.2052052946287,271.6333333333333,5,93.0,101.0,92.0,85.0,90.25,86.25,65.0
2024,20,Home Care,Parle,Parle_Home Care_product,65,10649.854403272937,2311.4389704260743,254.83333333333334,5,75.0,93.0,101.0,92.0,83.5,86.875,75.0
2024,21,Home Care,Parle,Parle_Home Care_product,75,7531.534683923465,1587.3805622337036,261.77777777777777,5,65.0,75.0,93.0,101.0,77.0,83.75,96.0
2024,22,Home Care,Parle,Parle_Home Care_product,96,14357.729246267976,2668.6122852292056,259.35483870967744,6,75.0,65.0,75.0,93.0,77.75,85.25,78.0
2024,23,Home Care,Parle,Parle_Home Care_product,78,11052.836262661673,2187.1992401550406,268.84615384615387,6,96.0,75.0,65.0,75.0,78.5,84.375,81.0
2024,24,Home Care,Parle,Parle_Home Care_product,81,11814.489014705076,2398.519024654088,271.06666666666666,6,78.0,96.0,75.0,65.0,82.5,83.0,75.0
2024,25,Home Care,Parle,Parle_Home Care_product,75,9880.790469642152,1913.6426410004474,253.2962962962963,6,81.0,78.0,96.0,75.0,82.5,79.75,84.0
2024,26,Home Care,Parle,Parle_Home Care_product,84,12390.956856400417,2774.4742744824007,277.4230769230769,6,75.0,81.0,78.0,96.0,79.5,78.625,94.0
2024,27,Home Care,Parle,Parle_Home Care_product,94,9163.53817969601,1792.0867858429308,288.741935483871,7,84.0,75.0,81.0,78.0,83.5,81.0,95.0
2024,28,Home Care,Parle,Parle_Home Care_product,95,9583.13916161878,1974.3409430691593,282.125,7,94.0,84.0,75.0,81.0,87.0,84.75,67.0
2024,29,Home Care,Parle,Parle_Home Care_product,67,9463.379550781394,1894.2326257115594,282.7391304347826,7,95.0,94.0,84.0,75.0,85.0,83.75,67.0
2024,30,Home Care,Parle,Parle_Home Care_product,67,10723.548112107213,2359.2069868484427,239.17391304347825,7,67.0,95.0,94.0,84.0,80.75,80.125,119.0
2024,31,Home Care,Parle,Parle_Home Care_product,119,17102.152029466135,3714.1455812982517,274.09090909090907,7,67.0,67.0,95.0,94.0,87.0,85.25,85.0
2024,32,Home Care,Parle,Parle_Home Care_product,85,11935.603756592198,2490.1228764037437,275.8666666666667,8,119.0,67.0,67.0,95.0,84.5,85.75,107.0
2024,33,Home Care,Parle,Parle_Home Care_product,107,16451.046190303132,3175.1639668542157,290.27777777777777,8,85.0,119.0,67.0,67.0,94.5,89.75,98.0
2024,34,Home Care,Parle,Parle_Home Care_product,98,11506.331194302757,1844.5506714345693,259.3333333333333,8,107.0,85.0,119.0,67.0,102.25,91.5,87.0
2024,35,Home Care,Parle,Parle_Home Care_product,87,8813.896687167402,1695.2130581979332,262.03333333333336,8,98.0,107.0,85.0,119.0,94.25,90.625,73.0
2024,36,Home Care,Parle,Parle_Home Care_product,73,10758.268891014397,2027.9939515884432,322.46153846153845,9,87.0,98.0,107.0,85.0,91.25,87.875,87.0
2024,37,Home Care,Parle,Parle_Home Care_product,87,11134.393258005895,2241.0067853361684,301.9032258064516,9,73.0,87.0,98.0,107.0,86.25,90.375,116.0
2024,38,Home Care,Parle,Parle_Home Care_product,116,14085.240968785813,2286.194790601403,271.2121212121212,9,87.0,73.0,87.0,98.0,90.75,96.5,84.0
2024,39,Home Care,Parle,Parle_Home Care_product,84,11768.293463231199,1969.6137652233253,278.1111111111111,9,116.0,87.0,73.0,87.0,90.0,92.125,63.0
2024,40,Home Care,Parle,Parle_Home Care_product,63,7735.2148165248245,1712.6716633189849,218.82608695652175,10,84.0,116.0,87.0,73.0,87.5,89.375,109.0
2024,41,Home Care,Parle,Parle_Home Care_product,109,14571.152220509324,2830.6350923630243,258.75757575757575,10,63.0,84.0,116.0,87.0,93.0,89.625,101.0
2024,42,Home Care,Parle,Parle_Home Care_product,101,13801.235749275802,2656.2649437005794,250.64102564102564,10,109.0,63.0,84.0,116.0,89.25,90.0,66.0
2024,43,Home Care,Parle,Parle_Home Care_product,66,5466.003232450306,1098.9271614138124,261.04761904761904,10,101.0,109.0,63.0,84.0,84.75,87.375,88.0
2024,44,Home Care,Parle,Parle_Home Care_product,88,10054.628894122752,2052.348544943424,239.2,10,66.0,101.0,109.0,63.0,91.0,89.25,108.0
2024,45,Home Care,Parle,Parle_Home Care_product,108,12877.26977674705,2855.567028022762,293.7878787878788,11,88.0,66.0,101.0,109.0,90.75,91.875,83.0
2024,46,Home Care,Parle,Parle_Home Care_product,83,10758.80665254728,1922.732318829131,262.7586206896552,11,108.0,88.0,66.0,101.0,86.25,87.75,59.0
2024,47,Home Care,Parle,Parle_Home Care_product,59,8144.470514386417,1804.7264229432585,280.5,11,83.0,108.0,88.0,66.0,84.5,84.625,66.0
2024,48,Home Care,Parle,Parle_Home Care_product,66,7962.645952251261,1401.7667874487047,287.95652173913044,11,59.0,83.0,108.0,88.0,79.0,85.0,109.0
2024,49,Home Care,Parle,Parle_Home Care_product,109,13629.368729652559,2404.4810821061355,282.02777777777777,12,66.0,59.0,83.0,108.0,79.25,85.0,84.0
2024,50,Home Care,Parle,Parle_Home Care_product,84,12345.956006076223,2604.903793918918,252.58620689655172,12,109.0,66.0,59.0,83.0,79.5,82.875,86.0
2024,51,Home Care,Parle,Parle_Home Care_product,86,9607.467799234673,2028.9823154300698,264.06451612903226,12,84.0,109.0,66.0,59.0,86.25,85.375,67.0
2024,8,Personal Care,Parle,Parle_Personal Care_product,97,12510.45756944057,2393.518481504762,263.96875,2,101.0,117.0,107.0,94.0,105.5,99.625,64.0
2024,9,Personal Care,Parle,Parle_Personal Care_product,64,7063.852163515884,1333.4422474514256,289.09090909090907,2,97.0,101.0,117.0,107.0,94.75,96.0,85.0
2024,10,Personal Care,Parle,Parle_Personal Care_product,85,12870.330506342596,2618.9245788989883,256.84615384615387,3,64.0,97.0,101.0,117.0,86.75,94.0,80.0
2024,11,Personal Care,Parle,Parle_Personal Care_product,80,12214.90574750924,2427.935807329387,254.46428571428572,3,85.0,64.0,97.0,101.0,81.5,93.125,81.0
2024,12,Personal Care,Parle,Parle_Personal Care_product,81,10416.597204658563,2118.1004176865117,292.82758620689657,3,80.0,85.0,64.0,97.0,77.5,91.5,77.0
2024,13,Personal Care,Parle,Parle_Personal Care_product,77,10271.018513788076,2334.2180418861117,300.9259259259259,3,81.0,80.0,85.0,64.0,80.75,87.75,82.0
2024,14,Personal Care,Parle,Parle_Personal Care_product,82,11143.707799048629,2268.2080182600353,255.7037037037037,4,77.0,81.0,80.0,85.0,80.0,83.375,95.0
2024,15,Personal Care,Parle,Parle_Personal Care_product,95,13402.321221206126,2766.8321023407107,254.93939393939394,4,82.0,77.0,81.0,80.0,83.75,82.625,86.0
2024,16,Personal Care,Parle,Parle_Personal Care_product,86,14389.741230590955,3078.469975722631,251.67741935483872,4,95.0,82.0,77.0,81.0,85.0,81.25,63.0
2024,17,Personal Care,Parle,Parle_Personal Care_product,63,10559.520732974424,2136.9002934351806,256.54545454545456,4,86.0,95.0,82.0,77.0,81.5,81.125,71.0
2024,18,Personal Care,Parle,Parle_Personal Care_product,71,10503.898161224864,2279.807168608371,259.04545454545456,4,63.0,86.0,95.0,82.0,78.75,79.375,141.0
2024,19,Personal Care,Parle,Parle_Personal Care_product,141,17796.811253956297,3463.888927309058,292.32608695652175,5,71.0,63.0,86.0,95.0,90.25,87.0,74.0
2024,20,Personal Care,Parle,Parle_Personal Care_product,74,9049.777788552285,1846.2367848463043,286.8,5,141.0,71.0,63.0,86.0,87.25,86.125,97.0
2024,21,Personal Care,Parle,Parle_Personal Care_product,97,14348.883840609373,3129.1282913780606,250.9,5,74.0,141.0,71.0,63.0,95.75,88.625,71.0
2024,22,Personal Care,Parle,Parle_Personal Care_product,71,7930.166086928883,1770.6929103995483,260.9583333333333,6,97.0,74.0,141.0,71.0,95.75,87.25,67.0
2024,23,Personal Care,Parle,Parle_Personal Care_product,67,7960.636164117377,1601.0374015419648,287.39130434782606,6,71.0,97.0,74.0,141.0,77.25,83.75,82.0
2024,24,Personal Care,Parle,Parle_Personal Care_product,82,10278.222015746845,2208.9889101404997,281.51851851851853,6,67.0,71.0,97.0,74.0,79.25,83.25,108.0
2024,25,Personal Care,Parle,Parle_Personal Care_product,108,12016.225203062722,2685.6631847190524,304.03125,6,82.0,67.0,71.0,97.0,82.0,88.875,105.0
2024,26,Personal Care,Parle,Parle_Personal Care_product,105,14333.508119202124,3046.58260515415,260.25714285714287,6,108.0,82.0,67.0,71.0,90.5,93.125,144.0
2024,27,Personal Care,Parle,Parle_Personal Care_product,144,20965.568051035145,4149.526160156819,272.14,7,105.0,108.0,82.0,67.0,109.75,93.5,86.0
2024,28,Personal Care,Parle,Parle_Personal Care_product,86,8391.419990148665,1524.484640238003,267.9259259259259,7,144.0,105.0,108.0,82.0,110.75,95.0,72.0
2024,29,Personal Care,Parle,Parle_Personal Care_product,72,9787.522659303062,1745.1244084847556,251.88,7,86.0,144.0,105.0,108.0,101.75,91.875,78.0
2024,30,Personal Care,Parle,Parle_Personal Care_product,78,10775.44720103691,2359.18343496247,335.375,7,72.0,86.0,144.0,105.0,95.0,92.75,73.0
2024,31,Personal Care,Parle,Parle_Personal Care_product,73,9712.062960642661,1982.1685539120265,227.88,7,78.0,72.0,86.0,144.0,77.25,93.5,121.0
2024,32,Personal Care,Parle,Parle_Personal Care_product,121,15769.189323857438,3317.8812517049564,250.925,8,73.0,78.0,72.0,86.0,86.0,98.375,77.0
2024,33,Personal Care,Parle,Parle_Personal Care_product,77,10687.246575756166,2223.7057359862447,284.80645161290323,8,121.0,73.0,78.0,72.0,87.25,94.5,68.0
2024,34,Personal Care,Parle,Parle_Personal Care_product,68,10431.769397180171,2271.8900619809865,279.12,8,77.0,121.0,73.0,78.0,84.75,89.875,83.0
2024,35,Personal Care,Parle,Parle_Personal Care_product,83,8142.8716146918005,1582.1711565411927,277.9583333333333,8,68.0,77.0,121.0,73.0,87.25,82.25,89.0
2024,36,Personal Care,Parle,Parle_Personal Care_product,89,9810.500580089649,1857.5822026004337,260.35714285714283,9,83.0,68.0,77.0,121.0,79.25,82.625,103.0
2024,37,Personal Care,Parle,Parle_Personal Care_product,103,13193.378312450675,2504.8874777165975,261.62857142857143,9,89.0,83.0,68.0,77.0,85.75,86.5,70.0
2024,38,Personal Care,Parle,Parle_Personal Care_product,70,8743.619807306242,1692.1003913589107,274.8695652173913,9,103.0,89.0,83.0,68.0,86.25,85.5,88.0
2024,39,Personal Care,Parle,Parle_Personal Care_product,88,12535.714350604432,2617.460934081264,262.52941176470586,9,70.0,103.0,89.0,83.0,87.5,87.375,91.0
2024,40,Personal Care,Parle,Parle_Personal Care_product,91,10304.052475395616,1915.5979970322603,282.1,10,88.0,70.0,103.0,89.0,88.0,83.625,75.0
2024,41,Personal Care,Parle,Parle_Personal Care_product,75,10009.607261185984,1805.2334507056214,301.74074074074076,10,91.0,88.0,70.0,103.0,81.0,83.375,82.0
2024,42,Personal Care,Parle,Parle_Personal Care_product,82,9940.260086556627,2027.3256526323698,259.55172413793105,10,75.0,91.0,88.0,70.0,84.0,85.125,104.0
2024,43,Personal Care,Parle,Parle_Personal Care_product,104,12684.296198284175,2517.8257770697396,284.42424242424244,10,82.0,75.0,91.0,88.0,88.0,87.75,77.0
2024,44,Personal Care,Parle,Parle_Personal Care_product,77,10913.80960230202,2020.438205307948,265.76666666666665,11,104.0,82.0,75.0,91.0,84.5,86.25,111.0
2024,45,Personal Care,Parle,Parle_Personal Care_product,111,15685.432635193098,3115.483511253036,282.0,11,77.0,104.0,82.0,75.0,93.5,87.25,106.0
2024,46,Personal Care,Parle,Parle_Personal Care_product,106,13782.36742448682,2751.3290081308664,279.9714285714286,11,111.0,77.0,104.0,82.0,99.5,91.75,71.0
2024,47,Personal Care,Parle,Parle_Personal Care_product,71,10677.754984810681,2216.370427232819,273.54545454545456,11,106.0,111.0,77.0,104.0,91.25,89.625,66.0
2024,48,Personal Care,Parle,Parle_Personal Care_product,66,9015.688036667194,1859.0730838373365,273.45,11,71.0,106.0,111.0,77.0,88.5,86.5,94.0
2024,49,Personal Care,Parle,Parle_Personal Care_product,94,12425.014922384815,2408.7064615147297,318.8666666666667,12,66.0,71.0,106.0,111.0,84.25,88.875,93.0
2024,50,Personal Care,Parle,Parle_Personal Care_product,93,14479.379467254814,2613.896382127195,321.2,12,94.0,66.0,71.0,106.0,81.0,90.25,105.0
2024,51,Personal Care,Parle,Parle_Personal Care_product,105,14509.219422645605,2908.8417095095365,256.0,12,93.0,94.0,66.0,71.0,89.5,90.375,102.0
2024,8,Vegetables,Parle,Parle_Vegetables_product,80,12502.90762950189,2385.7843399008884,243.46153846153845,2,102.0,85.0,69.0,92.0,84.0,89.25,102.0
2024,9,Vegetables,Parle,Parle_Vegetables_product,102,11911.613267648063,2424.504889150289,259.5882352941176,3,80.0,102.0,85.0,69.0,92.25,88.0,87.0
2024,10,Vegetables,Parle,Parle_Vegetables_product,87,11009.603345385616,2193.025579567539,271.51724137931035,3,102.0,80.0,102.0,85.0,92.75,88.0,64.0
2024,11,Vegetables,Parle,Parle_Vegetables_product,64,9138.306933498676,1958.5706494609494,237.0,3,87.0,102.0,80.0,102.0,83.25,85.125,85.0
2024,12,Vegetables,Parle,Parle_Vegetables_product,85,12192.6142408639,2437.635565685003,290.03333333333336,3,64.0,87.0,102.0,80.0,84.5,84.25,91.0
2024,13,Vegetables,Parle,Parle_Vegetables_product,91,13138.977538414207,2797.5902003932706,273.4642857142857,3,85.0,64.0,87.0,102.0,81.75,87.0,60.0
2024,14,Vegetables,Parle,Parle_Vegetables_product,60,7010.314632256605,1509.8416867716253,270.2105263157895,4,91.0,85.0,64.0,87.0,75.0,83.875,98.0
2024,15,Vegetables,Parle,Parle_Vegetables_product,98,12182.997085041763,2287.8204803114186,268.6111111111111,4,60.0,91.0,85.0,64.0,83.5,83.375,86.0
2024,16,Vegetables,Parle,Parle_Vegetables_product,86,8712.921460130538,1517.3868876309066,277.4230769230769,4,98.0,60.0,91.0,85.0,83.75,84.125,117.0
2024,17,Vegetables,Parle,Parle_Vegetables_product,117,15360.1749170171,2951.3549054987816,274.8918918918919,4,86.0,98.0,60.0,91.0,90.25,86.0,112.0
2024,18,Vegetables,Parle,Parle_Vegetables_product,112,14004.610124014142,2731.9290449820674,214.03030303030303,5,117.0,86.0,98.0,60.0,103.25,89.125,113.0
2024,19,Vegetables,Parle,Parle_Vegetables_product,113,12501.363659322647,2404.326926565231,280.3636363636364,5,112.0,117.0,86.0,98.0,107.0,95.25,79.0
2024,20,Vegetables,Parle,Parle_Vegetables_product,79,11067.951072144564,1886.1341648498314,242.375,5,113.0,112.0,117.0,86.0,105.25,94.5,83.0
2024,21,Vegetables,Parle,Parle_Vegetables_product,83,10168.80758779796,2031.6902534564656,244.25,5,79.0,113.0,112.0,117.0,96.75,93.5,64.0
2024,22,Vegetables,Parle,Parle_Vegetables_product,64,9581.491575262808,2079.286818200383,276.92,6,83.0,79.0,113.0,112.0,84.75,94.0,135.0
2024,23,Vegetables,Parle,Parle_Vegetables_product,135,20435.06045726771,4125.712316308107,257.5,6,64.0,83.0,79.0,113.0,90.25,98.625,66.0
2024,24,Vegetables,Parle,Parle_Vegetables_product,66,8801.364829155651,1744.1476895265844,304.14285714285717,6,135.0,64.0,83.0,79.0,87.0,96.125,88.0
2024,25,Vegetables,Parle,Parle_Vegetables_product,88,11879.32179430584,2002.0163959903393,265.7857142857143,6,66.0,135.0,64.0,83.0,88.25,92.5,102.0
2024,26,Vegetables,Parle,Parle_Vegetables_product,102,12871.298839981204,2483.8166910621603,269.25,6,88.0,66.0,135.0,64.0,97.75,91.25,87.0
2024,27,Vegetables,Parle,Parle_Vegetables_product,87,12110.967972063,2473.5368384290077,260.8787878787879,7,102.0,88.0,66.0,135.0,85.75,88.0,93.0
2024,28,Vegetables,Parle,Parle_Vegetables_product,93,11357.093959413958,2278.7966380422145,247.375,7,87.0,102.0,88.0,66.0,92.5,89.75,85.0
2024,29,Vegetables,Parle,Parle_Vegetables_product,85,12120.61556240774,2675.3262478611355,265.64285714285717,7,93.0,87.0,102.0,88.0,91.75,90.0,65.0
2024,30,Vegetables,Parle,Parle_Vegetables_product,65,9116.14267775664,1946.1263481570081,265.6818181818182,7,85.0,93.0,87.0,102.0,82.5,90.125,95.0
2024,31,Vegetables,Parle,Parle_Vegetables_product,95,13025.536038586626,2705.1585164082376,246.8125,8,65.0,85.0,93.0,87.0,84.5,85.125,92.0
2024,32,Vegetables,Parle,Parle_Vegetables_product,92,12078.930843283131,2527.481953140326,239.32258064516128,8,95.0,65.0,85.0,93.0,84.25,88.375,103.0
2024,33,Vegetables,Parle,Parle_Vegetables_product,103,14046.536683796097,2606.509256154439,275.71875,8,92.0,95.0,65.0,85.0,88.75,90.25,60.0
2024,34,Vegetables,Parle,Parle_Vegetables_product,60,8008.03747173242,1658.1339750446127,212.30434782608697,8,103.0,92.0,95.0,65.0,87.5,85.0,92.0
2024,35,Vegetables,Parle,Parle_Vegetables_product,92,11866.013970600387,2353.309588536887,211.93548387096774,8,60.0,103.0,92.0,95.0,86.75,85.625,78.0
2024,36,Vegetables,Parle,Parle_Vegetables_product,78,9917.941823758,2005.040510132143,232.96,9,92.0,60.0,103.0,92.0,83.25,83.75,92.0
2024,37,Vegetables,Parle,Parle_Vegetables_product,92,10829.40377932428,2088.5168796769353,286.0,9,78.0,92.0,60.0,103.0,80.5,84.625,114.0
2024,38,Vegetables,Parle,Parle_Vegetables_product,114,12934.26836471301,2454.75304995499,305.47222222222223,9,92.0,78.0,92.0,60.0,94.0,90.75,88.0
2024,39,Vegetables,Parle,Parle_Vegetables_product,88,11689.937025307498,2615.799608243013,305.56666666666666,9,114.0,92.0,78.0,92.0,93.0,89.875,99.0
2024,40,Vegetables,Parle,Parle_Vegetables_product,99,13927.786884194311,2857.024748333245,292.24242424242425,10,88.0,114.0,92.0,78.0,98.25,90.75,55.0
2024,41,Vegetables,Parle,Parle_Vegetables_product,55,6705.399388181817,1403.830675627175,272.36842105263156,10,99.0,88.0,114.0,92.0,89.0,84.75,79.0
2024,42,Vegetables,Parle,Parle_Vegetables_product,79,10558.055791915634,2273.4166989428413,323.7037037037037,10,55.0,99.0,88.0,114.0,80.25,87.125,101.0
2024,43,Vegetables,Parle,Parle_Vegetables_product,101,11821.625449271094,2221.876864992707,281.59375,10,79.0,55.0,99.0,88.0,83.5,88.25,84.0
2024,44,Vegetables,Parle,Parle_Vegetables_product,84,9062.822315083115,1997.3411695899524,322.9375,11,101.0,79.0,55.0,99.0,79.75,89.0,116.0
2024,45,Vegetables,Parle,Parle_Vegetables_product,116,16221.495598318172,2907.9692998640294,285.89473684210526,11,84.0,101.0,79.0,55.0,95.0,92.0,94.0
2024,46,Vegetables,Parle,Parle_Vegetables_product,94,12208.706048238097,2514.7738576755987,248.73333333333332,11,116.0,84.0,101.0,79.0,98.75,89.5,79.0
2024,47,Vegetables,Parle,Parle_Vegetables_product,79,10218.798336133475,2074.0114948006385,296.41379310344826,11,94.0,116.0,84.0,101.0,93.25,88.375,89.0
2024,48,Vegetables,Parle,Parle_Vegetables_product,89,10557.422460440288,2006.5429009360314,283.2,11,79.0,94.0,116.0,84.0,94.5,87.125,100.0
2024,49,Vegetables,Parle,Parle_Vegetables_product,100,14105.291174336357,2268.14543773519,262.3666666666667,12,89.0,79.0,94.0,116.0,90.5,92.75,84.0
2024,50,Vegetables,Parle,Parle_Vegetables_product,84,11124.655520717826,2138.144985541157,290.92857142857144,12,100.0,89.0,79.0,94.0,88.0,93.375,81.0
2024,51,Vegetables,Parle,Parle_Vegetables_product,81,11546.779969836347,2240.520385079842,271.7037037037037,12,84.0,100.0,89.0,79.0,88.5,90.875,87.0
2024,8,Beverages,PepsiCo,Pepsi 750ml,18,2671.2148123291718,399.7954728132373,381.42857142857144,2,29.0,26.0,37.0,10.0,27.5,25.625,31.0
2024,9,Beverages,PepsiCo,Pepsi 750ml,31,3664.554929793354,818.3190537655438,251.4,2,18.0,29.0,26.0,37.0,26.0,28.0,35.0
2024,10,Beverages,PepsiCo,Pepsi 750ml,35,6255.281010852688,1190.2124636340434,241.5,3,31.0,18.0,29.0,26.0,28.25,27.625,21.0
2024,11,Beverages,PepsiCo,Pepsi 750ml,21,2921.7511364682096,581.5507501216625,218.25,3,35.0,31.0,18.0,29.0,26.25,25.875,35.0
2024,12,Beverages,PepsiCo,Pepsi 750ml,35,5225.49053896849,1032.0196710830123,324.1818181818182,3,21.0,35.0,31.0,18.0,30.5,29.0,38.0
2024,13,Beverages,PepsiCo,Pepsi 750ml,38,5197.157689505978,965.6650238439577,289.3636363636364,3,35.0,21.0,35.0,31.0,32.25,29.125,41.0
2024,14,Beverages,PepsiCo,Pepsi 750ml,41,6649.184109485182,1497.9042746307705,271.92857142857144,4,38.0,35.0,21.0,35.0,33.75,31.0,32.0
2024,15,Beverages,PepsiCo,Pepsi 750ml,32,4077.576730928784,709.5230245156,247.8,4,41.0,38.0,35.0,21.0,36.5,31.375,26.0
2024,16,Beverages,PepsiCo,Pepsi 750ml,26,3974.9418900542264,446.6709009095212,252.4,4,32.0,41.0,38.0,35.0,34.25,32.375,63.0
2024,17,Beverages,PepsiCo,Pepsi 750ml,63,10322.795004033387,2287.685039814479,238.83333333333334,4,26.0,32.0,41.0,38.0,40.5,36.375,32.0
2024,18,Beverages,PepsiCo,Pepsi 750ml,32,4523.500802570145,1068.2056181017117,329.9,5,63.0,26.0,32.0,41.0,38.25,36.0,32.0
2024,19,Beverages,PepsiCo,Pepsi 750ml,32,4401.642728478889,966.079476393164,301.25,5,32.0,63.0,26.0,32.0,38.25,37.375,20.0
2024,20,Beverages,PepsiCo,Pepsi 750ml,20,3406.072446035084,675.8013975887897,336.14285714285717,5,32.0,32.0,63.0,26.0,36.75,35.5,26.0
2024,21,Beverages,PepsiCo,Pepsi 750ml,26,3843.524637553293,832.8333489981242,278.0,5,20.0,32.0,32.0,63.0,27.5,34.0,23.0
2024,22,Beverages,PepsiCo,Pepsi 750ml,23,2631.0062647425952,576.0037249651826,271.3333333333333,5,26.0,20.0,32.0,32.0,25.25,31.75,33.0
2024,23,Beverages,PepsiCo,Pepsi 750ml,33,3376.9512975867287,720.2510901116708,263.27272727272725,6,23.0,26.0,20.0,32.0,25.5,31.875,21.0
2024,24,Beverages,PepsiCo,Pepsi 750ml,21,3369.583093178915,635.7360048006722,326.8888888888889,6,33.0,23.0,26.0,20.0,25.75,31.25,33.0
2024,25,Beverages,PepsiCo,Pepsi 750ml,33,4317.8953268201785,806.8690380017839,208.55555555555554,6,21.0,33.0,23.0,26.0,27.5,27.5,17.0
2024,26,Beverages,PepsiCo,Pepsi 750ml,17,1074.849778238446,120.70795114891581,278.75,6,33.0,21.0,33.0,23.0,26.0,25.625,37.0
2024,27,Beverages,PepsiCo,Pepsi 750ml,37,5736.352530874634,1221.2653974470286,281.25,7,17.0,33.0,21.0,33.0,27.0,26.25,18.0
2024,28,Beverages,PepsiCo,Pepsi 750ml,18,3036.1906570740803,590.3032172645882,376.0,7,37.0,17.0,33.0,21.0,26.25,26.0,35.0
2024,29,Beverages,PepsiCo,Pepsi 750ml,35,5512.734295312979,1256.6576129210414,296.6923076923077,7,18.0,37.0,17.0,33.0,26.75,27.125,45.0
2024,30,Beverages,PepsiCo,Pepsi 750ml,45,5815.848698320395,1434.3374367478548,245.27272727272728,7,35.0,18.0,37.0,17.0,33.75,29.875,28.0
2024,31,Beverages,PepsiCo,Pepsi 750ml,28,4128.807137479432,751.0227766088201,261.77777777777777,8,45.0,35.0,18.0,37.0,31.5,29.25,41.0
2024,32,Beverages,PepsiCo,Pepsi 750ml,41,5076.161135256141,931.3887875967612,232.85714285714286,8,28.0,45.0,35.0,18.0,37.25,31.75,37.0
2024,33,Beverages,PepsiCo,Pepsi 750ml,37,5148.31971447348,894.2619645765203,252.41666666666666,8,41.0,28.0,45.0,35.0,37.75,32.25,30.0
2024,34,Beverages,PepsiCo,Pepsi 750ml,30,4279.518556888638,1036.149590021001,321.8181818181818,8,37.0,41.0,28.0,45.0,34.0,33.875,32.0
2024,35,Beverages,PepsiCo,Pepsi 750ml,32,3535.9477574850084,788.2305011294491,281.27272727272725,8,30.0,37.0,41.0,28.0,35.0,33.25,35.0
2024,36,Beverages,PepsiCo,Pepsi 750ml,35,5698.703363484452,960.1484245432667,301.8333333333333,9,32.0,30.0,37.0,41.0,33.5,35.375,40.0
2024,37,Beverages,PepsiCo,Pepsi 750ml,40,5049.04802583574,1024.3204674099536,220.08333333333334,9,35.0,32.0,30.0,37.0,34.25,36.0,38.0
2024,38,Beverages,PepsiCo,Pepsi 750ml,38,3967.2866968999733,414.83099936622773,246.63636363636363,9,40.0,35.0,32.0,30.0,36.25,35.125,28.0
2024,39,Beverages,PepsiCo,Pepsi 750ml,28,2934.039766739116,510.8958229949817,310.8888888888889,9,38.0,40.0,35.0,32.0,35.25,35.125,34.0
2024,40,Beverages,PepsiCo,Pepsi 750ml,34,3905.5111632417356,778.1189350167165,247.71428571428572,10,28.0,38.0,40.0,35.0,35.0,34.25,24.0
2024,41,Beverages,PepsiCo,Pepsi 750ml,24,2558.4571256700438,531.5471255517981,305.90909090909093,10,34.0,28.0,38.0,40.0,31.0,32.625,11.0
2024,42,Beverages,PepsiCo,Pepsi 750ml,11,1353.5583140980584,382.302201392627,259.25,10,24.0,34.0,28.0,38.0,24.25,30.25,42.0
2024,43,Beverages,PepsiCo,Pepsi 750ml,42,4725.6588065738115,941.4802155343259,297.1666666666667,10,11.0,24.0,34.0,28.0,27.75,31.5,38.0
2024,44,Beverages,PepsiCo,Pepsi 750ml,38,4903.960813262505,934.9444087252423,230.92857142857142,10,42.0,11.0,24.0,34.0,28.75,31.875,30.0
2024,45,Beverages,PepsiCo,Pepsi 750ml,30,3666.4702498685037,699.9211251150209,286.55555555555554,11,38.0,42.0,11.0,24.0,30.25,30.625,43.0
2024,46,Beverages,PepsiCo,Pepsi 750ml,43,3801.356937255868,469.93734890454994,309.4117647058824,11,30.0,38.0,42.0,11.0,38.25,31.25,34.0
2024,47,Beverages,PepsiCo,Pepsi 750ml,34,4659.651899642974,1138.925994837573,295.5833333333333,11,43.0,30.0,38.0,42.0,36.25,32.0,33.0
2024,48,Beverages,PepsiCo,Pepsi 750ml,33,4773.316401698186,754.898585789981,305.2,11,34.0,43.0,30.0,38.0,35.0,31.875,43.0
2024,49,Beverages,PepsiCo,Pepsi 750ml,43,5848.291782940553,1141.1289331641033,298.84615384615387,12,33.0,34.0,43.0,30.0,38.25,34.25,10.0
2024,50,Beverages,PepsiCo,Pepsi 750ml,10,704.3914853360073,122.34919372212926,349.0,12,43.0,33.0,34.0,43.0,30.0,34.125,15.0
2024,51,Beverages,PepsiCo,Pepsi 750ml,15,2002.2767534036866,478.65088460451625,200.0,12,10.0,43.0,33.0,34.0,25.25,30.75,33.0
2024,8,Dairy,PepsiCo,PepsiCo_Dairy_product,79,9510.051948490203,1819.1260278214957,271.86206896551727,2,106.0,44.0,124.0,109.0,88.25,95.25,90.0
2024,9,Dairy,PepsiCo,PepsiCo_Dairy_product,90,14882.230209686466,3193.8499700971106,292.3333333333333,2,79.0,106.0,44.0,124.0,79.75,91.375,92.0
2024,10,Dairy,PepsiCo,PepsiCo_Dairy_product,92,12149.781718564142,2372.1034022683543,284.06451612903226,3,90.0,79.0,106.0,44.0,91.75,91.375,106.0
2024,11,Dairy,PepsiCo,PepsiCo_Dairy_product,106,12836.974521682607,2706.0294133489215,267.94594594594594,3,92.0,90.0,79.0,106.0,91.75,93.75,83.0
2024,12,Dairy,PepsiCo,PepsiCo_Dairy_product,83,11795.495591767427,2400.6481644963756,251.6086956521739,3,106.0,92.0,90.0,79.0,92.75,90.5,120.0
2024,13,Dairy,PepsiCo,PepsiCo_Dairy_product,120,14185.271609904612,2634.8826636706467,301.7567567567568,3,83.0,106.0,92.0,90.0,100.25,90.0,67.0
2024,14,Dairy,PepsiCo,PepsiCo_Dairy_product,67,7061.3944882418555,1403.0171435760942,294.6,4,120.0,83.0,106.0,92.0,94.0,92.875,92.0
2024,15,Dairy,PepsiCo,PepsiCo_Dairy_product,92,14006.150244764744,2546.958133516913,283.5151515151515,4,67.0,120.0,83.0,106.0,90.5,91.125,72.0
2024,16,Dairy,PepsiCo,PepsiCo_Dairy_product,72,8798.665564520586,1848.6328091459686,268.9583333333333,4,92.0,67.0,120.0,83.0,87.75,90.25,78.0
2024,17,Dairy,PepsiCo,PepsiCo_Dairy_product,78,9475.05040010562,1595.841313365402,255.10344827586206,4,72.0,92.0,67.0,120.0,77.25,88.75,87.0
2024,18,Dairy,PepsiCo,PepsiCo_Dairy_product,87,12634.326514145167,2662.6279100234183,294.030303030303,5,78.0,72.0,92.0,67.0,82.25,88.125,84.0
2024,19,Dairy,PepsiCo,PepsiCo_Dairy_product,84,10100.41668494811,2163.793471972493,273.3333333333333,5,87.0,78.0,72.0,92.0,80.25,85.375,65.0
2024,20,Dairy,PepsiCo,PepsiCo_Dairy_product,65,8376.014323509817,1904.0445768454645,303.6666666666667,5,84.0,87.0,78.0,72.0,78.5,83.125,83.0
2024,21,Dairy,PepsiCo,PepsiCo_Dairy_product,83,11937.340315925841,2648.6355993670377,245.2173913043478,5,65.0,84.0,87.0,78.0,79.75,78.5,94.0
2024,22,Dairy,PepsiCo,PepsiCo_Dairy_product,94,12246.850712060674,2409.267604948487,298.93939393939394,5,83.0,65.0,84.0,87.0,81.5,81.875,99.0
2024,23,Dairy,PepsiCo,PepsiCo_Dairy_product,99,12391.818482025335,2310.1230147241963,290.38709677419354,6,94.0,83.0,65.0,84.0,85.25,82.75,66.0
2024,24,Dairy,PepsiCo,PepsiCo_Dairy_product,66,9710.221743847382,1478.993880575555,280.6521739130435,6,99.0,94.0,83.0,65.0,85.5,82.0,59.0
2024,25,Dairy,PepsiCo,PepsiCo_Dairy_product,59,7446.471126691402,1444.7683350656087,303.88,6,66.0,99.0,94.0,83.0,79.5,79.625,82.0
2024,26,Dairy,PepsiCo,PepsiCo_Dairy_product,82,12461.615885515992,2581.346958787586,278.04,6,59.0,66.0,99.0,94.0,76.5,79.0,101.0
2024,27,Dairy,PepsiCo,PepsiCo_Dairy_product,101,14150.081145231472,2620.1102168298057,226.74193548387098,7,82.0,59.0,66.0,99.0,77.0,81.125,85.0
2024,28,Dairy,PepsiCo,PepsiCo_Dairy_product,85,11541.77885897055,2109.8744672850403,271.0769230769231,7,101.0,82.0,59.0,66.0,81.75,83.625,63.0
2024,29,Dairy,PepsiCo,PepsiCo_Dairy_product,63,6965.575549764078,1553.4654079097108,241.875,7,85.0,101.0,82.0,59.0,82.75,81.125,123.0
2024,30,Dairy,PepsiCo,PepsiCo_Dairy_product,123,16407.97296874501,3326.2800400473498,302.07142857142856,7,63.0,85.0,101.0,82.0,93.0,84.75,65.0
2024,31,Dairy,PepsiCo,PepsiCo_Dairy_product,65,9870.317683788498,1930.9066766363298,291.0833333333333,8,123.0,63.0,85.0,101.0,84.0,80.5,83.0
2024,32,Dairy,PepsiCo,PepsiCo_Dairy_product,83,10391.258640983697,2110.737379511597,208.40740740740742,8,65.0,123.0,63.0,85.0,83.5,82.625,102.0
2024,33,Dairy,PepsiCo,PepsiCo_Dairy_product,102,14114.093534492333,2798.8209681425474,313.1666666666667,8,83.0,65.0,123.0,63.0,93.25,88.0,87.0
2024,34,Dairy,PepsiCo,PepsiCo_Dairy_product,87,10756.757780312884,2256.555995409678,257.3076923076923,8,102.0,83.0,65.0,123.0,84.25,88.625,94.0
2024,35,Dairy,PepsiCo,PepsiCo_Dairy_product,94,13335.715781568355,2580.497878210327,278.7241379310345,8,87.0,102.0,83.0,65.0,91.5,87.75,80.0
2024,36,Dairy,PepsiCo,PepsiCo_Dairy_product,80,9682.32464310443,1820.150526176509,256.4642857142857,9,94.0,87.0,102.0,83.0,90.75,87.125,67.0
2024,37,Dairy,PepsiCo,PepsiCo_Dairy_product,67,10465.916136613661,1852.0339279660063,277.95454545454544,9,80.0,94.0,87.0,102.0,82.0,87.625,106.0
2024,38,Dairy,PepsiCo,PepsiCo_Dairy_product,106,12445.886801571962,2361.467103312671,228.54285714285714,9,67.0,80.0,94.0,87.0,86.75,85.5,103.0
2024,39,Dairy,PepsiCo,PepsiCo_Dairy_product,103,13575.481398073309,2776.3168686120152,238.52777777777777,9,106.0,67.0,80.0,94.0,89.0,90.25,70.0
2024,40,Dairy,PepsiCo,PepsiCo_Dairy_product,70,8321.212267364115,1961.0118655546748,270.55555555555554,10,103.0,106.0,67.0,80.0,86.5,88.625,60.0
2024,41,Dairy,PepsiCo,PepsiCo_Dairy_product,60,8068.051319373799,1541.1027124949037,242.5909090909091,10,70.0,103.0,106.0,67.0,84.75,83.375,64.0
2024,42,Dairy,PepsiCo,PepsiCo_Dairy_product,64,9798.60083640016,1984.6426524288672,259.0,10,60.0,70.0,103.0,106.0,74.25,80.5,89.0
2024,43,Dairy,PepsiCo,PepsiCo_Dairy_product,89,12705.527222666251,2605.606552357335,289.2068965517241,10,64.0,60.0,70.0,103.0,70.75,79.875,83.0
2024,44,Dairy,PepsiCo,PepsiCo_Dairy_product,83,10951.029579399345,2397.4899671840744,276.0,11,89.0,64.0,60.0,70.0,74.0,80.25,45.0
2024,45,Dairy,PepsiCo,PepsiCo_Dairy_product,45,5240.506237429398,1204.9107020292633,337.89473684210526,11,83.0,89.0,64.0,60.0,70.25,77.5,97.0
2024,46,Dairy,PepsiCo,PepsiCo_Dairy_product,97,12605.485754902003,2694.7072024265212,290.53125,11,45.0,83.0,89.0,64.0,78.5,76.375,98.0
2024,47,Dairy,PepsiCo,PepsiCo_Dairy_product,98,12440.602076634306,2423.5574996808746,289.7037037037037,11,97.0,45.0,83.0,89.0,80.75,75.75,85.0
2024,48,Dairy,PepsiCo,PepsiCo_Dairy_product,85,9940.825592921403,1641.358694429445,308.55172413793105,11,98.0,97.0,45.0,83.0,81.25,77.625,82.0
2024,49,Dairy,PepsiCo,PepsiCo_Dairy_product,82,9071.701638482064,2038.595391238711,240.34615384615384,12,85.0,98.0,97.0,45.0,90.5,80.375,97.0
2024,50,Dairy,PepsiCo,PepsiCo_Dairy_product,97,13660.442048981808,2747.460148031972,267.46666666666664,12,82.0,85.0,98.0,97.0,90.5,84.5,115.0
2024,51,Dairy,PepsiCo,PepsiCo_Dairy_product,115,14739.487877149617,2631.8761222466924,296.27027027027026,12,97.0,82.0,85.0,98.0,94.75,87.75,112.0
2024,8,Fruits,PepsiCo,PepsiCo_Fruits_product,68,8626.609019018928,1550.1687069356442,270.69565217391306,2,83.0,84.0,65.0,82.0,75.0,90.0,78.0
2024,9,Fruits,PepsiCo,PepsiCo_Fruits_product,78,9009.4201553414,1785.9866227182317,260.1,2,68.0,83.0,84.0,65.0,78.25,85.25,93.0
2024,10,Fruits,PepsiCo,PepsiCo_Fruits_product,93,10699.137565026722,2370.837214349085,266.13793103448273,3,78.0,68.0,83.0,84.0,80.5,84.75,113.0
2024,11,Fruits,PepsiCo,PepsiCo_Fruits_product,113,15966.062287161194,2959.873379392161,253.47222222222223,3,93.0,78.0,68.0,83.0,88.0,83.25,107.0
2024,12,Fruits,PepsiCo,PepsiCo_Fruits_product,107,14130.326423536664,2689.316792862429,270.6470588235294,3,113.0,93.0,78.0,68.0,97.75,86.375,113.0
2024,13,Fruits,PepsiCo,PepsiCo_Fruits_product,113,15105.506339987238,2706.709034830584,276.6111111111111,3,107.0,113.0,93.0,78.0,106.5,92.375,102.0
2024,14,Fruits,PepsiCo,PepsiCo_Fruits_product,102,13619.279914032602,3172.979353461669,225.1,4,113.0,107.0,113.0,93.0,108.75,94.625,68.0
2024,15,Fruits,PepsiCo,PepsiCo_Fruits_product,68,8992.822675583344,1728.1598439219847,246.08,4,102.0,113.0,107.0,113.0,97.5,92.75,97.0
2024,16,Fruits,PepsiCo,PepsiCo_Fruits_product,97,10980.951153919352,2001.8373941984228,249.0,4,68.0,102.0,113.0,107.0,95.0,96.375,82.0
2024,17,Fruits,PepsiCo,PepsiCo_Fruits_product,82,8619.115346343298,1862.4731862654614,232.16129032258064,4,97.0,68.0,102.0,113.0,87.25,96.875,106.0
2024,18,Fruits,PepsiCo,PepsiCo_Fruits_product,106,14151.607854346268,2729.8823643112155,317.2121212121212,5,82.0,97.0,68.0,102.0,88.25,98.5,55.0
2024,19,Fruits,PepsiCo,PepsiCo_Fruits_product,55,7547.202157263306,1334.7956405377922,269.5,5,106.0,82.0,97.0,68.0,85.0,91.25,71.0
2024,20,Fruits,PepsiCo,PepsiCo_Fruits_product,71,8703.693144266357,1855.9851283043029,299.5833333333333,5,55.0,106.0,82.0,97.0,78.5,86.75,123.0
2024,21,Fruits,PepsiCo,PepsiCo_Fruits_product,123,17939.833681505774,3676.70709239376,274.3529411764706,5,71.0,55.0,106.0,82.0,88.75,88.0,101.0
2024,22,Fruits,PepsiCo,PepsiCo_Fruits_product,101,13452.046101336464,2800.11482940256,261.86842105263156,5,123.0,71.0,55.0,106.0,87.5,87.875,80.0
2024,23,Fruits,PepsiCo,PepsiCo_Fruits_product,80,10733.270414306373,2402.06386226905,245.66666666666666,6,101.0,123.0,71.0,55.0,93.75,89.375,95.0
2024,24,Fruits,PepsiCo,PepsiCo_Fruits_product,95,15061.799370977984,3138.8669608483547,249.25806451612902,6,80.0,101.0,123.0,71.0,99.75,89.125,79.0
2024,25,Fruits,PepsiCo,PepsiCo_Fruits_product,79,9990.903368010984,2033.5344911850211,258.76666666666665,6,95.0,80.0,101.0,123.0,88.75,88.75,102.0
2024,26,Fruits,PepsiCo,PepsiCo_Fruits_product,102,13809.633829541071,2800.276319074057,275.0571428571429,6,79.0,95.0,80.0,101.0,89.0,88.25,91.0
2024,27,Fruits,PepsiCo,PepsiCo_Fruits_product,91,12600.476994603072,2051.3955758657175,252.42857142857142,7,102.0,79.0,95.0,80.0,91.75,92.75,89.0
2024,28,Fruits,PepsiCo,PepsiCo_Fruits_product,89,13478.722530453564,2788.1121677772157,290.70588235294116,7,91.0,102.0,79.0,95.0,90.25,95.0,103.0
2024,29,Fruits,PepsiCo,PepsiCo_Fruits_product,103,14140.21803154764,2817.6955603665197,257.3333333333333,7,89.0,91.0,102.0,79.0,96.25,92.5,82.0
2024,30,Fruits,PepsiCo,PepsiCo_Fruits_product,82,8744.377145497865,1677.0963633787014,279.15625,7,103.0,89.0,91.0,102.0,91.25,90.125,100.0
2024,31,Fruits,PepsiCo,PepsiCo_Fruits_product,100,14618.04359375218,3150.089993216109,266.73333333333335,8,82.0,103.0,89.0,91.0,93.5,92.625,101.0
2024,32,Fruits,PepsiCo,PepsiCo_Fruits_product,101,13132.495443350706,2396.683014298699,271.65,8,100.0,82.0,103.0,89.0,96.5,93.375,79.0
2024,33,Fruits,PepsiCo,PepsiCo_Fruits_product,79,12359.29504513611,2461.6325949966085,251.26666666666668,8,101.0,100.0,82.0,103.0,90.5,93.375,78.0
2024,34,Fruits,PepsiCo,PepsiCo_Fruits_product,78,9457.277218214924,1887.7651221757123,321.4642857142857,8,79.0,101.0,100.0,82.0,89.5,90.375,69.0
2024,35,Fruits,PepsiCo,PepsiCo_Fruits_product,69,8606.996453559406,1615.4811070421038,327.0416666666667,9,78.0,79.0,101.0,100.0,81.75,87.625,98.0
2024,36,Fruits,PepsiCo,PepsiCo_Fruits_product,98,10393.407014475246,2016.1981446260759,255.28125,9,69.0,78.0,79.0,101.0,81.0,88.75,101.0
2024,37,Fruits,PepsiCo,PepsiCo_Fruits_product,101,11676.047032022134,2501.550891332421,254.69444444444446,9,98.0,69.0,78.0,79.0,86.5,88.5,111.0
2024,38,Fruits,PepsiCo,PepsiCo_Fruits_product,111,15858.101489852175,2902.4009201828303,314.35135135135135,9,101.0,98.0,69.0,78.0,94.75,92.125,117.0
2024,39,Fruits,PepsiCo,PepsiCo_Fruits_product,117,13909.08242253906,2812.1596708991474,282.3243243243243,9,111.0,101.0,98.0,69.0,106.75,94.25,83.0
2024,40,Fruits,PepsiCo,PepsiCo_Fruits_product,83,11487.650754448261,2022.2486200445876,271.9032258064516,9,117.0,111.0,101.0,98.0,103.0,92.0,100.0
2024,41,Fruits,PepsiCo,PepsiCo_Fruits_product,100,14508.50427274634,3437.1031589810596,284.2352941176471,10,83.0,117.0,111.0,101.0,102.75,94.625,38.0
2024,42,Fruits,PepsiCo,PepsiCo_Fruits_product,38,5093.6654144638,955.5142601026522,303.4117647058824,10,100.0,83.0,117.0,111.0,84.5,89.625,131.0
2024,43,Fruits,PepsiCo,PepsiCo_Fruits_product,131,14721.606153443896,3284.3807761431744,275.02777777777777,10,38.0,100.0,83.0,117.0,88.0,97.375,114.0
2024,44,Fruits,PepsiCo,PepsiCo_Fruits_product,114,15194.207810499855,2628.252717523586,277.4848484848485,11,131.0,38.0,100.0,83.0,95.75,99.375,50.0
2024,45,Fruits,PepsiCo,PepsiCo_Fruits_product,50,7483.924628048028,1484.3789331958174,259.72727272727275,11,114.0,131.0,38.0,100.0,83.25,93.0,84.0
2024,46,Fruits,PepsiCo,PepsiCo_Fruits_product,84,9345.771069376982,1860.8044288744334,275.4074074074074,11,50.0,114.0,131.0,38.0,94.75,89.625,105.0
2024,47,Fruits,PepsiCo,PepsiCo_Fruits_product,105,13694.186301338497,2716.735100246431,237.47222222222223,11,84.0,50.0,114.0,131.0,88.25,88.125,89.0
2024,48,Fruits,PepsiCo,PepsiCo_Fruits_product,89,13406.715794046713,3065.855055278476,249.03846153846155,11,105.0,84.0,50.0,114.0,82.0,88.875,124.0
2024,49,Fruits,PepsiCo,PepsiCo_Fruits_product,124,14708.189397571225,2371.994948822595,267.125,12,89.0,105.0,84.0,50.0,100.5,91.875,67.0
2024,50,Fruits,PepsiCo,PepsiCo_Fruits_product,67,8484.44531746671,1850.0078153461095,314.2,12,124.0,89.0,105.0,84.0,96.25,95.5,74.0
2024,51,Fruits,PepsiCo,PepsiCo_Fruits_product,74,8596.519695865763,1796.6620951699515,276.34615384615387,12,67.0,124.0,89.0,105.0,88.5,88.375,91.0
2024,8,Grocery,PepsiCo,PepsiCo_Grocery_product,107,13557.648080080966,2772.29871037156,254.0,2,67.0,84.0,90.0,102.0,87.0,93.875,88.0
2024,9,Grocery,PepsiCo,PepsiCo_Grocery_product,88,12330.343713712564,2442.0805943389437,270.24242424242425,2,107.0,67.0,84.0,90.0,86.5,92.0,80.0
2024,10,Grocery,PepsiCo,PepsiCo_Grocery_product,80,9648.56395491928,1781.1360920273933,274.4074074074074,3,88.0,107.0,67.0,84.0,85.5,89.0,63.0
2024,11,Grocery,PepsiCo,PepsiCo_Grocery_product,63,7949.6607523940975,1232.3396103337964,226.08333333333334,3,80.0,88.0,107.0,67.0,84.5,85.125,92.0
2024,12,Grocery,PepsiCo,PepsiCo_Grocery_product,92,10586.059009035876,2094.411630682165,277.9642857142857,3,63.0,80.0,88.0,107.0,80.75,83.875,84.0
2024,13,Grocery,PepsiCo,PepsiCo_Grocery_product,84,8679.887070052782,1455.9798221113967,226.74074074074073,3,92.0,63.0,80.0,88.0,79.75,83.125,84.0
2024,14,Grocery,PepsiCo,PepsiCo_Grocery_product,84,12479.749045397293,2783.9226493911488,272.0689655172414,4,84.0,92.0,63.0,80.0,80.75,83.125,50.0
2024,15,Grocery,PepsiCo,PepsiCo_Grocery_product,50,7491.202771453735,1353.6844267207618,250.10526315789474,4,84.0,84.0,92.0,63.0,77.5,81.0,97.0
2024,16,Grocery,PepsiCo,PepsiCo_Grocery_product,97,12758.032472884292,2509.5834388308076,273.85714285714283,4,50.0,84.0,84.0,92.0,78.75,79.75,105.0
2024,17,Grocery,PepsiCo,PepsiCo_Grocery_product,105,13870.694140269608,2798.0205553712667,279.1212121212121,4,97.0,50.0,84.0,84.0,84.0,81.875,94.0
2024,18,Grocery,PepsiCo,PepsiCo_Grocery_product,94,11931.222645587653,2212.984196460973,252.58823529411765,5,105.0,97.0,50.0,84.0,86.5,83.625,118.0
2024,19,Grocery,PepsiCo,PepsiCo_Grocery_product,118,16884.465140014818,3406.129596722387,238.21212121212122,5,94.0,105.0,97.0,50.0,103.5,90.5,66.0
2024,20,Grocery,PepsiCo,PepsiCo_Grocery_product,66,8975.838074185081,1871.7043302110478,253.5,5,118.0,94.0,105.0,97.0,95.75,87.25,88.0
2024,21,Grocery,PepsiCo,PepsiCo_Grocery_product,88,10054.79594733775,2190.905990981691,218.48,5,66.0,118.0,94.0,105.0,91.5,87.75,90.0
2024,22,Grocery,PepsiCo,PepsiCo_Grocery_product,90,10880.82239075233,1941.7685321584456,291.0,5,88.0,66.0,118.0,94.0,90.5,88.5,69.0
2024,23,Grocery,PepsiCo,PepsiCo_Grocery_product,69,9380.748524013723,1832.5722131041775,274.52,6,90.0,88.0,66.0,118.0,78.25,90.875,82.0
2024,24,Grocery,PepsiCo,PepsiCo_Grocery_product,82,6448.10354751167,1146.0572094375018,292.9166666666667,6,69.0,90.0,88.0,66.0,82.25,89.0,71.0
2024,25,Grocery,PepsiCo,PepsiCo_Grocery_product,71,8859.519774917355,1672.7008960712815,284.5652173913044,6,82.0,69.0,90.0,88.0,78.0,84.75,83.0
2024,26,Grocery,PepsiCo,PepsiCo_Grocery_product,83,11330.866292675475,2438.8158204302267,239.13333333333333,6,71.0,82.0,69.0,90.0,76.25,83.375,61.0
2024,27,Grocery,PepsiCo,PepsiCo_Grocery_product,61,8550.845463032556,1428.5765892710106,256.1304347826087,7,83.0,71.0,82.0,69.0,74.25,76.25,111.0
2024,28,Grocery,PepsiCo,PepsiCo_Grocery_product,111,14751.237404223748,2598.3052641611403,265.9428571428571,7,61.0,83.0,71.0,82.0,81.5,81.875,101.0
2024,29,Grocery,PepsiCo,PepsiCo_Grocery_product,101,13758.254818330992,3057.238078578805,290.06060606060606,7,111.0,61.0,83.0,71.0,89.0,83.5,107.0
2024,30,Grocery,PepsiCo,PepsiCo_Grocery_product,107,11278.072163803847,1984.9537528287635,222.05714285714285,7,101.0,111.0,61.0,83.0,95.0,85.625,73.0
2024,31,Grocery,PepsiCo,PepsiCo_Grocery_product,73,9516.982801093322,1668.2248705829209,310.1818181818182,8,107.0,101.0,111.0,61.0,98.0,86.125,102.0
2024,32,Grocery,PepsiCo,PepsiCo_Grocery_product,102,11928.259804977684,2284.4396042756443,263.9117647058824,8,73.0,107.0,101.0,111.0,95.75,88.625,76.0
2024,33,Grocery,PepsiCo,PepsiCo_Grocery_product,76,9390.53747297636,1979.0109394191143,243.03571428571428,8,102.0,73.0,107.0,101.0,89.5,89.25,85.0
2024,34,Grocery,PepsiCo,PepsiCo_Grocery_product,85,11663.481547946658,2458.867280978176,321.37931034482756,8,76.0,102.0,73.0,107.0,84.0,89.5,104.0
2024,35,Grocery,PepsiCo,PepsiCo_Grocery_product,104,12267.175578775068,2334.20854823708,295.14285714285717,8,85.0,76.0,102.0,73.0,91.75,94.875,93.0
2024,36,Grocery,PepsiCo,PepsiCo_Grocery_product,93,11143.124148897137,2048.8047985726284,291.3235294117647,9,104.0,85.0,76.0,102.0,89.5,92.625,81.0
2024,37,Grocery,PepsiCo,PepsiCo_Grocery_product,81,12020.077643760063,2494.0383378306906,252.93103448275863,9,93.0,104.0,85.0,76.0,90.75,90.125,82.0
2024,38,Grocery,PepsiCo,PepsiCo_Grocery_product,82,11272.200567631091,2586.3533039360736,284.68,9,81.0,93.0,104.0,85.0,90.0,87.0,88.0
2024,39,Grocery,PepsiCo,PepsiCo_Grocery_product,88,10299.253716662135,2302.585935716821,280.19354838709677,9,82.0,81.0,93.0,104.0,86.0,88.875,86.0
2024,40,Grocery,PepsiCo,PepsiCo_Grocery_product,86,11962.357038963884,2315.2313548270436,267.64285714285717,10,88.0,82.0,81.0,93.0,84.25,86.875,94.0
2024,41,Grocery,PepsiCo,PepsiCo_Grocery_product,94,13615.823147799932,2785.653490723028,273.9655172413793,10,86.0,88.0,82.0,81.0,87.5,89.125,78.0
2024,42,Grocery,PepsiCo,PepsiCo_Grocery_product,78,11856.342761956323,2457.5768420334784,290.4230769230769,10,94.0,86.0,88.0,82.0,86.5,88.25,98.0
2024,43,Grocery,PepsiCo,PepsiCo_Grocery_product,98,13571.32651845623,2833.2699095828066,272.7,10,78.0,94.0,86.0,88.0,89.0,87.5,61.0
2024,44,Grocery,PepsiCo,PepsiCo_Grocery_product,61,9962.786062391417,2192.1859578279295,247.4,11,98.0,78.0,94.0,86.0,82.75,83.5,105.0
2024,45,Grocery,PepsiCo,PepsiCo_Grocery_product,105,14434.773028366295,3022.1191462810552,295.3,11,61.0,98.0,78.0,94.0,85.5,86.5,89.0
2024,46,Grocery,PepsiCo,PepsiCo_Grocery_product,89,11995.353921429558,2654.307400590591,320.2121212121212,11,105.0,61.0,98.0,78.0,88.25,87.375,104.0
2024,47,Grocery,PepsiCo,PepsiCo_Grocery_product,104,11757.992676164353,2400.0221290327872,258.97222222222223,11,89.0,105.0,61.0,98.0,89.75,89.375,74.0
2024,48,Grocery,PepsiCo,PepsiCo_Grocery_product,74,9027.669668971139,2012.4733876047253,277.7692307692308,11,104.0,89.0,105.0,61.0,93.0,87.875,128.0
2024,49,Grocery,PepsiCo,PepsiCo_Grocery_product,128,16745.737859461817,3125.8602156132274,302.9,12,74.0,104.0,89.0,105.0,98.75,92.125,90.0
2024,50,Grocery,PepsiCo,PepsiCo_Grocery_product,90,12788.91668370828,2601.2851262488075,268.93939393939394,12,128.0,74.0,104.0,89.0,99.0,93.625,125.0
2024,51,Grocery,PepsiCo,PepsiCo_Grocery_product,125,18055.249839349202,3581.709658939198,257.35897435897436,12,90.0,128.0,74.0,104.0,104.25,97.0,100.0
2024,8,Home Care,PepsiCo,PepsiCo_Home Care_product,112,16105.511243874553,3367.2866611548757,286.0263157894737,2,103.0,88.0,76.0,93.0,94.75,95.125,99.0
2024,9,Home Care,PepsiCo,PepsiCo_Home Care_product,99,13428.393830925612,2580.7022113957023,301.8484848484849,2,112.0,103.0,88.0,76.0,100.5,91.0,80.0
2024,10,Home Care,PepsiCo,PepsiCo_Home Care_product,80,10779.531717992377,2188.2474190460857,295.61538461538464,3,99.0,112.0,103.0,88.0,98.5,91.125,74.0
2024,11,Home Care,PepsiCo,PepsiCo_Home Care_product,74,11473.50830775359,2536.939240538468,286.9,3,80.0,99.0,112.0,103.0,91.25,90.625,63.0
2024,12,Home Care,PepsiCo,PepsiCo_Home Care_product,63,7992.741043586965,1717.1467523719584,310.0833333333333,3,74.0,80.0,99.0,112.0,79.0,86.875,121.0
2024,13,Home Care,PepsiCo,PepsiCo_Home Care_product,121,13386.440052638009,2416.0553377105366,278.1162790697674,3,63.0,74.0,80.0,99.0,84.5,92.5,114.0
2024,14,Home Care,PepsiCo,PepsiCo_Home Care_product,114,14994.72780018843,2590.4278935836032,285.2368421052632,4,121.0,63.0,74.0,80.0,93.0,95.75,94.0
2024,15,Home Care,PepsiCo,PepsiCo_Home Care_product,94,11729.738511025991,2251.390224725579,290.8888888888889,4,114.0,121.0,63.0,74.0,98.0,94.625,70.0
2024,16,Home Care,PepsiCo,PepsiCo_Home Care_product,70,8332.37236404372,2045.5781154325425,296.0,4,94.0,114.0,121.0,63.0,99.75,89.375,98.0
2024,17,Home Care,PepsiCo,PepsiCo_Home Care_product,98,14242.736527205645,2741.6000928054737,272.741935483871,4,70.0,94.0,114.0,121.0,94.0,89.25,87.0
2024,18,Home Care,PepsiCo,PepsiCo_Home Care_product,87,8488.848490164657,1591.7310689727526,241.0344827586207,5,98.0,70.0,94.0,114.0,87.25,90.125,77.0
2024,19,Home Care,PepsiCo,PepsiCo_Home Care_product,77,10579.817746802262,1944.4905611916465,296.3666666666667,5,87.0,98.0,70.0,94.0,83.0,90.5,108.0
2024,20,Home Care,PepsiCo,PepsiCo_Home Care_product,108,15125.743684305533,2765.4131641061404,275.10526315789474,5,77.0,87.0,98.0,70.0,92.5,96.125,70.0
2024,21,Home Care,PepsiCo,PepsiCo_Home Care_product,70,10334.8189148944,1884.1742536156448,274.69565217391306,5,108.0,77.0,87.0,98.0,85.5,89.75,83.0
2024,22,Home Care,PepsiCo,PepsiCo_Home Care_product,83,9323.31578013894,2127.846040934337,226.125,5,70.0,108.0,77.0,87.0,84.5,85.875,82.0
2024,23,Home Care,PepsiCo,PepsiCo_Home Care_product,82,9827.302123414433,1926.794078496176,288.2903225806452,6,83.0,70.0,108.0,77.0,85.75,84.375,84.0
2024,24,Home Care,PepsiCo,PepsiCo_Home Care_product,84,9931.383005039386,1920.3235694495202,293.71875,6,82.0,83.0,70.0,108.0,79.75,86.125,61.0
2024,25,Home Care,PepsiCo,PepsiCo_Home Care_product,61,6847.565871542893,1292.6727818030424,277.54545454545456,6,84.0,82.0,83.0,70.0,77.5,81.5,93.0
2024,26,Home Care,PepsiCo,PepsiCo_Home Care_product,93,12609.127533521005,2367.9421994158656,298.7741935483871,6,61.0,84.0,82.0,83.0,80.0,82.25,90.0
2024,27,Home Care,PepsiCo,PepsiCo_Home Care_product,90,12826.265686721757,2727.370384027743,265.06451612903226,7,93.0,61.0,84.0,82.0,82.0,83.875,87.0
2024,28,Home Care,PepsiCo,PepsiCo_Home Care_product,87,9911.061316834004,2176.2029216681804,293.5,7,90.0,93.0,61.0,84.0,82.75,81.25,99.0
2024,29,Home Care,PepsiCo,PepsiCo_Home Care_product,99,13490.515156039348,2704.6503633312695,262.93939393939394,7,87.0,90.0,93.0,61.0,92.25,84.875,80.0
2024,30,Home Care,PepsiCo,PepsiCo_Home Care_product,80,11865.661936764838,2419.8197075875823,259.7857142857143,7,99.0,87.0,90.0,93.0,89.0,84.5,69.0
2024,31,Home Care,PepsiCo,PepsiCo_Home Care_product,69,9372.940532199034,2160.1802937598522,273.3333333333333,8,80.0,99.0,87.0,90.0,83.75,82.875,98.0
2024,32,Home Care,PepsiCo,PepsiCo_Home Care_product,98,14797.191621488413,2800.7293450877355,250.58823529411765,8,69.0,80.0,99.0,87.0,86.5,84.625,83.0
2024,33,Home Care,PepsiCo,PepsiCo_Home Care_product,83,9136.173135974623,2011.9076745453767,284.875,8,98.0,69.0,80.0,99.0,82.5,87.375,108.0
2024,34,Home Care,PepsiCo,PepsiCo_Home Care_product,108,16743.979640889807,3679.0287181528274,261.0,8,83.0,98.0,69.0,80.0,89.5,89.25,100.0
2024,35,Home Care,PepsiCo,PepsiCo_Home Care_product,100,11430.800989049676,2380.2333779319147,318.85714285714283,8,108.0,83.0,98.0,69.0,97.25,90.5,75.0
2024,36,Home Care,PepsiCo,PepsiCo_Home Care_product,75,9526.678570951553,1759.547228539217,279.44444444444446,9,100.0,108.0,83.0,98.0,91.5,89.0,90.0
2024,37,Home Care,PepsiCo,PepsiCo_Home Care_product,90,12807.023947356563,2523.533149994276,332.56666666666666,9,75.0,100.0,108.0,83.0,93.25,87.875,84.0
2024,38,Home Care,PepsiCo,PepsiCo_Home Care_product,84,8643.480693581252,2015.766585688983,260.92,9,90.0,75.0,100.0,108.0,87.25,88.375,100.0
2024,39,Home Care,PepsiCo,PepsiCo_Home Care_product,100,14978.395922492233,2930.2383478205093,284.7878787878788,9,84.0,90.0,75.0,100.0,87.25,92.25,99.0
2024,40,Home Care,PepsiCo,PepsiCo_Home Care_product,99,12512.994635148729,2415.6814214368837,270.1111111111111,9,100.0,84.0,90.0,75.0,93.25,92.375,113.0
2024,41,Home Care,PepsiCo,PepsiCo_Home Care_product,113,13266.511594422771,2733.6823427987338,267.25714285714287,10,99.0,100.0,84.0,90.0,99.0,96.125,113.0
2024,42,Home Care,PepsiCo,PepsiCo_Home Care_product,113,14710.511901494287,2824.8353621572332,250.9268292682927,10,113.0,99.0,100.0,84.0,106.25,96.75,74.0
2024,43,Home Care,PepsiCo,PepsiCo_Home Care_product,74,7808.382314336851,1406.6417302008201,277.625,10,113.0,113.0,99.0,100.0,99.75,93.5,107.0
2024,44,Home Care,PepsiCo,PepsiCo_Home Care_product,107,17248.49387770468,3185.591768347735,285.27777777777777,10,74.0,113.0,113.0,99.0,101.75,97.5,81.0
2024,45,Home Care,PepsiCo,PepsiCo_Home Care_product,81,10944.536110872397,2250.3846059648113,316.962962962963,11,107.0,74.0,113.0,113.0,93.75,96.375,94.0
2024,46,Home Care,PepsiCo,PepsiCo_Home Care_product,94,11822.236778366538,1933.098376405979,278.0967741935484,11,81.0,107.0,74.0,113.0,89.0,97.625,83.0
2024,47,Home Care,PepsiCo,PepsiCo_Home Care_product,83,10192.241984329676,1776.8593982486639,281.0740740740741,11,94.0,81.0,107.0,74.0,91.25,95.5,90.0
2024,48,Home Care,PepsiCo,PepsiCo_Home Care_product,90,11961.873325304148,2392.7789614728786,297.741935483871,12,83.0,94.0,81.0,107.0,87.0,94.375,120.0
2024,49,Home Care,PepsiCo,PepsiCo_Home Care_product,120,16465.786950460122,2996.9342980314073,287.7894736842105,12,90.0,83.0,94.0,81.0,96.75,95.25,73.0
2024,50,Home Care,PepsiCo,PepsiCo_Home Care_product,73,9465.19137139837,1858.088234168354,243.5909090909091,12,120.0,90.0,83.0,94.0,91.5,90.25,76.0
2024,51,Home Care,PepsiCo,PepsiCo_Home Care_product,76,11091.840595465294,2332.6315075500156,298.04347826086956,12,73.0,120.0,90.0,83.0,89.75,90.5,112.0
2024,8,Personal Care,PepsiCo,PepsiCo_Personal Care_product,78,9464.883307508582,2026.2585274698965,320.7857142857143,2,79.0,71.0,99.0,92.0,81.75,93.25,96.0
2024,9,Personal Care,PepsiCo,PepsiCo_Personal Care_product,96,11813.516940651081,2605.289774259648,296.54285714285714,2,78.0,79.0,71.0,99.0,81.0,94.625,77.0
2024,10,Personal Care,PepsiCo,PepsiCo_Personal Care_product,77,11141.971636998795,2130.437305335473,249.1153846153846,3,96.0,78.0,79.0,71.0,82.5,89.0,53.0
2024,11,Personal Care,PepsiCo,PepsiCo_Personal Care_product,53,6226.718189463974,1168.0892266164997,260.0416666666667,3,77.0,96.0,78.0,79.0,76.0,80.625,97.0
2024,12,Personal Care,PepsiCo,PepsiCo_Personal Care_product,97,14876.88308524192,3040.8851127542684,285.57575757575756,3,53.0,77.0,96.0,78.0,80.75,81.25,82.0
2024,13,Personal Care,PepsiCo,PepsiCo_Personal Care_product,82,9740.280329713129,1859.5189968522868,274.6896551724138,3,97.0,53.0,77.0,96.0,77.25,79.125,75.0
2024,14,Personal Care,PepsiCo,PepsiCo_Personal Care_product,75,10032.213730625468,2065.0971243068775,267.77272727272725,4,82.0,97.0,53.0,77.0,76.75,79.625,79.0
2024,15,Personal Care,PepsiCo,PepsiCo_Personal Care_product,79,13938.815152093273,2990.770902674574,260.7037037037037,4,75.0,82.0,97.0,53.0,83.25,79.625,94.0
2024,16,Personal Care,PepsiCo,PepsiCo_Personal Care_product,94,11665.987803894954,2094.738803630866,298.61290322580646,4,79.0,75.0,82.0,97.0,82.5,81.625,81.0
2024,17,Personal Care,PepsiCo,PepsiCo_Personal Care_product,81,10234.407875526393,2254.1878968872984,285.7586206896552,4,94.0,79.0,75.0,82.0,82.25,79.75,73.0
2024,18,Personal Care,PepsiCo,PepsiCo_Personal Care_product,73,8683.593698914752,1820.5984626981115,244.86206896551724,5,81.0,94.0,79.0,75.0,81.75,79.25,85.0
2024,19,Personal Care,PepsiCo,PepsiCo_Personal Care_product,85,13074.71947489722,2964.4505539366082,290.3703703703704,5,73.0,81.0,94.0,79.0,83.25,83.25,57.0
2024,20,Personal Care,PepsiCo,PepsiCo_Personal Care_product,57,9935.008068658124,2198.2356605104274,260.1,5,85.0,73.0,81.0,94.0,74.0,78.25,111.0
2024,21,Personal Care,PepsiCo,PepsiCo_Personal Care_product,111,13481.524109500864,2845.9245548036656,256.75,5,57.0,85.0,73.0,81.0,81.5,81.875,92.0
2024,22,Personal Care,PepsiCo,PepsiCo_Personal Care_product,92,11076.492651923742,2387.8783779576024,299.61290322580646,5,111.0,57.0,85.0,73.0,86.25,84.0,84.0
2024,23,Personal Care,PepsiCo,PepsiCo_Personal Care_product,84,8393.858246126603,1519.7894607471067,277.44444444444446,6,92.0,111.0,57.0,85.0,86.0,84.625,72.0
2024,24,Personal Care,PepsiCo,PepsiCo_Personal Care_product,72,9855.393260033365,2039.5886675299273,262.18518518518516,6,84.0,92.0,111.0,57.0,89.75,81.875,106.0
2024,25,Personal Care,PepsiCo,PepsiCo_Personal Care_product,106,15251.004211265301,2684.623497952851,276.1515151515151,6,72.0,84.0,92.0,111.0,88.5,85.0,79.0
2024,26,Personal Care,PepsiCo,PepsiCo_Personal Care_product,79,10662.125395215535,2246.5162002854067,254.4,6,106.0,72.0,84.0,92.0,85.25,85.75,64.0
2024,27,Personal Care,PepsiCo,PepsiCo_Personal Care_product,64,8102.857048129299,1684.1275583797355,253.12,7,79.0,106.0,72.0,84.0,80.25,83.125,94.0
2024,28,Personal Care,PepsiCo,PepsiCo_Personal Care_product,94,13687.31170488396,2970.0219347389193,292.03333333333336,7,64.0,79.0,106.0,72.0,85.75,87.75,88.0
2024,29,Personal Care,PepsiCo,PepsiCo_Personal Care_product,88,9222.651849340646,1845.0227381641553,297.9714285714286,7,94.0,64.0,79.0,106.0,81.25,84.875,90.0
2024,30,Personal Care,PepsiCo,PepsiCo_Personal Care_product,90,11135.204095129842,2199.8328156854113,315.9,7,88.0,94.0,64.0,79.0,84.0,84.625,76.0
2024,31,Personal Care,PepsiCo,PepsiCo_Personal Care_product,76,8121.811707829164,1673.3202147893633,300.4,7,90.0,88.0,94.0,64.0,87.0,83.625,100.0
2024,32,Personal Care,PepsiCo,PepsiCo_Personal Care_product,100,13811.925079334029,2766.983950612354,243.38709677419354,8,76.0,90.0,88.0,94.0,88.5,87.125,64.0
2024,33,Personal Care,PepsiCo,PepsiCo_Personal Care_product,64,7004.056438177762,1530.0661889067735,270.59090909090907,8,100.0,76.0,90.0,88.0,82.5,81.875,64.0
2024,34,Personal Care,PepsiCo,PepsiCo_Personal Care_product,64,7968.4103999504505,1474.6570038103735,202.57692307692307,8,64.0,100.0,76.0,90.0,76.0,80.0,50.0
2024,35,Personal Care,PepsiCo,PepsiCo_Personal Care_product,50,6220.3208261687505,1357.0867657679355,252.14285714285714,9,64.0,64.0,100.0,76.0,69.5,78.25,93.0
2024,36,Personal Care,PepsiCo,PepsiCo_Personal Care_product,93,12448.209387616173,2464.4873649764704,313.54545454545456,9,50.0,64.0,64.0,100.0,67.75,78.125,102.0
2024,37,Personal Care,PepsiCo,PepsiCo_Personal Care_product,102,12951.662151080549,2623.2601566471867,264.4117647058824,9,93.0,50.0,64.0,64.0,77.25,79.875,120.0
2024,38,Personal Care,PepsiCo,PepsiCo_Personal Care_product,120,17759.990836627516,3597.9829620111086,284.27777777777777,9,102.0,93.0,50.0,64.0,91.25,83.625,69.0
2024,39,Personal Care,PepsiCo,PepsiCo_Personal Care_product,69,10966.136334229623,2421.0705360716483,278.88,9,120.0,102.0,93.0,50.0,96.0,82.75,63.0
2024,40,Personal Care,PepsiCo,PepsiCo_Personal Care_product,63,7269.697988697756,1428.6701020132898,306.0,10,69.0,120.0,102.0,93.0,88.5,78.125,94.0
2024,41,Personal Care,PepsiCo,PepsiCo_Personal Care_product,94,13969.542125497816,3039.3377225159047,299.6,10,63.0,69.0,120.0,102.0,86.5,81.875,96.0
2024,42,Personal Care,PepsiCo,PepsiCo_Personal Care_product,96,14255.483402748836,3558.6630732049307,293.0,10,94.0,63.0,69.0,120.0,80.5,85.875,67.0
2024,43,Personal Care,PepsiCo,PepsiCo_Personal Care_product,67,9622.64972096697,2070.6498634031323,285.8965517241379,10,96.0,94.0,63.0,69.0,80.0,88.0,64.0
2024,44,Personal Care,PepsiCo,PepsiCo_Personal Care_product,64,7339.91066851978,1354.8642121193866,326.1304347826087,11,67.0,96.0,94.0,63.0,80.25,84.375,84.0
2024,45,Personal Care,PepsiCo,PepsiCo_Personal Care_product,84,11109.489671926114,2402.229093081083,279.84615384615387,11,64.0,67.0,96.0,94.0,77.75,82.125,90.0
2024,46,Personal Care,PepsiCo,PepsiCo_Personal Care_product,90,12304.993305783613,2669.6258001916367,287.6875,11,84.0,64.0,67.0,96.0,76.25,78.375,85.0
2024,47,Personal Care,PepsiCo,PepsiCo_Personal Care_product,85,11858.775160029169,2213.6113203163836,251.5185185185185,11,90.0,84.0,64.0,67.0,80.75,80.375,115.0
2024,48,Personal Care,PepsiCo,PepsiCo_Personal Care_product,115,15650.388168006475,3285.9713883073273,291.57894736842104,12,85.0,90.0,84.0,64.0,93.5,86.875,90.0
2024,49,Personal Care,PepsiCo,PepsiCo_Personal Care_product,90,8673.184940900368,1972.0116280288441,286.8076923076923,12,115.0,85.0,90.0,84.0,95.0,86.375,112.0
2024,50,Personal Care,PepsiCo,PepsiCo_Personal Care_product,112,17030.946122479283,3463.319826356882,302.86486486486484,12,90.0,115.0,85.0,90.0,100.5,88.375,92.0
2024,51,Personal Care,PepsiCo,PepsiCo_Personal Care_product,92,10441.80535893188,1965.9392800155365,309.93548387096774,12,112.0,90.0,115.0,85.0,102.25,91.5,70.0
2024,8,Vegetables,PepsiCo,PepsiCo_Vegetables_product,84,10094.719333354946,1584.2397520642212,273.73333333333335,2,86.0,71.0,98.0,97.0,84.75,85.75,122.0
2024,9,Vegetables,PepsiCo,PepsiCo_Vegetables_product,122,14744.82073967115,2926.762034664259,248.5121951219512,2,84.0,86.0,71.0,98.0,90.75,85.625,133.0
2024,10,Vegetables,PepsiCo,PepsiCo_Vegetables_product,133,16808.35515417162,3441.959350458737,255.92857142857142,3,122.0,84.0,86.0,71.0,106.25,95.875,100.0
2024,11,Vegetables,PepsiCo,PepsiCo_Vegetables_product,100,9827.800801368292,1845.5343506787367,233.68965517241378,3,133.0,122.0,84.0,86.0,109.75,98.875,91.0
2024,12,Vegetables,PepsiCo,PepsiCo_Vegetables_product,91,11531.654552663527,2352.2329872707933,310.6875,3,100.0,133.0,122.0,84.0,111.5,98.125,73.0
2024,13,Vegetables,PepsiCo,PepsiCo_Vegetables_product,73,9168.70540749848,1900.6978329913347,259.2307692307692,3,91.0,100.0,133.0,122.0,99.25,95.0,86.0
2024,14,Vegetables,PepsiCo,PepsiCo_Vegetables_product,86,9799.520964464751,1954.1803532144554,276.0,4,73.0,91.0,100.0,133.0,87.5,96.875,101.0
2024,15,Vegetables,PepsiCo,PepsiCo_Vegetables_product,101,13232.226326866676,2365.5721215133362,250.5,4,86.0,73.0,91.0,100.0,87.75,98.75,122.0
2024,16,Vegetables,PepsiCo,PepsiCo_Vegetables_product,122,16112.664516335386,3598.526806986182,263.8378378378378,4,101.0,86.0,73.0,91.0,95.5,103.5,106.0
2024,17,Vegetables,PepsiCo,PepsiCo_Vegetables_product,106,13396.389033886857,2740.049654841116,290.8285714285714,4,122.0,101.0,86.0,73.0,103.75,101.5,64.0
2024,18,Vegetables,PepsiCo,PepsiCo_Vegetables_product,64,8023.351808509971,1293.1808037729368,277.11538461538464,5,106.0,122.0,101.0,86.0,98.25,92.875,75.0
2024,19,Vegetables,PepsiCo,PepsiCo_Vegetables_product,75,9838.26800189924,1961.374865513422,245.53571428571428,5,64.0,106.0,122.0,101.0,91.75,89.75,70.0
2024,20,Vegetables,PepsiCo,PepsiCo_Vegetables_product,70,9028.009559547898,1709.682702462658,319.2962962962963,5,75.0,64.0,106.0,122.0,78.75,87.125,110.0
2024,21,Vegetables,PepsiCo,PepsiCo_Vegetables_product,110,13352.830476086618,2670.8943629923306,324.7352941176471,5,70.0,75.0,64.0,106.0,79.75,91.75,101.0
2024,22,Vegetables,PepsiCo,PepsiCo_Vegetables_product,101,13430.43188998488,2715.270763991074,242.5142857142857,5,110.0,70.0,75.0,64.0,89.0,93.625,67.0
2024,23,Vegetables,PepsiCo,PepsiCo_Vegetables_product,67,9207.8764213914,1881.5213329419028,239.46153846153845,6,101.0,110.0,70.0,75.0,87.0,89.375,104.0
2024,24,Vegetables,PepsiCo,PepsiCo_Vegetables_product,104,12646.326736268888,2701.5047775686976,221.3030303030303,6,67.0,101.0,110.0,70.0,95.5,87.125,76.0
2024,25,Vegetables,PepsiCo,PepsiCo_Vegetables_product,76,8444.191463420913,1622.8874443007817,283.61538461538464,6,104.0,67.0,101.0,110.0,87.0,83.375,67.0
2024,26,Vegetables,PepsiCo,PepsiCo_Vegetables_product,67,10084.341307112874,2172.085475599792,292.2608695652174,6,76.0,104.0,67.0,101.0,78.5,83.75,86.0
2024,27,Vegetables,PepsiCo,PepsiCo_Vegetables_product,86,10417.009316818012,2233.139607749254,298.23333333333335,7,67.0,76.0,104.0,67.0,83.25,85.125,87.0
2024,28,Vegetables,PepsiCo,PepsiCo_Vegetables_product,87,10772.995994490291,2169.467157625305,286.80645161290323,7,86.0,67.0,76.0,104.0,79.0,87.25,86.0
2024,29,Vegetables,PepsiCo,PepsiCo_Vegetables_product,86,11552.155142767795,2676.8154446280564,281.32142857142856,7,87.0,86.0,67.0,76.0,81.5,84.25,131.0
2024,30,Vegetables,PepsiCo,PepsiCo_Vegetables_product,131,16658.29339406503,3001.490607404895,277.13953488372096,7,86.0,87.0,86.0,67.0,97.5,88.0,77.0
2024,31,Vegetables,PepsiCo,PepsiCo_Vegetables_product,77,10935.963468899625,2322.4201397815864,286.88,8,131.0,86.0,87.0,86.0,95.25,89.25,65.0
2024,32,Vegetables,PepsiCo,PepsiCo_Vegetables_product,65,7501.044031731688,1477.3324832899357,296.8695652173913,8,77.0,131.0,86.0,87.0,89.75,84.375,84.0
2024,33,Vegetables,PepsiCo,PepsiCo_Vegetables_product,84,11150.342876180675,2145.750552245725,264.4074074074074,8,65.0,77.0,131.0,86.0,89.25,85.375,81.0
2024,34,Vegetables,PepsiCo,PepsiCo_Vegetables_product,81,8833.612568860819,1327.180939317518,319.7692307692308,8,84.0,65.0,77.0,131.0,76.75,87.125,88.0
2024,35,Vegetables,PepsiCo,PepsiCo_Vegetables_product,88,14918.569540290897,3351.3248635928767,276.0689655172414,8,81.0,84.0,65.0,77.0,79.5,87.375,137.0
2024,36,Vegetables,PepsiCo,PepsiCo_Vegetables_product,137,15270.938887581337,2950.8689110872187,296.95454545454544,9,88.0,81.0,84.0,65.0,97.5,93.625,123.0
2024,37,Vegetables,PepsiCo,PepsiCo_Vegetables_product,123,14234.22920909461,2861.2005954530487,266.3095238095238,9,137.0,88.0,81.0,84.0,107.25,98.25,71.0
2024,38,Vegetables,PepsiCo,PepsiCo_Vegetables_product,71,8944.355081704385,1575.1009012507473,297.85714285714283,9,123.0,137.0,88.0,81.0,104.75,90.75,96.0
2024,39,Vegetables,PepsiCo,PepsiCo_Vegetables_product,96,13496.127631725421,2478.301786733465,273.96875,9,71.0,123.0,137.0,88.0,106.75,93.125,106.0
2024,40,Vegetables,PepsiCo,PepsiCo_Vegetables_product,106,13287.459519497685,2527.5842944588026,252.96666666666667,9,96.0,71.0,123.0,137.0,99.0,98.25,71.0
2024,41,Vegetables,PepsiCo,PepsiCo_Vegetables_product,71,10835.401626346978,2228.79382616734,298.56,10,106.0,96.0,71.0,123.0,86.0,96.625,118.0
2024,42,Vegetables,PepsiCo,PepsiCo_Vegetables_product,118,14308.853805737335,2629.260352930838,277.3953488372093,10,71.0,106.0,96.0,71.0,97.75,101.25,90.0
2024,43,Vegetables,PepsiCo,PepsiCo_Vegetables_product,90,12297.919691801582,2332.14089212261,276.2903225806452,10,118.0,71.0,106.0,96.0,96.25,101.5,104.0
2024,44,Vegetables,PepsiCo,PepsiCo_Vegetables_product,104,12277.803829290224,2743.119781133419,257.3888888888889,11,90.0,118.0,71.0,106.0,95.75,97.375,114.0
2024,45,Vegetables,PepsiCo,PepsiCo_Vegetables_product,114,15536.440931086061,3022.902345176106,257.51428571428573,11,104.0,90.0,118.0,71.0,106.5,96.25,81.0
2024,46,Vegetables,PepsiCo,PepsiCo_Vegetables_product,81,12289.834406154221,2522.1294058190183,281.8529411764706,11,114.0,104.0,90.0,118.0,97.25,97.5,105.0
2024,47,Vegetables,PepsiCo,PepsiCo_Vegetables_product,105,15500.448164734158,3223.155467169572,292.9142857142857,11,81.0,114.0,104.0,90.0,101.0,98.625,74.0
2024,48,Vegetables,PepsiCo,PepsiCo_Vegetables_product,74,11869.79032079626,2682.004908273623,257.25,11,105.0,81.0,114.0,104.0,93.5,94.625,82.0
2024,49,Vegetables,PepsiCo,PepsiCo_Vegetables_product,82,10459.83452456139,1858.138438417619,286.1333333333333,12,74.0,105.0,81.0,114.0,85.5,96.0,87.0
2024,50,Vegetables,PepsiCo,PepsiCo_Vegetables_product,87,10636.112386569133,2112.543446969417,274.92857142857144,12,82.0,74.0,105.0,81.0,87.0,92.125,73.0
2024,51,Vegetables,PepsiCo,PepsiCo_Vegetables_product,73,9591.032552837967,2123.0861638176984,300.12,12,87.0,82.0,74.0,105.0,79.0,90.0,95.0
2024,8,Grocery,Tata,Tata Rice,38,5095.481116311489,1122.8714615456358,263.9,2,28.0,30.0,35.0,36.0,32.75,37.25,23.0
2024,9,Grocery,Tata,Tata Rice,23,3402.362550688503,712.2375356356106,317.625,3,38.0,28.0,30.0,35.0,29.75,34.5,30.0
2024,10,Grocery,Tata,Tata Rice,30,2548.2964137737727,488.89748170831217,350.5,3,23.0,38.0,28.0,30.0,29.75,32.875,15.0
2024,11,Grocery,Tata,Tata Rice,15,1892.2147416322684,384.8217094906728,282.3333333333333,3,30.0,23.0,38.0,28.0,26.5,29.375,14.0
2024,12,Grocery,Tata,Tata Rice,14,1667.0963108692308,376.755423689698,296.25,3,15.0,30.0,23.0,38.0,20.5,26.625,30.0
2024,13,Grocery,Tata,Tata Rice,30,3515.719386226189,728.2803155008522,242.83333333333334,3,14.0,15.0,30.0,23.0,22.25,26.0,17.0
2024,14,Grocery,Tata,Tata Rice,17,1667.5633729526999,285.29379854067895,356.14285714285717,4,30.0,14.0,15.0,30.0,19.0,24.375,5.0
2024,15,Grocery,Tata,Tata Rice,5,663.5524097317352,102.91751643439112,169.0,4,17.0,30.0,14.0,15.0,16.5,21.5,43.0
2024,16,Grocery,Tata,Tata Rice,43,5547.632998255052,1276.1744528745176,216.6,4,5.0,17.0,30.0,14.0,23.75,22.125,34.0
2024,17,Grocery,Tata,Tata Rice,34,3484.243486954937,663.5257855986835,243.83333333333334,4,43.0,5.0,17.0,30.0,24.75,23.5,20.0
2024,18,Grocery,Tata,Tata Rice,20,2526.721068717678,529.536565026967,193.25,5,34.0,43.0,5.0,17.0,25.5,22.25,25.0
2024,19,Grocery,Tata,Tata Rice,25,4159.029513634253,854.4152542581536,309.25,5,20.0,34.0,43.0,5.0,30.5,23.5,33.0
2024,20,Grocery,Tata,Tata Rice,33,5536.010743738068,1125.050122100212,354.6,5,25.0,20.0,34.0,43.0,28.0,25.875,18.0
2024,21,Grocery,Tata,Tata Rice,18,2887.487533654211,529.7634166870766,232.375,5,33.0,25.0,20.0,34.0,24.0,24.375,24.0
2024,22,Grocery,Tata,Tata Rice,24,3205.0760444001244,761.9718518013248,231.88888888888889,5,18.0,33.0,25.0,20.0,25.0,25.25,29.0
2024,23,Grocery,Tata,Tata Rice,29,2908.3255987102316,453.27227569087484,242.33333333333334,6,24.0,18.0,33.0,25.0,26.0,28.25,31.0
2024,24,Grocery,Tata,Tata Rice,31,3339.2057498240665,478.6533033389752,303.6666666666667,6,29.0,24.0,18.0,33.0,25.5,26.75,18.0
2024,25,Grocery,Tata,Tata Rice,18,1712.4076736946831,379.33918549651366,252.85714285714286,6,31.0,29.0,24.0,18.0,25.5,24.75,14.0
2024,26,Grocery,Tata,Tata Rice,14,2002.5827978070195,310.5269098359694,257.7142857142857,6,18.0,31.0,29.0,24.0,23.0,24.0,45.0
2024,27,Grocery,Tata,Tata Rice,45,5203.803918184127,1070.815471324217,282.1818181818182,7,14.0,18.0,31.0,29.0,27.0,26.5,32.0
2024,28,Grocery,Tata,Tata Rice,32,4857.819730217364,944.092211012732,336.8,7,45.0,14.0,18.0,31.0,27.25,26.375,30.0
2024,29,Grocery,Tata,Tata Rice,30,4442.970401886185,922.3978123433786,248.4,7,32.0,45.0,14.0,18.0,30.25,27.875,33.0
2024,30,Grocery,Tata,Tata Rice,33,3710.7979390523146,779.8965425463357,271.1818181818182,7,30.0,32.0,45.0,14.0,35.0,29.0,40.0
2024,31,Grocery,Tata,Tata Rice,40,5888.702750794636,1041.8547567647108,226.58333333333334,8,33.0,30.0,32.0,45.0,33.75,30.375,48.0
2024,32,Grocery,Tata,Tata Rice,48,7755.605455366286,1453.3960639959266,324.9375,8,40.0,33.0,30.0,32.0,37.75,32.5,36.0
2024,33,Grocery,Tata,Tata Rice,36,6845.211311456748,1652.777586584464,288.6363636363636,8,48.0,40.0,33.0,30.0,39.25,34.75,33.0
2024,34,Grocery,Tata,Tata Rice,33,3788.9109329905896,506.7345739873655,357.44444444444446,8,36.0,48.0,40.0,33.0,39.25,37.125,50.0
2024,35,Grocery,Tata,Tata Rice,50,6996.684667460851,1306.2365235576863,234.75,8,33.0,36.0,48.0,40.0,41.75,37.75,27.0
2024,36,Grocery,Tata,Tata Rice,27,3135.3221165343716,703.1630137502387,234.66666666666666,9,50.0,33.0,36.0,48.0,36.5,37.125,30.0
2024,37,Grocery,Tata,Tata Rice,30,3802.4050385908313,775.3829325423781,284.8,9,27.0,50.0,33.0,36.0,35.0,37.125,19.0
2024,38,Grocery,Tata,Tata Rice,19,2823.4670846959375,531.031028786796,208.85714285714286,9,30.0,27.0,50.0,33.0,31.5,35.375,41.0
2024,39,Grocery,Tata,Tata Rice,41,4722.021177503138,884.1549619129321,220.92307692307693,9,19.0,30.0,27.0,50.0,29.25,35.5,37.0
2024,40,Grocery,Tata,Tata Rice,37,5614.120502924767,1194.1798840850183,276.1818181818182,9,41.0,19.0,30.0,27.0,31.75,34.125,23.0
2024,41,Grocery,Tata,Tata Rice,23,2706.119721032984,453.04558797940706,300.125,10,37.0,41.0,19.0,30.0,30.0,32.5,36.0
2024,42,Grocery,Tata,Tata Rice,36,5144.256879970462,903.14460761399,313.7692307692308,10,23.0,37.0,41.0,19.0,34.25,32.875,33.0
2024,43,Grocery,Tata,Tata Rice,33,3523.258679533904,692.6874402365809,275.27272727272725,10,36.0,23.0,37.0,41.0,32.25,30.75,37.0
2024,44,Grocery,Tata,Tata Rice,37,6054.3763412093795,1386.144456877556,287.5833333333333,11,33.0,36.0,23.0,37.0,32.25,32.0,48.0
2024,45,Grocery,Tata,Tata Rice,48,6905.328786431257,1655.5004088889625,309.26666666666665,11,37.0,33.0,36.0,23.0,38.5,34.25,19.0
2024,46,Grocery,Tata,Tata Rice,19,2680.1219608550928,489.72301126213256,333.57142857142856,11,48.0,37.0,33.0,36.0,34.25,34.25,35.0
2024,47,Grocery,Tata,Tata Rice,35,5002.800666792994,1168.1542718912158,240.5,11,19.0,48.0,37.0,33.0,34.75,33.5,26.0
2024,48,Grocery,Tata,Tata Rice,26,3403.7981646084377,610.6613220029642,267.22222222222223,11,35.0,19.0,48.0,37.0,32.0,32.125,36.0
2024,49,Grocery,Tata,Tata Rice,36,4467.961900078088,832.2581519069338,219.16666666666666,12,26.0,35.0,19.0,48.0,29.0,33.75,19.0
2024,50,Grocery,Tata,Tata Rice,19,1621.4918690546997,310.8869405217403,373.8333333333333,12,36.0,26.0,35.0,19.0,29.0,31.625,19.0
2024,51,Grocery,Tata,Tata Rice,19,3155.588882520837,682.8098963528382,317.1666666666667,12,19.0,36.0,26.0,35.0,25.0,29.875,23.0
2024,8,Grocery,Tata,Tata Salt,52,7919.074526760026,1653.219840788352,255.35294117647058,2,31.0,32.0,16.0,41.0,32.75,34.0,32.0
2024,9,Grocery,Tata,Tata Salt,32,3896.642215121985,741.138349001232,352.1818181818182,3,52.0,31.0,32.0,16.0,36.75,32.625,7.0
2024,10,Grocery,Tata,Tata Salt,7,713.5268844254881,58.7582659782513,244.0,3,32.0,52.0,31.0,32.0,30.5,29.75,39.0
2024,11,Grocery,Tata,Tata Salt,39,4682.607615683753,661.7938594493164,271.15384615384613,3,7.0,32.0,52.0,31.0,32.5,31.25,35.0
2024,12,Grocery,Tata,Tata Salt,35,3814.755791815649,750.3256186624523,275.25,3,39.0,7.0,32.0,52.0,28.25,30.5,28.0
2024,13,Grocery,Tata,Tata Salt,28,3136.1717590971457,543.937038458037,229.125,3,35.0,39.0,7.0,32.0,27.25,32.0,37.0
2024,14,Grocery,Tata,Tata Salt,37,5846.395993163499,1256.9351593091378,270.4166666666667,4,28.0,35.0,39.0,7.0,34.75,32.625,39.0
2024,15,Grocery,Tata,Tata Salt,39,6058.995094217546,1435.4024828026568,303.7692307692308,4,37.0,28.0,35.0,39.0,34.75,33.625,24.0
2024,16,Grocery,Tata,Tata Salt,24,3603.3461847310373,662.3901965682792,309.1111111111111,4,39.0,37.0,28.0,35.0,32.0,30.125,32.0
2024,17,Grocery,Tata,Tata Salt,32,4562.651336037621,983.7102554087345,318.61538461538464,4,24.0,39.0,37.0,28.0,33.0,30.125,21.0
2024,18,Grocery,Tata,Tata Salt,21,2805.3741565161445,407.0488121371347,317.14285714285717,5,32.0,24.0,39.0,37.0,29.0,31.875,14.0
2024,19,Grocery,Tata,Tata Salt,14,1882.6289323884398,339.325293824456,243.75,5,21.0,32.0,24.0,39.0,22.75,28.75,25.0
2024,20,Grocery,Tata,Tata Salt,25,3419.148150470362,436.92773320849966,304.3333333333333,5,14.0,21.0,32.0,24.0,23.0,27.5,47.0
2024,21,Grocery,Tata,Tata Salt,47,6780.334913412059,1482.5282979399701,286.85714285714283,5,25.0,14.0,21.0,32.0,26.75,29.875,15.0
2024,22,Grocery,Tata,Tata Salt,15,2174.623875889637,490.1008719682386,198.2,6,47.0,25.0,14.0,21.0,25.25,27.125,30.0
2024,23,Grocery,Tata,Tata Salt,30,5100.168484760567,1189.6705744111262,243.875,6,15.0,47.0,25.0,14.0,29.25,26.0,10.0
2024,24,Grocery,Tata,Tata Salt,10,1078.2112105478386,193.32318765469262,282.5,6,30.0,15.0,47.0,25.0,25.5,24.25,21.0
2024,25,Grocery,Tata,Tata Salt,21,3880.076875018633,677.8767618414616,190.22222222222223,6,10.0,30.0,15.0,47.0,19.0,22.875,42.0
2024,26,Grocery,Tata,Tata Salt,42,4351.955075911424,826.236176723055,310.2307692307692,6,21.0,10.0,30.0,15.0,25.75,25.5,51.0
2024,27,Grocery,Tata,Tata Salt,51,5772.4806010391685,942.0256122305243,253.8125,7,42.0,21.0,10.0,30.0,31.0,30.125,28.0
2024,28,Grocery,Tata,Tata Salt,28,3666.385832791193,814.758378863746,242.75,7,51.0,42.0,21.0,10.0,35.5,30.5,16.0
2024,29,Grocery,Tata,Tata Salt,16,2592.8833442413675,459.6790058307589,348.2857142857143,7,28.0,51.0,42.0,21.0,34.25,26.625,19.0
2024,30,Grocery,Tata,Tata Salt,19,2454.976322756339,277.84681672243875,238.16666666666666,7,16.0,28.0,51.0,42.0,28.5,27.125,43.0
2024,31,Grocery,Tata,Tata Salt,43,6717.056047104737,1339.2365781491592,305.0769230769231,7,19.0,16.0,28.0,51.0,26.5,28.75,36.0
2024,32,Grocery,Tata,Tata Salt,36,4948.46296197937,916.5118791447368,317.4,8,43.0,19.0,16.0,28.0,28.5,32.0,16.0
2024,33,Grocery,Tata,Tata Salt,16,2274.5037683978035,427.45875478766,385.3333333333333,8,36.0,43.0,19.0,16.0,28.5,31.375,34.0
2024,34,Grocery,Tata,Tata Salt,34,3618.073858647046,733.880685906405,299.5,8,16.0,36.0,43.0,19.0,32.25,30.375,26.0
2024,35,Grocery,Tata,Tata Salt,26,3153.4393403103,708.9459795320872,276.25,8,34.0,16.0,36.0,43.0,28.0,27.25,20.0
2024,36,Grocery,Tata,Tata Salt,20,1996.8205052221906,415.63848370016774,334.3333333333333,9,26.0,34.0,16.0,36.0,24.0,26.25,28.0
2024,37,Grocery,Tata,Tata Salt,28,3772.4716340562118,660.43815728636,281.6,9,20.0,26.0,34.0,16.0,27.0,27.75,37.0
2024,38,Grocery,Tata,Tata Salt,37,5469.496259261061,1073.467944958789,260.5,9,28.0,20.0,26.0,34.0,27.75,30.0,28.0
2024,39,Grocery,Tata,Tata Salt,28,3590.003268097941,608.4755017230656,192.11111111111111,9,37.0,28.0,20.0,26.0,28.25,28.125,35.0
2024,40,Grocery,Tata,Tata Salt,35,5108.733069590936,920.0126287453943,268.5833333333333,10,28.0,37.0,28.0,20.0,32.0,28.0,20.0
2024,41,Grocery,Tata,Tata Salt,20,3225.4502315742934,751.6449649255408,281.85714285714283,10,35.0,28.0,37.0,28.0,30.0,28.5,34.0
2024,42,Grocery,Tata,Tata Salt,34,3888.5096903683334,689.6012411952515,304.27272727272725,10,20.0,35.0,28.0,37.0,29.25,28.5,43.0
2024,43,Grocery,Tata,Tata Salt,43,6313.135301921127,1288.1739588171229,272.5,10,34.0,20.0,35.0,28.0,33.0,30.625,25.0
2024,44,Grocery,Tata,Tata Salt,25,3323.9891497603157,600.225496959932,326.77777777777777,10,43.0,34.0,20.0,35.0,30.5,31.25,17.0
2024,45,Grocery,Tata,Tata Salt,17,1268.1041234695306,295.1232877943595,276.14285714285717,11,25.0,43.0,34.0,20.0,29.75,29.875,33.0
2024,46,Grocery,Tata,Tata Salt,33,3350.221100469367,825.1434758435647,244.33333333333334,11,17.0,25.0,43.0,34.0,29.5,29.375,21.0
2024,47,Grocery,Tata,Tata Salt,21,3524.948822960034,838.3662113172848,234.25,11,33.0,17.0,25.0,43.0,24.0,28.5,39.0
2024,48,Grocery,Tata,Tata Salt,39,5964.943180882937,1121.6199592050273,344.1666666666667,11,21.0,33.0,17.0,25.0,27.5,29.0,47.0
2024,49,Grocery,Tata,Tata Salt,47,8018.98787491178,2010.9623900330819,353.8,12,39.0,21.0,33.0,17.0,35.0,32.375,17.0
2024,50,Grocery,Tata,Tata Salt,17,1997.9276161024122,420.15795252905093,289.57142857142856,12,47.0,39.0,21.0,33.0,31.0,30.25,42.0
2024,51,Grocery,Tata,Tata Salt,42,5030.434280864746,1065.0717657032621,242.72727272727272,12,17.0,47.0,39.0,21.0,36.25,30.125,30.0
2024,8,Grocery,Tata,Tata Sampann Dal,16,3266.391947302216,663.9549795620571,336.4,2,13.0,36.0,36.0,24.0,25.25,26.125,37.0
2024,9,Grocery,Tata,Tata Sampann Dal,37,5403.43684408875,1141.459173856796,351.25,2,16.0,13.0,36.0,36.0,25.5,27.75,42.0
2024,10,Grocery,Tata,Tata Sampann Dal,42,6440.970875681592,1544.9921490206802,277.625,3,37.0,16.0,13.0,36.0,27.0,30.375,19.0
2024,11,Grocery,Tata,Tata Sampann Dal,19,2827.2931343757423,696.8695333979206,252.0,3,42.0,37.0,16.0,13.0,28.5,27.875,26.0
2024,12,Grocery,Tata,Tata Sampann Dal,26,3952.8728296545237,960.2068143149984,289.625,3,19.0,42.0,37.0,16.0,31.0,28.125,41.0
2024,13,Grocery,Tata,Tata Sampann Dal,41,5198.522293823595,1249.5285384385952,247.66666666666666,3,26.0,19.0,42.0,37.0,32.0,28.75,28.0
2024,14,Grocery,Tata,Tata Sampann Dal,28,4384.762226756854,874.5528778995924,263.7142857142857,4,41.0,26.0,19.0,42.0,28.5,27.75,36.0
2024,15,Grocery,Tata,Tata Sampann Dal,36,4532.200559243309,1004.7246013737639,302.0,4,28.0,41.0,26.0,19.0,32.75,30.625,25.0
2024,16,Grocery,Tata,Tata Sampann Dal,25,3292.610410567301,769.5214554809854,278.375,4,36.0,28.0,41.0,26.0,32.5,31.75,24.0
2024,17,Grocery,Tata,Tata Sampann Dal,24,3170.886614197061,588.5308046246366,223.28571428571428,4,25.0,36.0,28.0,41.0,28.25,30.125,13.0
2024,18,Grocery,Tata,Tata Sampann Dal,13,1399.1034356647483,272.96117888622217,224.85714285714286,5,24.0,25.0,36.0,28.0,24.5,26.5,22.0
2024,19,Grocery,Tata,Tata Sampann Dal,22,2809.3014538885927,407.5269893048928,220.0,5,13.0,24.0,25.0,36.0,21.0,26.875,33.0
2024,20,Grocery,Tata,Tata Sampann Dal,33,5441.269012099639,925.9793163393263,324.75,5,22.0,13.0,24.0,25.0,23.0,27.75,25.0
2024,21,Grocery,Tata,Tata Sampann Dal,25,3223.1872307502604,624.9209642617213,295.72727272727275,5,33.0,22.0,13.0,24.0,23.25,25.75,38.0
2024,22,Grocery,Tata,Tata Sampann Dal,38,4820.105484164191,974.9377124739053,234.54545454545453,5,25.0,33.0,22.0,13.0,29.5,27.0,32.0
2024,23,Grocery,Tata,Tata Sampann Dal,32,4423.558841475659,1085.0527486002607,272.25,6,38.0,25.0,33.0,22.0,32.0,26.5,30.0
2024,24,Grocery,Tata,Tata Sampann Dal,30,4170.612929092802,823.3157560626544,343.3636363636364,6,32.0,38.0,25.0,33.0,31.25,27.125,33.0
2024,25,Grocery,Tata,Tata Sampann Dal,33,5300.791586021511,1044.6040778820188,240.71428571428572,6,30.0,32.0,38.0,25.0,33.25,28.25,27.0
2024,26,Grocery,Tata,Tata Sampann Dal,27,4267.347846720181,931.3854539925968,317.375,6,33.0,30.0,32.0,38.0,30.5,30.0,17.0
2024,27,Grocery,Tata,Tata Sampann Dal,17,2558.657109032227,521.7985175204578,216.8,7,27.0,33.0,30.0,32.0,26.75,29.375,33.0
2024,28,Grocery,Tata,Tata Sampann Dal,33,4516.316228465661,811.4370404884901,247.25,7,17.0,27.0,33.0,30.0,27.5,29.375,34.0
2024,29,Grocery,Tata,Tata Sampann Dal,34,4349.562799394858,1051.9707093781567,232.08333333333334,7,33.0,17.0,27.0,33.0,27.75,30.5,21.0
2024,30,Grocery,Tata,Tata Sampann Dal,21,2511.2711745202073,374.09861094771713,298.6666666666667,7,34.0,33.0,17.0,27.0,26.25,28.375,23.0
2024,31,Grocery,Tata,Tata Sampann Dal,23,3458.7896628852136,813.798997652463,239.28571428571428,8,21.0,34.0,33.0,17.0,27.75,27.25,22.0
2024,32,Grocery,Tata,Tata Sampann Dal,22,2369.4071855655734,571.2750485236804,323.3333333333333,8,23.0,21.0,34.0,33.0,25.0,26.25,30.0
2024,33,Grocery,Tata,Tata Sampann Dal,30,4377.931316429834,689.8012013037484,259.3333333333333,8,22.0,23.0,21.0,34.0,24.0,25.875,16.0
2024,34,Grocery,Tata,Tata Sampann Dal,16,1902.1913925628176,344.69854000811335,220.4,8,30.0,22.0,23.0,21.0,22.75,24.5,40.0
2024,35,Grocery,Tata,Tata Sampann Dal,40,5456.5008193371405,1018.1939765429511,210.6,8,16.0,30.0,22.0,23.0,27.0,27.375,46.0
2024,36,Grocery,Tata,Tata Sampann Dal,46,6056.657721964252,1312.6193022700556,332.0,9,40.0,16.0,30.0,22.0,33.0,29.0,39.0
2024,37,Grocery,Tata,Tata Sampann Dal,39,5633.008389449005,1221.7420147490805,299.84615384615387,9,46.0,40.0,16.0,30.0,35.25,29.625,31.0
2024,38,Grocery,Tata,Tata Sampann Dal,31,3097.6771485104996,693.4320028512602,237.0,9,39.0,46.0,40.0,16.0,39.0,30.875,47.0
2024,39,Grocery,Tata,Tata Sampann Dal,47,5697.836121675722,1292.1523297364968,327.125,9,31.0,39.0,46.0,40.0,40.75,33.875,21.0
2024,40,Grocery,Tata,Tata Sampann Dal,21,2607.280985246923,505.4917216984653,218.625,10,47.0,31.0,39.0,46.0,34.5,33.75,34.0
2024,41,Grocery,Tata,Tata Sampann Dal,34,4870.1655257627535,799.4313054628758,249.91666666666666,10,21.0,47.0,31.0,39.0,33.25,34.25,48.0
2024,42,Grocery,Tata,Tata Sampann Dal,48,5676.527338616397,1104.6563870963184,236.25,10,34.0,21.0,47.0,31.0,37.5,38.25,33.0
2024,43,Grocery,Tata,Tata Sampann Dal,33,4064.7219072850894,791.567705043102,341.2142857142857,10,48.0,34.0,21.0,47.0,34.0,37.375,48.0
2024,44,Grocery,Tata,Tata Sampann Dal,48,7120.297495893644,1538.0900372194656,265.0,11,33.0,48.0,34.0,21.0,40.75,37.625,18.0
2024,45,Grocery,Tata,Tata Sampann Dal,18,3354.8370369516992,764.2015075659025,180.375,11,48.0,33.0,48.0,34.0,36.75,35.0,31.0
2024,46,Grocery,Tata,Tata Sampann Dal,31,5883.470710644615,1441.0410137668591,259.75,11,18.0,48.0,33.0,48.0,32.5,35.0,27.0
2024,47,Grocery,Tata,Tata Sampann Dal,27,3507.66087681722,543.707611750434,300.8888888888889,11,31.0,18.0,48.0,33.0,31.0,32.5,17.0
2024,48,Grocery,Tata,Tata Sampann Dal,17,3312.8523318686216,750.1029331196481,210.16666666666666,11,27.0,31.0,18.0,48.0,23.25,32.0,25.0
2024,49,Grocery,Tata,Tata Sampann Dal,25,4084.8577428488616,886.7032762350202,223.85714285714286,12,17.0,27.0,31.0,18.0,25.0,30.875,18.0
2024,50,Grocery,Tata,Tata Sampann Dal,18,1607.64248620306,312.3969970653635,225.75,12,25.0,17.0,27.0,31.0,21.75,27.125,11.0
2024,51,Grocery,Tata,Tata Sampann Dal,11,1718.1356078443623,426.0069582091829,248.25,12,18.0,25.0,17.0,27.0,17.75,24.375,26.0
2024,8,Beverages,Tata,Tata_Beverages_product,80,7957.9221964768085,1686.2196067794578,294.32142857142856,2,96.0,90.0,81.0,129.0,86.75,92.375,73.0
2024,9,Beverages,Tata,Tata_Beverages_product,73,7659.074673349631,1284.8314992844469,260.625,2,80.0,96.0,90.0,81.0,84.75,90.875,104.0
2024,10,Beverages,Tata,Tata_Beverages_product,104,11946.120210161587,2470.190983106507,285.9117647058824,3,73.0,80.0,96.0,90.0,88.25,92.75,68.0
2024,11,Beverages,Tata,Tata_Beverages_product,68,6219.562257196885,1120.1061473748214,311.88461538461536,3,104.0,73.0,80.0,96.0,81.25,90.125,119.0
2024,12,Beverages,Tata,Tata_Beverages_product,119,15198.164257325121,2699.191783907829,277.89473684210526,3,68.0,104.0,73.0,80.0,91.0,88.875,66.0
2024,13,Beverages,Tata,Tata_Beverages_product,66,8926.011654111964,1577.9414841395285,265.59090909090907,3,119.0,68.0,104.0,73.0,89.25,87.0,117.0
2024,14,Beverages,Tata,Tata_Beverages_product,117,16797.11305884452,3630.7231082281173,267.05405405405406,4,66.0,119.0,68.0,104.0,92.5,90.375,86.0
2024,15,Beverages,Tata,Tata_Beverages_product,86,13412.188456315407,3307.0920627425407,258.2857142857143,4,117.0,66.0,119.0,68.0,97.0,89.125,81.0
2024,16,Beverages,Tata,Tata_Beverages_product,81,9409.468618780324,2094.7689975527987,279.7931034482759,4,86.0,117.0,66.0,119.0,87.5,89.25,131.0
2024,17,Beverages,Tata,Tata_Beverages_product,131,15426.691883729007,2873.4075718827507,276.025,4,81.0,86.0,117.0,66.0,103.75,96.5,92.0
2024,18,Beverages,Tata,Tata_Beverages_product,92,10294.912451066839,2139.7431887335338,250.625,5,131.0,81.0,86.0,117.0,97.5,95.0,90.0
2024,19,Beverages,Tata,Tata_Beverages_product,90,14072.786004561834,2700.302451253973,277.75,5,92.0,131.0,81.0,86.0,98.5,97.75,92.0
2024,20,Beverages,Tata,Tata_Beverages_product,92,11658.097027166983,2561.468184370939,250.86666666666667,5,90.0,92.0,131.0,81.0,101.25,94.375,65.0
2024,21,Beverages,Tata,Tata_Beverages_product,65,8436.051563412737,1790.0186163342853,298.5217391304348,5,92.0,90.0,92.0,131.0,84.75,94.25,86.0
2024,22,Beverages,Tata,Tata_Beverages_product,86,10252.463706914077,2271.5168635192003,269.59375,5,65.0,92.0,90.0,92.0,83.25,90.375,97.0
2024,23,Beverages,Tata,Tata_Beverages_product,97,14583.031765841852,3375.949797210256,318.5151515151515,6,86.0,65.0,92.0,90.0,85.0,91.75,67.0
2024,24,Beverages,Tata,Tata_Beverages_product,67,8336.547707434022,1716.2213105741484,250.47826086956522,6,97.0,86.0,65.0,92.0,78.75,90.0,95.0
2024,25,Beverages,Tata,Tata_Beverages_product,95,10805.263494373829,1752.639635976404,250.3235294117647,6,67.0,97.0,86.0,65.0,86.25,85.5,69.0
2024,26,Beverages,Tata,Tata_Beverages_product,69,8786.749330273704,1405.9921437911069,250.3913043478261,6,95.0,67.0,97.0,86.0,82.0,82.625,87.0
2024,27,Beverages,Tata,Tata_Beverages_product,87,11578.537922388074,2340.7614995148992,249.8125,7,69.0,95.0,67.0,97.0,79.5,82.25,76.0
2024,28,Beverages,Tata,Tata_Beverages_product,76,11335.909991217954,2677.502239162445,271.4782608695652,7,87.0,69.0,95.0,67.0,81.75,80.25,95.0
2024,29,Beverages,Tata,Tata_Beverages_product,95,13264.738761085988,2566.9404189485435,238.24242424242425,7,76.0,87.0,69.0,95.0,81.75,84.0,78.0
2024,30,Beverages,Tata,Tata_Beverages_product,78,9029.945189457641,1930.302692227179,291.1111111111111,7,95.0,76.0,87.0,69.0,84.0,83.0,77.0
2024,31,Beverages,Tata,Tata_Beverages_product,77,9945.536629555281,1853.8922635559845,284.7307692307692,8,78.0,95.0,76.0,87.0,81.5,80.5,115.0
2024,32,Beverages,Tata,Tata_Beverages_product,115,14260.044268572603,2519.1424815703463,289.60526315789474,8,77.0,78.0,95.0,76.0,91.25,86.5,82.0
2024,33,Beverages,Tata,Tata_Beverages_product,82,11920.190634558297,2443.7993645952033,258.42857142857144,8,115.0,77.0,78.0,95.0,88.0,84.875,97.0
2024,34,Beverages,Tata,Tata_Beverages_product,97,12345.046426830299,2878.3380252748257,298.42857142857144,8,82.0,115.0,77.0,78.0,92.75,88.375,85.0
2024,35,Beverages,Tata,Tata_Beverages_product,85,12039.4029890197,2158.7543816728007,280.22222222222223,8,97.0,82.0,115.0,77.0,94.75,88.125,63.0
2024,36,Beverages,Tata,Tata_Beverages_product,63,7012.562584713364,1403.6117530236108,252.9,9,85.0,97.0,82.0,115.0,81.75,86.5,69.0
2024,37,Beverages,Tata,Tata_Beverages_product,69,9498.946200115804,1637.4367439557714,262.0,9,63.0,85.0,97.0,82.0,78.5,83.25,92.0
2024,38,Beverages,Tata,Tata_Beverages_product,92,13312.257021962656,3005.1406619316963,283.76666666666665,9,69.0,63.0,85.0,97.0,77.25,85.0,106.0
2024,39,Beverages,Tata,Tata_Beverages_product,106,11043.70379141133,2461.0435009704465,252.55882352941177,9,92.0,69.0,63.0,85.0,82.5,88.625,105.0
2024,40,Beverages,Tata,Tata_Beverages_product,105,14139.878757467784,2796.595555324353,300.8285714285714,10,106.0,92.0,69.0,63.0,93.0,87.375,98.0
2024,41,Beverages,Tata,Tata_Beverages_product,98,13853.187254190445,2627.314849159351,297.02941176470586,10,105.0,106.0,92.0,69.0,100.25,89.375,98.0
2024,42,Beverages,Tata,Tata_Beverages_product,98,15262.649927638176,2729.0396710856935,319.06666666666666,10,98.0,105.0,106.0,92.0,101.75,89.5,128.0
2024,43,Beverages,Tata,Tata_Beverages_product,128,16886.780362584686,3774.2459989900412,285.8095238095238,10,98.0,98.0,105.0,106.0,107.25,94.875,117.0
2024,44,Beverages,Tata,Tata_Beverages_product,117,14406.861528043546,2592.385246228974,264.13157894736844,10,128.0,98.0,98.0,105.0,110.25,101.625,84.0
2024,45,Beverages,Tata,Tata_Beverages_product,84,12946.854260272132,2544.677190498026,275.68,11,117.0,128.0,98.0,98.0,106.75,103.5,91.0
2024,46,Beverages,Tata,Tata_Beverages_product,91,12737.294534952842,2697.9489471331967,288.1034482758621,11,84.0,117.0,128.0,98.0,105.0,103.375,94.0
2024,47,Beverages,Tata,Tata_Beverages_product,94,11603.069963084676,2077.2085689477676,287.09090909090907,11,91.0,84.0,117.0,128.0,96.5,101.875,110.0
2024,48,Beverages,Tata,Tata_Beverages_product,110,14533.12441638402,2735.237339163115,280.69444444444446,11,94.0,91.0,84.0,117.0,94.75,102.5,90.0
2024,49,Beverages,Tata,Tata_Beverages_product,90,10321.717579836793,1837.5823116249037,260.037037037037,12,110.0,94.0,91.0,84.0,96.25,101.5,78.0
2024,50,Beverages,Tata,Tata_Beverages_product,78,10620.404059931314,2065.743747084657,273.7878787878788,12,90.0,110.0,94.0,91.0,93.0,99.0,95.0
2024,51,Beverages,Tata,Tata_Beverages_product,95,11812.74929267227,2375.5835414997,274.4117647058824,12,78.0,90.0,110.0,94.0,93.25,94.875,89.0
2024,8,Dairy,Tata,Tata_Dairy_product,72,11281.63504568454,2439.0921528925387,285.0769230769231,2,82.0,69.0,67.0,95.0,72.5,81.375,91.0
2024,9,Dairy,Tata,Tata_Dairy_product,91,9733.850338666909,1550.7122444854729,252.4,3,72.0,82.0,69.0,67.0,78.5,82.125,135.0
2024,10,Dairy,Tata,Tata_Dairy_product,135,16517.74227320382,3209.4853671567344,290.6,3,91.0,72.0,82.0,69.0,95.0,86.5,67.0
2024,11,Dairy,Tata,Tata_Dairy_product,67,8633.20686942404,1823.4098475334258,238.29166666666666,3,135.0,91.0,72.0,82.0,91.25,84.75,87.0
2024,12,Dairy,Tata,Tata_Dairy_product,87,11193.659026169376,2639.633000450677,263.56666666666666,3,67.0,135.0,91.0,72.0,95.0,83.75,82.0
2024,13,Dairy,Tata,Tata_Dairy_product,82,10785.1652136268,1973.1430193868816,333.7142857142857,3,87.0,67.0,135.0,91.0,92.75,85.625,84.0
2024,14,Dairy,Tata,Tata_Dairy_product,84,11101.565399407616,2457.1853315622648,243.68,4,82.0,87.0,67.0,135.0,80.0,87.5,86.0
2024,15,Dairy,Tata,Tata_Dairy_product,86,9448.847755373832,2040.6288897701434,274.51612903225805,4,84.0,82.0,87.0,67.0,84.75,88.0,77.0
2024,16,Dairy,Tata,Tata_Dairy_product,77,10550.66313910358,1973.1476595234772,326.3333333333333,4,86.0,84.0,82.0,87.0,82.25,88.625,70.0
2024,17,Dairy,Tata,Tata_Dairy_product,70,8441.11903636152,1838.1268379227915,293.64,4,77.0,86.0,84.0,82.0,79.25,86.0,106.0
2024,18,Dairy,Tata,Tata_Dairy_product,106,11454.892309486902,2469.211836491501,241.575,4,70.0,77.0,86.0,84.0,84.75,82.375,96.0
2024,19,Dairy,Tata,Tata_Dairy_product,96,12263.472453701486,2391.026663616458,274.59375,5,106.0,70.0,77.0,86.0,87.25,86.0,67.0
2024,20,Dairy,Tata,Tata_Dairy_product,67,8267.909149684698,1944.44676597749,216.08333333333334,5,96.0,106.0,70.0,77.0,84.75,83.5,61.0
2024,21,Dairy,Tata,Tata_Dairy_product,61,7206.845851534796,1728.4347101961466,242.9,5,67.0,96.0,106.0,70.0,82.5,80.875,97.0
2024,22,Dairy,Tata,Tata_Dairy_product,97,14106.44792639026,3159.9331690224535,292.75,5,61.0,67.0,96.0,106.0,80.25,82.5,72.0
2024,23,Dairy,Tata,Tata_Dairy_product,72,8975.816807550254,1849.128972976192,283.76,6,97.0,61.0,67.0,96.0,74.25,80.75,89.0
2024,24,Dairy,Tata,Tata_Dairy_product,89,11058.093392259885,2370.1028426372986,283.7741935483871,6,72.0,97.0,61.0,67.0,79.75,82.25,74.0
2024,25,Dairy,Tata,Tata_Dairy_product,74,9767.776119498736,1902.963815669501,306.18518518518516,6,89.0,72.0,97.0,61.0,83.0,82.75,78.0
2024,26,Dairy,Tata,Tata_Dairy_product,78,8896.581506865394,1952.2953035133298,272.17241379310343,6,74.0,89.0,72.0,97.0,78.25,79.25,96.0
2024,27,Dairy,Tata,Tata_Dairy_product,96,14002.895254272267,3113.3217773614706,248.78125,7,78.0,74.0,89.0,72.0,84.25,79.25,83.0
2024,28,Dairy,Tata,Tata_Dairy_product,83,11032.540886198873,2364.361402497112,250.0,7,96.0,78.0,74.0,89.0,82.75,81.25,81.0
2024,29,Dairy,Tata,Tata_Dairy_product,81,8805.172291072371,1554.7101077426048,282.3448275862069,7,83.0,96.0,78.0,74.0,84.5,83.75,88.0
2024,30,Dairy,Tata,Tata_Dairy_product,88,10464.798825947388,1885.7482836087215,279.6296296296296,7,81.0,83.0,96.0,78.0,87.0,82.625,91.0
2024,31,Dairy,Tata,Tata_Dairy_product,91,11192.225160583179,1842.8731219688993,271.15625,7,88.0,81.0,83.0,96.0,85.75,85.0,73.0
2024,32,Dairy,Tata,Tata_Dairy_product,73,9520.636392521605,2119.6008469833837,211.23076923076923,8,91.0,88.0,81.0,83.0,83.25,83.0,97.0
2024,33,Dairy,Tata,Tata_Dairy_product,97,11353.320518055149,2251.37471186243,313.4,8,73.0,91.0,88.0,81.0,87.25,85.875,81.0
2024,34,Dairy,Tata,Tata_Dairy_product,81,14046.037768835251,2807.1517873778566,252.03703703703704,8,97.0,73.0,91.0,88.0,85.5,86.25,88.0
2024,35,Dairy,Tata,Tata_Dairy_product,88,12147.026313571607,2741.8449377316306,261.0,8,81.0,97.0,73.0,91.0,84.75,85.25,90.0
2024,36,Dairy,Tata,Tata_Dairy_product,90,11808.808776477099,1879.6892766388848,276.34615384615387,9,88.0,81.0,97.0,73.0,89.0,86.125,95.0
2024,37,Dairy,Tata,Tata_Dairy_product,95,11002.389979141155,2001.597661197102,296.46875,9,90.0,88.0,81.0,97.0,88.5,87.875,75.0
2024,38,Dairy,Tata,Tata_Dairy_product,75,10074.937278748352,1992.6198722006798,259.72,9,95.0,90.0,88.0,81.0,87.0,86.25,59.0
2024,39,Dairy,Tata,Tata_Dairy_product,59,8618.936610883326,1482.6127755088903,302.3,9,75.0,95.0,90.0,88.0,79.75,82.25,81.0
2024,40,Dairy,Tata,Tata_Dairy_product,81,11798.798278624055,2144.3373452377928,242.5909090909091,10,59.0,75.0,95.0,90.0,77.5,83.25,89.0
2024,41,Dairy,Tata,Tata_Dairy_product,89,12037.221982147,2548.5409430625396,288.35714285714283,10,81.0,59.0,75.0,95.0,76.0,82.25,97.0
2024,42,Dairy,Tata,Tata_Dairy_product,97,13389.962030470291,2477.2168570346175,271.3243243243243,10,89.0,81.0,59.0,75.0,81.5,84.25,103.0
2024,43,Dairy,Tata,Tata_Dairy_product,103,11592.247890667653,2317.2995122880307,309.55882352941177,10,97.0,89.0,81.0,59.0,92.5,86.125,54.0
2024,44,Dairy,Tata,Tata_Dairy_product,54,6151.413726842843,1215.0319143601728,288.8421052631579,10,103.0,97.0,89.0,81.0,85.75,81.625,67.0
2024,45,Dairy,Tata,Tata_Dairy_product,67,9847.307737464122,1990.4085991755778,293.125,11,54.0,103.0,97.0,89.0,80.25,78.125,103.0
2024,46,Dairy,Tata,Tata_Dairy_product,103,13178.592367555424,2885.3334476480713,289.37931034482756,11,67.0,54.0,103.0,97.0,81.75,81.625,84.0
2024,47,Dairy,Tata,Tata_Dairy_product,84,10493.593432330134,2005.389737528481,337.32142857142856,11,103.0,67.0,54.0,103.0,77.0,84.75,97.0
2024,48,Dairy,Tata,Tata_Dairy_product,97,12276.44708099285,2420.460568271153,281.0625,11,84.0,103.0,67.0,54.0,87.75,86.75,63.0
2024,49,Dairy,Tata,Tata_Dairy_product,63,6617.872540045886,1228.7482969830037,236.28571428571428,12,97.0,84.0,103.0,67.0,86.75,83.5,92.0
2024,50,Dairy,Tata,Tata_Dairy_product,92,11974.556112477703,2499.0319033103747,294.875,12,63.0,97.0,84.0,103.0,84.0,82.875,122.0
2024,51,Dairy,Tata,Tata_Dairy_product,122,17603.667807063353,3156.2487554589684,251.69767441860466,12,92.0,63.0,97.0,84.0,93.5,85.25,96.0
2024,8,Fruits,Tata,Tata_Fruits_product,87,10564.11082037597,1966.7936826452767,282.0689655172414,2,80.0,125.0,105.0,61.0,99.25,88.5,76.0
2024,9,Fruits,Tata,Tata_Fruits_product,76,8580.181359698638,1429.9981209333998,280.4583333333333,2,87.0,80.0,125.0,105.0,92.0,83.25,102.0
2024,10,Fruits,Tata,Tata_Fruits_product,102,12823.380418656952,2753.1385857519163,275.3030303030303,3,76.0,87.0,80.0,125.0,86.25,86.0,97.0
2024,11,Fruits,Tata,Tata_Fruits_product,97,11777.694519778433,2367.647250698638,231.875,3,102.0,76.0,87.0,80.0,90.5,91.625,111.0
2024,12,Fruits,Tata,Tata_Fruits_product,111,14651.614852565908,3105.2033414195794,242.76470588235293,3,97.0,102.0,76.0,87.0,96.5,97.875,92.0
2024,13,Fruits,Tata,Tata_Fruits_product,92,10673.23792942653,2050.2926365894587,301.6551724137931,3,111.0,97.0,102.0,76.0,100.5,96.25,107.0
2024,14,Fruits,Tata,Tata_Fruits_product,107,14820.933717565109,2975.025804287042,285.19354838709677,4,92.0,111.0,97.0,102.0,101.75,94.0,85.0
2024,15,Fruits,Tata,Tata_Fruits_product,85,11730.867809829359,2196.5600803292514,277.04,4,107.0,92.0,111.0,97.0,98.75,94.625,137.0
2024,16,Fruits,Tata,Tata_Fruits_product,137,17657.421180114325,3379.032353786474,232.76190476190476,4,85.0,107.0,92.0,111.0,105.25,100.875,75.0
2024,17,Fruits,Tata,Tata_Fruits_product,75,8662.81545183743,1964.5724780808669,298.88,4,137.0,85.0,107.0,92.0,101.0,100.75,92.0
2024,18,Fruits,Tata,Tata_Fruits_product,92,11185.635265456594,2011.9277099460155,288.61290322580646,5,75.0,137.0,85.0,107.0,97.25,99.5,106.0
2024,19,Fruits,Tata,Tata_Fruits_product,106,14883.50267144692,3072.9634234056825,274.45454545454544,5,92.0,75.0,137.0,85.0,102.5,100.625,74.0
2024,20,Fruits,Tata,Tata_Fruits_product,74,9201.020964675034,1849.5114691269873,268.5769230769231,5,106.0,92.0,75.0,137.0,86.75,96.0,88.0
2024,21,Fruits,Tata,Tata_Fruits_product,88,11308.004960285482,2328.2270521702258,284.6764705882353,5,74.0,106.0,92.0,75.0,90.0,95.5,81.0
2024,22,Fruits,Tata,Tata_Fruits_product,81,10477.672047830438,2015.1365061296854,263.3103448275862,5,88.0,74.0,106.0,92.0,87.25,92.25,108.0
2024,23,Fruits,Tata,Tata_Fruits_product,108,13013.9283575353,2700.9988633021894,259.7692307692308,6,81.0,88.0,74.0,106.0,87.75,95.125,102.0
2024,24,Fruits,Tata,Tata_Fruits_product,102,13945.353055898713,2727.7479275302203,266.38235294117646,6,108.0,81.0,88.0,74.0,94.75,90.75,113.0
2024,25,Fruits,Tata,Tata_Fruits_product,113,15303.926934244982,2798.814945402255,276.27027027027026,6,102.0,108.0,81.0,88.0,101.0,95.5,108.0
2024,26,Fruits,Tata,Tata_Fruits_product,108,15136.888009135288,3097.914698562887,247.71428571428572,6,113.0,102.0,108.0,81.0,107.75,97.5,102.0
2024,27,Fruits,Tata,Tata_Fruits_product,102,12740.805480008441,2434.5187937462815,277.375,7,108.0,113.0,102.0,108.0,106.25,97.0,115.0
2024,28,Fruits,Tata,Tata_Fruits_product,115,13573.255564010806,2385.417365072996,274.57894736842104,7,102.0,108.0,113.0,102.0,109.5,102.125,101.0
2024,29,Fruits,Tata,Tata_Fruits_product,101,15705.576817869998,3329.05452046486,300.77777777777777,7,115.0,102.0,108.0,113.0,106.5,103.75,118.0
2024,30,Fruits,Tata,Tata_Fruits_product,118,17861.68432263093,3674.7407255230883,289.6764705882353,7,101.0,115.0,102.0,108.0,109.0,108.375,70.0
2024,31,Fruits,Tata,Tata_Fruits_product,70,10109.307909675621,2116.200322421269,252.59259259259258,8,118.0,101.0,115.0,102.0,101.0,103.625,71.0
2024,32,Fruits,Tata,Tata_Fruits_product,71,10204.600900975354,2025.347006622168,241.41666666666666,8,70.0,118.0,101.0,115.0,90.0,99.75,59.0
2024,33,Fruits,Tata,Tata_Fruits_product,59,7984.085357360632,1599.7432137441106,248.66666666666666,8,71.0,70.0,118.0,101.0,79.5,93.0,98.0
2024,34,Fruits,Tata,Tata_Fruits_product,98,12010.388730903105,2494.934602766523,268.09375,8,59.0,71.0,70.0,118.0,74.5,91.75,76.0
2024,35,Fruits,Tata,Tata_Fruits_product,76,10155.847811699688,2233.777721256738,276.77777777777777,8,98.0,59.0,71.0,70.0,76.0,88.5,113.0
2024,36,Fruits,Tata,Tata_Fruits_product,113,11484.959016195498,2623.445098907643,277.75757575757575,9,76.0,98.0,59.0,71.0,86.5,88.25,101.0
2024,37,Fruits,Tata,Tata_Fruits_product,101,13668.138481254164,2909.6129026982712,287.40625,9,113.0,76.0,98.0,59.0,97.0,88.25,79.0
2024,38,Fruits,Tata,Tata_Fruits_product,79,10110.40075396358,1820.1774320064312,275.2307692307692,9,101.0,113.0,76.0,98.0,92.25,83.375,66.0
2024,39,Fruits,Tata,Tata_Fruits_product,66,8507.958458855648,1609.746023168499,265.75,9,79.0,101.0,113.0,76.0,89.75,82.875,97.0
2024,40,Fruits,Tata,Tata_Fruits_product,97,12682.684045239568,2333.1079968501053,274.2647058823529,9,66.0,79.0,101.0,113.0,85.75,86.125,117.0
2024,41,Fruits,Tata,Tata_Fruits_product,117,15705.258798246172,3101.8060256376916,279.1764705882353,10,97.0,66.0,79.0,101.0,89.75,93.375,97.0
2024,42,Fruits,Tata,Tata_Fruits_product,97,12511.195588057664,2281.1634218171152,261.9310344827586,10,117.0,97.0,66.0,79.0,94.25,93.25,138.0
2024,43,Fruits,Tata,Tata_Fruits_product,138,18888.665144267856,3489.6211215688513,271.2439024390244,10,97.0,117.0,97.0,66.0,112.25,101.0,89.0
2024,44,Fruits,Tata,Tata_Fruits_product,89,11429.30324365122,2493.434225770749,283.4,11,138.0,97.0,117.0,97.0,110.25,98.0,129.0
2024,45,Fruits,Tata,Tata_Fruits_product,129,20122.777318563243,4032.218025414628,263.8421052631579,11,89.0,138.0,97.0,117.0,113.25,101.5,82.0
2024,46,Fruits,Tata,Tata_Fruits_product,82,8930.107552464637,2016.704658303295,257.93333333333334,11,129.0,89.0,138.0,97.0,109.5,101.875,77.0
2024,47,Fruits,Tata,Tata_Fruits_product,77,8548.347087816357,1685.439622119266,225.0,11,82.0,129.0,89.0,138.0,94.25,103.25,97.0
2024,48,Fruits,Tata,Tata_Fruits_product,97,13188.656628186623,2589.7774092195386,263.46666666666664,11,77.0,82.0,129.0,89.0,96.25,103.25,137.0
2024,49,Fruits,Tata,Tata_Fruits_product,137,17776.783920865822,3376.5625060378225,292.54761904761904,12,97.0,77.0,82.0,129.0,98.25,105.75,87.0
2024,50,Fruits,Tata,Tata_Fruits_product,87,13074.9026906608,2766.075685804628,297.25,12,137.0,97.0,77.0,82.0,99.5,104.5,96.0
2024,51,Fruits,Tata,Tata_Fruits_product,96,9910.179170058947,1816.5211632934743,299.19354838709677,12,87.0,137.0,97.0,77.0,104.25,99.25,66.0
2024,8,Home Care,Tata,Tata_Home Care_product,57,9561.687278388323,1862.5100666708975,309.04761904761904,2,78.0,70.0,72.0,98.0,69.25,83.875,76.0
2024,9,Home Care,Tata,Tata_Home Care_product,76,10974.64625570807,2143.4653837207206,268.4166666666667,3,57.0,78.0,70.0,72.0,70.25,78.5,87.0
2024,10,Home Care,Tata,Tata_Home Care_product,87,10907.596647381819,2187.3621985495665,255.0,3,76.0,57.0,78.0,70.0,74.5,79.375,69.0
2024,11,Home Care,Tata,Tata_Home Care_product,69,9167.480566792367,1969.9061313712718,330.8095238095238,3,87.0,76.0,57.0,78.0,72.25,75.875,81.0
2024,12,Home Care,Tata,Tata_Home Care_product,81,9624.050164583517,2168.820498386209,331.03846153846155,3,69.0,87.0,76.0,57.0,78.25,73.75,109.0
2024,13,Home Care,Tata,Tata_Home Care_product,109,16026.593320716662,3329.4525873070706,282.0810810810811,3,81.0,69.0,87.0,76.0,86.5,78.375,99.0
2024,14,Home Care,Tata,Tata_Home Care_product,99,10875.095541363366,1974.814000607537,274.8235294117647,4,109.0,81.0,69.0,87.0,89.5,82.0,101.0
2024,15,Home Care,Tata,Tata_Home Care_product,101,10764.871995872643,1883.0512626460943,271.59375,4,99.0,109.0,81.0,69.0,97.5,84.875,59.0
2024,16,Home Care,Tata,Tata_Home Care_product,59,8378.48078203407,1774.1704270191915,274.2608695652174,4,101.0,99.0,109.0,81.0,92.0,85.125,68.0
2024,17,Home Care,Tata,Tata_Home Care_product,68,8758.933000049414,1650.1857340727597,281.85714285714283,4,59.0,101.0,99.0,109.0,81.75,84.125,86.0
2024,18,Home Care,Tata,Tata_Home Care_product,86,10969.125573915138,1968.044323946949,313.3666666666667,5,68.0,59.0,101.0,99.0,78.5,84.0,92.0
2024,19,Home Care,Tata,Tata_Home Care_product,92,10913.667171943995,2220.1517555641003,262.17857142857144,5,86.0,68.0,59.0,101.0,76.25,86.875,123.0
2024,20,Home Care,Tata,Tata_Home Care_product,123,14056.672762039443,3031.3966959139752,260.95454545454544,5,92.0,86.0,68.0,59.0,92.25,92.125,54.0
2024,21,Home Care,Tata,Tata_Home Care_product,54,6737.15821499287,1137.558694031005,311.1818181818182,5,123.0,92.0,86.0,68.0,88.75,85.25,96.0
2024,22,Home Care,Tata,Tata_Home Care_product,96,13369.760476799323,2689.736423741058,309.06451612903226,6,54.0,123.0,92.0,86.0,91.25,84.875,100.0
2024,23,Home Care,Tata,Tata_Home Care_product,100,11049.115451267295,2245.2977285233546,291.4848484848485,6,96.0,54.0,123.0,92.0,93.25,84.75,112.0
2024,24,Home Care,Tata,Tata_Home Care_product,112,14362.47634722475,2935.3518697830546,295.6470588235294,6,100.0,96.0,54.0,123.0,90.5,91.375,111.0
2024,25,Home Care,Tata,Tata_Home Care_product,111,15418.718229081815,2744.2759366158784,274.5135135135135,6,112.0,100.0,96.0,54.0,104.75,96.75,79.0
2024,26,Home Care,Tata,Tata_Home Care_product,79,12110.585808166623,2384.11460891033,302.2142857142857,6,111.0,112.0,100.0,96.0,100.5,95.875,89.0
2024,27,Home Care,Tata,Tata_Home Care_product,89,12007.943245123255,2324.327167507298,271.2121212121212,7,79.0,111.0,112.0,100.0,97.75,95.5,84.0
2024,28,Home Care,Tata,Tata_Home Care_product,84,9625.022946867057,2103.2082853223296,269.06060606060606,7,89.0,79.0,111.0,112.0,90.75,90.625,106.0
2024,29,Home Care,Tata,Tata_Home Care_product,106,15449.292591225621,3194.984119645637,289.7878787878788,7,84.0,89.0,79.0,111.0,89.5,97.125,60.0
2024,30,Home Care,Tata,Tata_Home Care_product,60,6760.300485414573,1459.6679624233354,286.4,7,106.0,84.0,89.0,79.0,84.75,92.625,66.0
2024,31,Home Care,Tata,Tata_Home Care_product,66,10300.177060546432,2157.2680062504282,260.23809523809524,8,60.0,106.0,84.0,89.0,79.0,88.375,116.0
2024,32,Home Care,Tata,Tata_Home Care_product,116,13969.533249892263,2549.585379439252,243.175,8,66.0,60.0,106.0,84.0,87.0,88.875,80.0
2024,33,Home Care,Tata,Tata_Home Care_product,80,8229.279500998822,1571.9612738130031,254.40740740740742,8,116.0,66.0,60.0,106.0,80.5,85.0,98.0
2024,34,Home Care,Tata,Tata_Home Care_product,98,11486.867628517548,2055.6738943607893,278.6551724137931,8,80.0,116.0,66.0,60.0,90.0,87.375,60.0
2024,35,Home Care,Tata,Tata_Home Care_product,60,7514.925710252214,1673.9414105540338,276.0625,8,98.0,80.0,116.0,66.0,88.5,83.75,101.0
2024,36,Home Care,Tata,Tata_Home Care_product,101,12281.24757841939,2774.473118615337,290.22857142857146,9,60.0,98.0,80.0,116.0,84.75,85.875,92.0
2024,37,Home Care,Tata,Tata_Home Care_product,92,14137.21622759514,2841.338394824915,299.375,9,101.0,60.0,98.0,80.0,87.75,84.125,91.0
2024,38,Home Care,Tata,Tata_Home Care_product,91,12351.944616474384,2357.709525024785,260.7931034482759,9,92.0,101.0,60.0,98.0,86.0,88.0,101.0
2024,39,Home Care,Tata,Tata_Home Care_product,101,12279.862773320587,2199.8600433948313,307.875,9,91.0,92.0,101.0,60.0,96.25,92.375,81.0
2024,40,Home Care,Tata,Tata_Home Care_product,81,8751.237120408648,1698.2735277030993,257.25,10,101.0,91.0,92.0,101.0,91.25,88.0,99.0
2024,41,Home Care,Tata,Tata_Home Care_product,99,12019.307455793336,2623.0296641100513,255.6875,10,81.0,101.0,91.0,92.0,93.0,90.375,77.0
2024,42,Home Care,Tata,Tata_Home Care_product,77,11348.43168492553,2660.807360026276,257.11538461538464,10,99.0,81.0,101.0,91.0,89.5,87.75,92.0
2024,43,Home Care,Tata,Tata_Home Care_product,92,10902.291443908229,1712.345535923158,311.6333333333333,10,77.0,99.0,81.0,101.0,87.25,91.75,76.0
2024,44,Home Care,Tata,Tata_Home Care_product,76,11814.660606347812,2794.2899974920415,310.7692307692308,10,92.0,77.0,99.0,81.0,86.0,88.625,75.0
2024,45,Home Care,Tata,Tata_Home Care_product,75,9384.583284203525,2058.267818928902,202.91304347826087,11,76.0,92.0,77.0,99.0,80.0,86.5,109.0
2024,46,Home Care,Tata,Tata_Home Care_product,109,15937.647096166793,3231.33439658473,272.93939393939394,11,75.0,76.0,92.0,77.0,88.0,88.75,104.0
2024,47,Home Care,Tata,Tata_Home Care_product,104,13379.939121531635,2636.133708381495,273.38235294117646,11,109.0,75.0,76.0,92.0,91.0,89.125,81.0
2024,48,Home Care,Tata,Tata_Home Care_product,81,10107.980380432484,2010.9204599363468,268.3076923076923,11,104.0,109.0,75.0,76.0,92.25,89.125,97.0
2024,49,Home Care,Tata,Tata_Home Care_product,97,13428.429928649206,2730.704655804537,273.4516129032258,12,81.0,104.0,109.0,75.0,97.75,88.875,101.0
2024,50,Home Care,Tata,Tata_Home Care_product,101,12524.892343799402,2255.8553058630205,284.4871794871795,12,97.0,81.0,104.0,109.0,95.75,91.875,127.0
2024,51,Home Care,Tata,Tata_Home Care_product,127,15371.088956111233,3010.2916916012814,288.0,12,101.0,97.0,81.0,104.0,101.5,96.25,116.0
2024,8,Personal Care,Tata,Tata_Personal Care_product,86,9957.606364085543,1892.1536616125136,279.51851851851853,2,61.0,95.0,95.0,108.0,84.25,94.875,88.0
2024,9,Personal Care,Tata,Tata_Personal Care_product,88,10355.589090866586,2212.5985589341744,278.4117647058824,3,86.0,61.0,95.0,95.0,82.5,90.875,97.0
2024,10,Personal Care,Tata,Tata_Personal Care_product,97,12164.7418668242,2570.229297873502,286.5483870967742,3,88.0,86.0,61.0,95.0,83.0,91.125,98.0
2024,11,Personal Care,Tata,Tata_Personal Care_product,98,12679.435720006026,2644.3245501021643,285.25,3,97.0,88.0,86.0,61.0,92.25,91.0,73.0
2024,12,Personal Care,Tata,Tata_Personal Care_product,73,9680.875557519592,1770.8338804117143,263.9130434782609,3,98.0,97.0,88.0,86.0,89.0,86.625,84.0
2024,13,Personal Care,Tata,Tata_Personal Care_product,84,11151.465542710117,2391.3382873081987,271.56666666666666,3,73.0,98.0,97.0,88.0,88.0,85.25,103.0
2024,14,Personal Care,Tata,Tata_Personal Care_product,103,14150.274669656226,2556.5912664253387,272.5483870967742,4,84.0,73.0,98.0,97.0,89.5,86.25,70.0
2024,15,Personal Care,Tata,Tata_Personal Care_product,70,7995.404566228545,1338.180572399032,256.88461538461536,4,103.0,84.0,73.0,98.0,82.5,87.375,60.0
2024,16,Personal Care,Tata,Tata_Personal Care_product,60,8734.742328028495,1641.2131327577372,287.72727272727275,4,70.0,103.0,84.0,73.0,79.25,84.125,78.0
2024,17,Personal Care,Tata,Tata_Personal Care_product,78,9722.711611614668,1966.3873954021644,271.15384615384613,4,60.0,70.0,103.0,84.0,77.75,82.875,77.0
2024,18,Personal Care,Tata,Tata_Personal Care_product,77,10970.659885519723,2208.0490015215564,244.68965517241378,4,78.0,60.0,70.0,103.0,71.25,80.375,84.0
2024,19,Personal Care,Tata,Tata_Personal Care_product,84,10032.86726704174,1844.7129548187897,261.037037037037,5,77.0,78.0,60.0,70.0,74.75,78.625,104.0
2024,20,Personal Care,Tata,Tata_Personal Care_product,104,13970.019971679832,2704.53671578844,261.89473684210526,5,84.0,77.0,78.0,60.0,85.75,82.5,121.0
2024,21,Personal Care,Tata,Tata_Personal Care_product,121,16277.716820120859,3418.5730165800974,296.75,5,104.0,84.0,77.0,78.0,96.5,87.125,74.0
2024,22,Personal Care,Tata,Tata_Personal Care_product,74,9611.846498079423,1809.0423961164552,282.55172413793105,5,121.0,104.0,84.0,77.0,95.75,83.5,113.0
2024,23,Personal Care,Tata,Tata_Personal Care_product,113,14862.437367090737,2610.308475657084,270.6764705882353,6,74.0,121.0,104.0,84.0,103.0,88.875,87.0
2024,24,Personal Care,Tata,Tata_Personal Care_product,87,10935.341198256647,2164.9497592202947,244.3448275862069,6,113.0,74.0,121.0,104.0,98.75,92.25,105.0
2024,25,Personal Care,Tata,Tata_Personal Care_product,105,15530.49550798349,3306.460417350431,283.2857142857143,6,87.0,113.0,74.0,121.0,94.75,95.625,86.0
2024,26,Personal Care,Tata,Tata_Personal Care_product,86,12199.672558737853,2526.6605525518357,269.4,6,105.0,87.0,113.0,74.0,97.75,96.75,88.0
2024,27,Personal Care,Tata,Tata_Personal Care_product,88,11310.975695237385,2163.787123209175,264.7096774193548,7,86.0,105.0,87.0,113.0,91.5,97.25,89.0
2024,28,Personal Care,Tata,Tata_Personal Care_product,89,12206.456859006954,2109.7280109631506,275.97058823529414,7,88.0,86.0,105.0,87.0,92.0,95.375,61.0
2024,29,Personal Care,Tata,Tata_Personal Care_product,61,6612.933328631802,1233.7849830172886,300.15384615384613,7,89.0,88.0,86.0,105.0,81.0,87.875,81.0
2024,30,Personal Care,Tata,Tata_Personal Care_product,81,9413.873123546731,1996.2750812795134,266.2258064516129,7,61.0,89.0,88.0,86.0,79.75,88.75,111.0
2024,31,Personal Care,Tata,Tata_Personal Care_product,111,15727.233245186704,2912.1917344818476,310.88235294117646,7,81.0,61.0,89.0,88.0,85.5,88.5,111.0
2024,32,Personal Care,Tata,Tata_Personal Care_product,111,12308.406617792652,2658.6657502742346,249.64102564102564,8,111.0,81.0,61.0,89.0,91.0,91.5,88.0
2024,33,Personal Care,Tata,Tata_Personal Care_product,88,9770.11976104256,1526.0517306286818,245.28571428571428,8,111.0,111.0,81.0,61.0,97.75,89.375,107.0
2024,34,Personal Care,Tata,Tata_Personal Care_product,107,12768.634084799694,2337.029143482656,269.8181818181818,8,88.0,111.0,111.0,81.0,104.25,92.0,104.0
2024,35,Personal Care,Tata,Tata_Personal Care_product,104,13207.280632128826,2994.1037498036976,274.4193548387097,8,107.0,88.0,111.0,111.0,102.5,94.0,96.0
2024,36,Personal Care,Tata,Tata_Personal Care_product,96,11381.418694349313,2278.202760327177,275.0,9,104.0,107.0,88.0,111.0,98.75,94.875,96.0
2024,37,Personal Care,Tata,Tata_Personal Care_product,96,12014.526895131243,2632.067677059455,267.13793103448273,9,96.0,104.0,107.0,88.0,100.75,99.25,92.0
2024,38,Personal Care,Tata,Tata_Personal Care_product,92,12598.112221952497,2611.683233976003,285.57575757575756,9,96.0,96.0,104.0,107.0,97.0,100.625,91.0
2024,39,Personal Care,Tata,Tata_Personal Care_product,91,8609.498002540617,1787.4020158541657,257.90909090909093,9,92.0,96.0,96.0,104.0,93.75,98.125,89.0
2024,40,Personal Care,Tata,Tata_Personal Care_product,89,10612.988950466559,2334.155289167507,226.44444444444446,10,91.0,92.0,96.0,96.0,92.0,95.375,104.0
2024,41,Personal Care,Tata,Tata_Personal Care_product,104,11875.380257126893,2245.565769639467,278.6,10,89.0,91.0,92.0,96.0,94.0,97.375,110.0
2024,42,Personal Care,Tata,Tata_Personal Care_product,110,12391.452542979174,2158.588983966605,301.74285714285713,10,104.0,89.0,91.0,92.0,98.5,97.75,64.0
2024,43,Personal Care,Tata,Tata_Personal Care_product,64,8713.79114009246,1561.9729913680364,265.75,10,110.0,104.0,89.0,91.0,91.75,92.75,52.0
2024,44,Personal Care,Tata,Tata_Personal Care_product,52,7392.962635407355,1714.9788665067686,275.7894736842105,11,64.0,110.0,104.0,89.0,82.5,87.25,90.0
2024,45,Personal Care,Tata,Tata_Personal Care_product,90,11873.614199372212,2529.234123467324,281.2068965517241,11,52.0,64.0,110.0,104.0,79.0,86.5,101.0
2024,46,Personal Care,Tata,Tata_Personal Care_product,101,14770.407773769653,2722.901253666511,243.975,11,90.0,52.0,64.0,110.0,76.75,87.625,84.0
2024,47,Personal Care,Tata,Tata_Personal Care_product,84,9569.485173121266,2026.686627093632,246.56666666666666,11,101.0,90.0,52.0,64.0,81.75,86.75,112.0
2024,48,Personal Care,Tata,Tata_Personal Care_product,112,14969.286116998415,2816.513154195809,261.1714285714286,11,84.0,101.0,90.0,52.0,96.75,89.625,109.0
2024,49,Personal Care,Tata,Tata_Personal Care_product,109,15372.198717131474,3183.1184724265286,266.1515151515151,12,112.0,84.0,101.0,90.0,101.5,90.25,85.0
2024,50,Personal Care,Tata,Tata_Personal Care_product,85,10625.21999612568,2293.424415574363,309.62068965517244,12,109.0,112.0,84.0,101.0,97.5,87.125,95.0
2024,51,Personal Care,Tata,Tata_Personal Care_product,95,13264.245829332307,2863.451175904336,292.78125,12,85.0,109.0,112.0,84.0,100.25,91.0,85.0
2024,8,Snacks,Tata,Tata_Snacks_product,121,17803.677549845423,3339.2872949356765,267.75,2,76.0,102.0,72.0,105.0,92.75,91.5,95.0
2024,9,Snacks,Tata,Tata_Snacks_product,95,11555.750843092746,2314.8003358146875,275.83870967741933,2,121.0,76.0,102.0,72.0,98.5,91.875,96.0
2024,10,Snacks,Tata,Tata_Snacks_product,96,13224.077402812909,2334.571180169133,303.0357142857143,3,95.0,121.0,76.0,102.0,97.0,92.125,71.0
2024,11,Snacks,Tata,Tata_Snacks_product,71,9440.21237205473,1832.0212373112076,304.3333333333333,3,96.0,95.0,121.0,76.0,95.75,92.25,81.0
2024,12,Snacks,Tata,Tata_Snacks_product,81,11416.71367921234,2339.678354415962,260.48387096774195,3,71.0,96.0,95.0,121.0,85.75,89.25,121.0
2024,13,Snacks,Tata,Tata_Snacks_product,121,18249.12956475583,4019.6492746967792,256.725,3,81.0,71.0,96.0,95.0,92.25,95.375,121.0
2024,14,Snacks,Tata,Tata_Snacks_product,121,17296.832799552856,3598.63116005527,248.25,4,121.0,81.0,71.0,96.0,98.5,97.75,92.0
2024,15,Snacks,Tata,Tata_Snacks_product,92,13528.216784464777,2333.85761581715,289.09090909090907,4,121.0,121.0,81.0,71.0,103.75,99.75,104.0
2024,16,Snacks,Tata,Tata_Snacks_product,104,12704.184038937145,2254.2757231162773,339.26666666666665,4,92.0,121.0,121.0,81.0,109.5,97.625,72.0
2024,17,Snacks,Tata,Tata_Snacks_product,72,11791.64001530628,2526.5261670794603,339.28,4,104.0,92.0,121.0,121.0,97.25,94.75,78.0
2024,18,Snacks,Tata,Tata_Snacks_product,78,11235.97675862415,2522.422079080537,304.2413793103448,5,72.0,104.0,92.0,121.0,86.5,92.5,77.0
2024,19,Snacks,Tata,Tata_Snacks_product,77,10839.817611949533,2126.0800850923865,221.03846153846155,5,78.0,72.0,104.0,92.0,82.75,93.25,89.0
2024,20,Snacks,Tata,Tata_Snacks_product,89,12254.34285023802,2532.3553659669633,279.7037037037037,5,77.0,78.0,72.0,104.0,79.0,94.25,102.0
2024,21,Snacks,Tata,Tata_Snacks_product,102,14647.009339466798,3321.869176074044,286.3030303030303,5,89.0,77.0,78.0,72.0,86.5,91.875,95.0
2024,22,Snacks,Tata,Tata_Snacks_product,95,14160.003935603663,2631.6794906453206,235.45454545454547,5,102.0,89.0,77.0,78.0,90.75,88.625,93.0
2024,23,Snacks,Tata,Tata_Snacks_product,93,11972.338463796825,2397.4485482989785,275.8787878787879,6,95.0,102.0,89.0,77.0,94.75,88.75,85.0
2024,24,Snacks,Tata,Tata_Snacks_product,85,10777.600652010726,2202.352661699041,315.5925925925926,6,93.0,95.0,102.0,89.0,93.75,86.375,82.0
2024,25,Snacks,Tata,Tata_Snacks_product,82,10817.351972654254,2145.831088788361,282.17241379310343,6,85.0,93.0,95.0,102.0,88.75,87.625,85.0
2024,26,Snacks,Tata,Tata_Snacks_product,85,12390.996440257662,2388.290798032978,293.77777777777777,6,82.0,85.0,93.0,95.0,86.25,88.5,91.0
2024,27,Snacks,Tata,Tata_Snacks_product,91,13306.852365507035,2652.3725805206573,260.07142857142856,7,85.0,82.0,85.0,93.0,85.75,90.25,99.0
2024,28,Snacks,Tata,Tata_Snacks_product,99,13082.430067960813,2160.789312557377,301.75,7,91.0,85.0,82.0,85.0,89.25,91.5,58.0
2024,29,Snacks,Tata,Tata_Snacks_product,58,7377.063038061604,1500.3793170782524,278.22727272727275,7,99.0,91.0,85.0,82.0,83.25,86.0,108.0
2024,30,Snacks,Tata,Tata_Snacks_product,108,15862.14215684189,3190.7963289030226,277.5365853658537,7,58.0,99.0,91.0,85.0,89.0,87.625,80.0
2024,31,Snacks,Tata,Tata_Snacks_product,80,10346.962603498845,2058.7201434249782,266.3448275862069,7,108.0,58.0,99.0,91.0,86.25,86.0,94.0
2024,32,Snacks,Tata,Tata_Snacks_product,94,10142.652261718153,1918.6331881859473,239.3793103448276,8,80.0,108.0,58.0,99.0,85.0,87.125,66.0
2024,33,Snacks,Tata,Tata_Snacks_product,66,8624.192755840604,1601.9862769163708,280.125,8,94.0,80.0,108.0,58.0,87.0,85.125,84.0
2024,34,Snacks,Tata,Tata_Snacks_product,84,9841.909520200246,2184.559950609573,231.92307692307693,8,66.0,94.0,80.0,108.0,81.0,85.0,85.0
2024,35,Snacks,Tata,Tata_Snacks_product,85,10598.057918156403,1876.1861013352404,287.48148148148147,9,84.0,66.0,94.0,80.0,82.25,84.25,95.0
2024,36,Snacks,Tata,Tata_Snacks_product,95,12869.256702104261,2585.53652123165,296.6,9,85.0,84.0,66.0,94.0,82.5,83.75,82.0
2024,37,Snacks,Tata,Tata_Snacks_product,82,10019.80073812259,1875.8024075115823,247.36666666666667,9,95.0,85.0,84.0,66.0,86.5,86.75,94.0
2024,38,Snacks,Tata,Tata_Snacks_product,94,12850.060380858016,2985.7941470040378,306.76666666666665,9,82.0,95.0,85.0,84.0,89.0,85.0,88.0
2024,39,Snacks,Tata,Tata_Snacks_product,88,12527.839143422072,2484.907824706354,294.53125,9,94.0,82.0,95.0,85.0,89.75,86.0,109.0
2024,40,Snacks,Tata,Tata_Snacks_product,109,12203.679674147066,2234.0316530879127,255.6216216216216,10,88.0,94.0,82.0,95.0,93.25,87.875,105.0
2024,41,Snacks,Tata,Tata_Snacks_product,105,13948.397482011726,2599.2597567309454,280.1081081081081,10,109.0,88.0,94.0,82.0,99.0,92.75,99.0
2024,42,Snacks,Tata,Tata_Snacks_product,99,13090.804966582857,2731.7009865327227,256.4848484848485,10,105.0,109.0,88.0,94.0,100.25,94.625,48.0
2024,43,Snacks,Tata,Tata_Snacks_product,48,5820.501695419541,1170.1271061840257,238.9375,10,99.0,105.0,109.0,88.0,90.25,90.0,86.0
2024,44,Snacks,Tata,Tata_Snacks_product,86,10182.47659704143,1945.7905087878821,275.07142857142856,10,48.0,99.0,105.0,109.0,84.5,88.875,82.0
2024,45,Snacks,Tata,Tata_Snacks_product,82,12548.807049038009,2669.6574157278515,286.5357142857143,11,86.0,48.0,99.0,105.0,78.75,88.875,116.0
2024,46,Snacks,Tata,Tata_Snacks_product,116,15614.524776667613,3321.6511147240194,258.97435897435895,11,82.0,86.0,48.0,99.0,83.0,91.625,80.0
2024,47,Snacks,Tata,Tata_Snacks_product,80,10102.850354918593,2002.5089051475775,286.1290322580645,11,116.0,82.0,86.0,48.0,91.0,90.625,71.0
2024,48,Snacks,Tata,Tata_Snacks_product,71,9542.492219216083,2115.4867329844,272.36,12,80.0,116.0,82.0,86.0,87.25,85.875,83.0
2024,49,Snacks,Tata,Tata_Snacks_product,83,9571.216059834083,2249.018297212634,267.8125,12,71.0,80.0,116.0,82.0,87.5,83.125,86.0
2024,50,Snacks,Tata,Tata_Snacks_product,86,10824.18307922862,2253.022360126507,310.57142857142856,12,83.0,71.0,80.0,116.0,80.0,81.5,87.0
2024,51,Snacks,Tata,Tata_Snacks_product,87,11923.05922985227,2258.8561590923664,266.43333333333334,12,86.0,83.0,71.0,80.0,81.75,86.375,85.0
2024,8,Vegetables,Tata,Tata_Vegetables_product,73,10192.57894649,2078.702225561148,200.1153846153846,2,124.0,117.0,71.0,123.0,96.25,99.375,54.0
2024,9,Vegetables,Tata,Tata_Vegetables_product,54,6810.188052964928,1312.6345547069454,238.26315789473685,3,73.0,124.0,117.0,71.0,92.0,91.0,87.0
2024,10,Vegetables,Tata,Tata_Vegetables_product,87,10732.611402692994,1824.3040026905155,272.41379310344826,3,54.0,73.0,124.0,117.0,84.5,92.375,75.0
2024,11,Vegetables,Tata,Tata_Vegetables_product,75,9905.917070340172,1838.967153758278,299.0740740740741,3,87.0,54.0,73.0,124.0,72.25,90.5,65.0
2024,12,Vegetables,Tata,Tata_Vegetables_product,65,7444.466339155401,1660.4695589363353,252.82608695652175,3,75.0,87.0,54.0,73.0,70.25,83.25,75.0
2024,13,Vegetables,Tata,Tata_Vegetables_product,75,10719.814038011717,2449.00759090493,343.76,3,65.0,75.0,87.0,54.0,75.5,83.75,121.0
2024,14,Vegetables,Tata,Tata_Vegetables_product,121,15483.191253357265,3280.996815119646,256.43243243243245,4,75.0,65.0,75.0,87.0,84.0,84.25,68.0
2024,15,Vegetables,Tata,Tata_Vegetables_product,68,8423.833934091957,1660.0354228939484,278.5,4,121.0,75.0,65.0,75.0,82.25,77.25,96.0
2024,16,Vegetables,Tata,Tata_Vegetables_product,96,13551.708037133081,2507.1540852148482,276.22222222222223,4,68.0,121.0,75.0,65.0,90.0,80.125,94.0
2024,17,Vegetables,Tata,Tata_Vegetables_product,94,11554.780097262015,2203.0872414397318,237.74193548387098,4,96.0,68.0,121.0,75.0,94.75,85.125,63.0
2024,18,Vegetables,Tata,Tata_Vegetables_product,63,8746.904129054272,1860.096370050061,290.2916666666667,5,94.0,96.0,68.0,121.0,80.25,82.125,89.0
2024,19,Vegetables,Tata,Tata_Vegetables_product,89,9440.003072498403,1936.8652840509938,284.4,5,63.0,94.0,96.0,68.0,85.5,83.875,106.0
2024,20,Vegetables,Tata,Tata_Vegetables_product,106,11825.188344655002,2596.4601698222473,288.5121951219512,5,89.0,63.0,94.0,96.0,88.0,89.0,111.0
2024,21,Vegetables,Tata,Tata_Vegetables_product,111,14726.347277727442,2950.581993410716,288.0882352941176,5,106.0,89.0,63.0,94.0,92.25,93.5,100.0
2024,22,Vegetables,Tata,Tata_Vegetables_product,100,11102.379597676023,1941.0203257244289,312.44117647058823,5,111.0,106.0,89.0,63.0,101.5,90.875,84.0
2024,23,Vegetables,Tata,Tata_Vegetables_product,84,9745.775336668374,1900.2663995142657,227.77777777777777,6,100.0,111.0,106.0,89.0,100.25,92.875,103.0
2024,24,Vegetables,Tata,Tata_Vegetables_product,103,13473.6912099825,2582.269610613754,296.5882352941176,6,84.0,100.0,111.0,106.0,99.5,93.75,107.0
2024,25,Vegetables,Tata,Tata_Vegetables_product,107,16216.14254153142,3449.342435603839,208.70967741935485,6,103.0,84.0,100.0,111.0,98.5,95.375,99.0
2024,26,Vegetables,Tata,Tata_Vegetables_product,99,13858.61669126042,2574.373168228314,261.5,6,107.0,103.0,84.0,100.0,98.25,99.875,68.0
2024,27,Vegetables,Tata,Tata_Vegetables_product,68,8378.307972063065,1769.4937952885373,253.7391304347826,7,99.0,107.0,103.0,84.0,94.25,97.25,71.0
2024,28,Vegetables,Tata,Tata_Vegetables_product,71,6990.752534441886,1257.8644449108867,259.0,7,68.0,99.0,107.0,103.0,86.25,92.875,96.0
2024,29,Vegetables,Tata,Tata_Vegetables_product,96,13374.898824275891,3089.1154920421986,278.96774193548384,7,71.0,68.0,99.0,107.0,83.5,91.0,76.0
2024,30,Vegetables,Tata,Tata_Vegetables_product,76,9158.878564067934,1690.804222375049,266.5925925925926,7,96.0,71.0,68.0,99.0,77.75,88.0,80.0
2024,31,Vegetables,Tata,Tata_Vegetables_product,80,10764.965695536177,2372.949744290132,312.67857142857144,8,76.0,96.0,71.0,68.0,80.75,87.5,108.0
2024,32,Vegetables,Tata,Tata_Vegetables_product,108,13603.833128283613,2604.264224130001,298.69444444444446,8,80.0,76.0,96.0,71.0,90.0,88.125,82.0
2024,33,Vegetables,Tata,Tata_Vegetables_product,82,9513.70069255063,1544.1823261578159,281.55555555555554,8,108.0,80.0,76.0,96.0,86.5,85.0,88.0
2024,34,Vegetables,Tata,Tata_Vegetables_product,88,15069.804443812216,3275.987292585202,278.14814814814815,8,82.0,108.0,80.0,76.0,89.5,83.625,90.0
2024,35,Vegetables,Tata,Tata_Vegetables_product,90,12561.491301513706,2482.2685216235845,252.66666666666666,8,88.0,82.0,108.0,80.0,92.0,86.375,103.0
2024,36,Vegetables,Tata,Tata_Vegetables_product,103,11995.381689802594,2201.534446410768,294.1515151515151,9,90.0,88.0,82.0,108.0,90.75,90.375,80.0
2024,37,Vegetables,Tata,Tata_Vegetables_product,80,9734.079339293781,1944.6014755085416,236.25,9,103.0,90.0,88.0,82.0,90.25,88.375,96.0
2024,38,Vegetables,Tata,Tata_Vegetables_product,96,13710.757992694564,3111.1565621005575,296.6774193548387,9,80.0,103.0,90.0,88.0,92.25,90.875,64.0
2024,39,Vegetables,Tata,Tata_Vegetables_product,64,8032.64812438607,1503.0241588067302,263.0869565217391,9,96.0,80.0,103.0,90.0,85.75,88.875,76.0
2024,40,Vegetables,Tata,Tata_Vegetables_product,76,11226.878043120712,2408.2730290553864,299.08,10,64.0,96.0,80.0,103.0,79.0,84.875,99.0
2024,41,Vegetables,Tata,Tata_Vegetables_product,99,12113.968011455627,2165.610639723366,323.29411764705884,10,76.0,64.0,96.0,80.0,83.75,87.0,104.0
2024,42,Vegetables,Tata,Tata_Vegetables_product,104,12007.652587211363,2387.783590396828,287.8484848484849,10,99.0,76.0,64.0,96.0,85.75,89.0,80.0
2024,43,Vegetables,Tata,Tata_Vegetables_product,80,9358.581216698936,1806.0923844321367,276.88461538461536,10,104.0,99.0,76.0,64.0,89.75,87.75,88.0
2024,44,Vegetables,Tata,Tata_Vegetables_product,88,14113.954915257746,2901.034366532219,264.26666666666665,11,80.0,104.0,99.0,76.0,92.75,85.875,73.0
2024,45,Vegetables,Tata,Tata_Vegetables_product,73,9469.606044994169,1992.6319850431737,314.5,11,88.0,80.0,104.0,99.0,86.25,85.0,93.0
2024,46,Vegetables,Tata,Tata_Vegetables_product,93,11831.892519315921,2753.906571100606,274.03225806451616,11,73.0,88.0,80.0,104.0,83.5,84.625,119.0
2024,47,Vegetables,Tata,Tata_Vegetables_product,119,17952.24771278492,3616.9062900298327,283.5135135135135,11,93.0,73.0,88.0,80.0,93.25,91.5,67.0
2024,48,Vegetables,Tata,Tata_Vegetables_product,67,9476.073861146642,1471.3068508929698,248.375,12,119.0,93.0,73.0,88.0,88.0,90.375,73.0
2024,49,Vegetables,Tata,Tata_Vegetables_product,73,10126.629461185737,2162.741692639242,226.8846153846154,12,67.0,119.0,93.0,73.0,88.0,87.125,66.0
2024,50,Vegetables,Tata,Tata_Vegetables_product,66,7836.474949258338,1244.7678126461342,254.84615384615384,12,73.0,67.0,119.0,93.0,81.25,82.375,78.0
2024,51,Vegetables,Tata,Tata_Vegetables_product,78,11156.265527476402,2225.162635835941,233.96,12,66.0,73.0,67.0,119.0,71.0,82.125,63.0
